Parameter,Reference,Iteration,Value,Attribute,smirks,SMIRKS
n2,1.48419980825,0,1.48419980825,rmin_half,[#1:1]-[#6X4],[#1:1]-[#6X4]
n3,1.449786411317,0,1.449786411317,rmin_half,"[#1:1]-[#6X4]-[#7,#8,#9,#16,#17,#35]",[#1:1]-[#6X4]-[ENA]
n4,1.287,0,1.287,rmin_half,"[#1:1]-[#6X4](-[#7,#8,#9,#16,#17,#35])-[#7,#8,#9,#16,#17,#35]",[#1:1]-[#6X4](-[ENA])-[ENA]
n5,1.187,0,1.187,rmin_half,"[#1:1]-[#6X4](-[#7,#8,#9,#16,#17,#35])(-[#7,#8,#9,#16,#17,#35])-[#7,#8,#9,#16,#17,#35]",[#1:1]-[#6X4](-[ENA])(-[ENA])-[ENA]
n7,1.443812569645,0,1.443812569645,rmin_half,[#1:1]-[#6X3],[#1:1]-[#6X3]
n8,1.377051329051,0,1.377051329051,rmin_half,"[#1:1]-[#6X3]~[#7,#8,#9,#16,#17,#35]",[#1:1]-[#6X3]~[ENA]
n9,1.370482808197,0,1.370482808197,rmin_half,"[#1:1]-[#6X3](~[#7,#8,#9,#16,#17,#35])~[#7,#8,#9,#16,#17,#35]",[#1:1]-[#6X3](~[ENA])~[ENA]
n11,0.6192778454102,0,0.6192778454102,rmin_half,[#1:1]-[#7],[#1:1]-[#7]
n12,0.2999999999997,0,0.2999999999997,rmin_half,[#1:1]-[#8],[#1:1]-[#8]
n14,1.953447017081,0,1.953447017081,rmin_half,[#6:1],[#6:1]
n15,1.908,0,1.908,rmin_half,[#6X2:1],[#6X2:1]
n16,1.896698071741,0,1.896698071741,rmin_half,[#6X4:1],[#6X4:1]
n17,1.706036917087,0,1.706036917087,rmin_half,[#8:1],[#8:1]
n18,1.697783613804,0,1.697783613804,rmin_half,[#8X2H0+0:1],[#8X2H0+0:1]
n19,1.682099169199,0,1.682099169199,rmin_half,[#8X2H1+0:1],[#8X2H1+0:1]
n20,1.799798315098,0,1.799798315098,rmin_half,[#7:1],[#7:1]
n24,1.85628721824,0,1.85628721824,rmin_half,[#17:1],[#17:1]
n25,1.969806594135,0,1.969806594135,rmin_half,[#35:1],[#35:1]
n2,1.48419980825,1,1.479416255487,rmin_half,[#1:1]-[#6X4],[#1:1]-[#6X4]
n3,1.449786411317,1,1.440793641467,rmin_half,"[#1:1]-[#6X4]-[#7,#8,#9,#16,#17,#35]",[#1:1]-[#6X4]-[ENA]
n4,1.287,1,1.298439036764,rmin_half,"[#1:1]-[#6X4](-[#7,#8,#9,#16,#17,#35])-[#7,#8,#9,#16,#17,#35]",[#1:1]-[#6X4](-[ENA])-[ENA]
n5,1.187,1,1.198502294244,rmin_half,"[#1:1]-[#6X4](-[#7,#8,#9,#16,#17,#35])(-[#7,#8,#9,#16,#17,#35])-[#7,#8,#9,#16,#17,#35]",[#1:1]-[#6X4](-[ENA])(-[ENA])-[ENA]
n7,1.443812569645,1,1.433657421801,rmin_half,[#1:1]-[#6X3],[#1:1]-[#6X3]
n8,1.377051329051,1,1.369165767231,rmin_half,"[#1:1]-[#6X3]~[#7,#8,#9,#16,#17,#35]",[#1:1]-[#6X3]~[ENA]
n9,1.370482808197,1,1.381908898893,rmin_half,"[#1:1]-[#6X3](~[#7,#8,#9,#16,#17,#35])~[#7,#8,#9,#16,#17,#35]",[#1:1]-[#6X3](~[ENA])~[ENA]
n11,0.6192778454102,1,0.6056827423808,rmin_half,[#1:1]-[#7],[#1:1]-[#7]
n12,0.2999999999997,1,0.3003827771056,rmin_half,[#1:1]-[#8],[#1:1]-[#8]
n14,1.953447017081,1,1.955251042311,rmin_half,[#6:1],[#6:1]
n15,1.908,1,1.900277350719,rmin_half,[#6X2:1],[#6X2:1]
n16,1.896698071741,1,1.893688920409,rmin_half,[#6X4:1],[#6X4:1]
n17,1.706036917087,1,1.711175422259,rmin_half,[#8:1],[#8:1]
n18,1.697783613804,1,1.703020058661,rmin_half,[#8X2H0+0:1],[#8X2H0+0:1]
n19,1.682099169199,1,1.680105503081,rmin_half,[#8X2H1+0:1],[#8X2H1+0:1]
n20,1.799798315098,1,1.807531567737,rmin_half,[#7:1],[#7:1]
n24,1.85628721824,1,1.855924945642,rmin_half,[#17:1],[#17:1]
n25,1.969806594135,1,1.939608738134,rmin_half,[#35:1],[#35:1]
n2,1.48419980825,2,1.47802523102,rmin_half,[#1:1]-[#6X4],[#1:1]-[#6X4]
n3,1.449786411317,2,1.439656083078,rmin_half,"[#1:1]-[#6X4]-[#7,#8,#9,#16,#17,#35]",[#1:1]-[#6X4]-[ENA]
n4,1.287,2,1.298657856375,rmin_half,"[#1:1]-[#6X4](-[#7,#8,#9,#16,#17,#35])-[#7,#8,#9,#16,#17,#35]",[#1:1]-[#6X4](-[ENA])-[ENA]
n5,1.187,2,1.193247936829,rmin_half,"[#1:1]-[#6X4](-[#7,#8,#9,#16,#17,#35])(-[#7,#8,#9,#16,#17,#35])-[#7,#8,#9,#16,#17,#35]",[#1:1]-[#6X4](-[ENA])(-[ENA])-[ENA]
n7,1.443812569645,2,1.429530712253,rmin_half,[#1:1]-[#6X3],[#1:1]-[#6X3]
n8,1.377051329051,2,1.380650979586,rmin_half,"[#1:1]-[#6X3]~[#7,#8,#9,#16,#17,#35]",[#1:1]-[#6X3]~[ENA]
n9,1.370482808197,2,1.38625378794,rmin_half,"[#1:1]-[#6X3](~[#7,#8,#9,#16,#17,#35])~[#7,#8,#9,#16,#17,#35]",[#1:1]-[#6X3](~[ENA])~[ENA]
n11,0.6192778454102,2,0.6088282836873,rmin_half,[#1:1]-[#7],[#1:1]-[#7]
n12,0.2999999999997,2,0.3003832397188,rmin_half,[#1:1]-[#8],[#1:1]-[#8]
n14,1.953447017081,2,1.958851622452,rmin_half,[#6:1],[#6:1]
n15,1.908,2,1.901871263822,rmin_half,[#6X2:1],[#6X2:1]
n16,1.896698071741,2,1.89491879869,rmin_half,[#6X4:1],[#6X4:1]
n17,1.706036917087,2,1.71543640487,rmin_half,[#8:1],[#8:1]
n18,1.697783613804,2,1.704035264482,rmin_half,[#8X2H0+0:1],[#8X2H0+0:1]
n19,1.682099169199,2,1.682826927662,rmin_half,[#8X2H1+0:1],[#8X2H1+0:1]
n20,1.799798315098,2,1.810493794391,rmin_half,[#7:1],[#7:1]
n24,1.85628721824,2,1.855364863651,rmin_half,[#17:1],[#17:1]
n25,1.969806594135,2,1.936381203099,rmin_half,[#35:1],[#35:1]
n2,1.48419980825,3,1.477731130409,rmin_half,[#1:1]-[#6X4],[#1:1]-[#6X4]
n3,1.449786411317,3,1.438859716294,rmin_half,"[#1:1]-[#6X4]-[#7,#8,#9,#16,#17,#35]",[#1:1]-[#6X4]-[ENA]
n4,1.287,3,1.300031318456,rmin_half,"[#1:1]-[#6X4](-[#7,#8,#9,#16,#17,#35])-[#7,#8,#9,#16,#17,#35]",[#1:1]-[#6X4](-[ENA])-[ENA]
n5,1.187,3,1.192137198058,rmin_half,"[#1:1]-[#6X4](-[#7,#8,#9,#16,#17,#35])(-[#7,#8,#9,#16,#17,#35])-[#7,#8,#9,#16,#17,#35]",[#1:1]-[#6X4](-[ENA])(-[ENA])-[ENA]
n7,1.443812569645,3,1.43147886293,rmin_half,[#1:1]-[#6X3],[#1:1]-[#6X3]
n8,1.377051329051,3,1.368932270993,rmin_half,"[#1:1]-[#6X3]~[#7,#8,#9,#16,#17,#35]",[#1:1]-[#6X3]~[ENA]
n9,1.370482808197,3,1.387229783043,rmin_half,"[#1:1]-[#6X3](~[#7,#8,#9,#16,#17,#35])~[#7,#8,#9,#16,#17,#35]",[#1:1]-[#6X3](~[ENA])~[ENA]
n11,0.6192778454102,3,0.6298137578741,rmin_half,[#1:1]-[#7],[#1:1]-[#7]
n12,0.2999999999997,3,0.3000000000027,rmin_half,[#1:1]-[#8],[#1:1]-[#8]
n14,1.953447017081,3,1.959606383454,rmin_half,[#6:1],[#6:1]
n15,1.908,3,1.893044735614,rmin_half,[#6X2:1],[#6X2:1]
n16,1.896698071741,3,1.892615241482,rmin_half,[#6X4:1],[#6X4:1]
n17,1.706036917087,3,1.717294990269,rmin_half,[#8:1],[#8:1]
n18,1.697783613804,3,1.703407263871,rmin_half,[#8X2H0+0:1],[#8X2H0+0:1]
n19,1.682099169199,3,1.683736987569,rmin_half,[#8X2H1+0:1],[#8X2H1+0:1]
n20,1.799798315098,3,1.811994166044,rmin_half,[#7:1],[#7:1]
n24,1.85628721824,3,1.852728829671,rmin_half,[#17:1],[#17:1]
n25,1.969806594135,3,1.937398449867,rmin_half,[#35:1],[#35:1]
n2,1.48419980825,4,1.478414161516,rmin_half,[#1:1]-[#6X4],[#1:1]-[#6X4]
n3,1.449786411317,4,1.436159338245,rmin_half,"[#1:1]-[#6X4]-[#7,#8,#9,#16,#17,#35]",[#1:1]-[#6X4]-[ENA]
n4,1.287,4,1.30008304994,rmin_half,"[#1:1]-[#6X4](-[#7,#8,#9,#16,#17,#35])-[#7,#8,#9,#16,#17,#35]",[#1:1]-[#6X4](-[ENA])-[ENA]
n5,1.187,4,1.195738841548,rmin_half,"[#1:1]-[#6X4](-[#7,#8,#9,#16,#17,#35])(-[#7,#8,#9,#16,#17,#35])-[#7,#8,#9,#16,#17,#35]",[#1:1]-[#6X4](-[ENA])(-[ENA])-[ENA]
n7,1.443812569645,4,1.430058088717,rmin_half,[#1:1]-[#6X3],[#1:1]-[#6X3]
n8,1.377051329051,4,1.370760551874,rmin_half,"[#1:1]-[#6X3]~[#7,#8,#9,#16,#17,#35]",[#1:1]-[#6X3]~[ENA]
n9,1.370482808197,4,1.382592678986,rmin_half,"[#1:1]-[#6X3](~[#7,#8,#9,#16,#17,#35])~[#7,#8,#9,#16,#17,#35]",[#1:1]-[#6X3](~[ENA])~[ENA]
n11,0.6192778454102,4,0.631871689107,rmin_half,[#1:1]-[#7],[#1:1]-[#7]
n12,0.2999999999997,4,0.3000000000059,rmin_half,[#1:1]-[#8],[#1:1]-[#8]
n14,1.953447017081,4,1.964375734664,rmin_half,[#6:1],[#6:1]
n15,1.908,4,1.907116588981,rmin_half,[#6X2:1],[#6X2:1]
n16,1.896698071741,4,1.895829617323,rmin_half,[#6X4:1],[#6X4:1]
n17,1.706036917087,4,1.719982310293,rmin_half,[#8:1],[#8:1]
n18,1.697783613804,4,1.706742617029,rmin_half,[#8X2H0+0:1],[#8X2H0+0:1]
n19,1.682099169199,4,1.678699695792,rmin_half,[#8X2H1+0:1],[#8X2H1+0:1]
n20,1.799798315098,4,1.811091118385,rmin_half,[#7:1],[#7:1]
n24,1.85628721824,4,1.859307282232,rmin_half,[#17:1],[#17:1]
n25,1.969806594135,4,1.936232412586,rmin_half,[#35:1],[#35:1]
n2,1.48419980825,5,1.477191907731,rmin_half,[#1:1]-[#6X4],[#1:1]-[#6X4]
n3,1.449786411317,5,1.439013222834,rmin_half,"[#1:1]-[#6X4]-[#7,#8,#9,#16,#17,#35]",[#1:1]-[#6X4]-[ENA]
n4,1.287,5,1.299148099023,rmin_half,"[#1:1]-[#6X4](-[#7,#8,#9,#16,#17,#35])-[#7,#8,#9,#16,#17,#35]",[#1:1]-[#6X4](-[ENA])-[ENA]
n5,1.187,5,1.196065159014,rmin_half,"[#1:1]-[#6X4](-[#7,#8,#9,#16,#17,#35])(-[#7,#8,#9,#16,#17,#35])-[#7,#8,#9,#16,#17,#35]",[#1:1]-[#6X4](-[ENA])(-[ENA])-[ENA]
n7,1.443812569645,5,1.42601314331,rmin_half,[#1:1]-[#6X3],[#1:1]-[#6X3]
n8,1.377051329051,5,1.368510277472,rmin_half,"[#1:1]-[#6X3]~[#7,#8,#9,#16,#17,#35]",[#1:1]-[#6X3]~[ENA]
n9,1.370482808197,5,1.380222867589,rmin_half,"[#1:1]-[#6X3](~[#7,#8,#9,#16,#17,#35])~[#7,#8,#9,#16,#17,#35]",[#1:1]-[#6X3](~[ENA])~[ENA]
n11,0.6192778454102,5,0.6330526581006,rmin_half,[#1:1]-[#7],[#1:1]-[#7]
n12,0.2999999999997,5,0.300000000006,rmin_half,[#1:1]-[#8],[#1:1]-[#8]
n14,1.953447017081,5,1.971739266924,rmin_half,[#6:1],[#6:1]
n15,1.908,5,1.898926363196,rmin_half,[#6X2:1],[#6X2:1]
n16,1.896698071741,5,1.89614329853,rmin_half,[#6X4:1],[#6X4:1]
n17,1.706036917087,5,1.718003138199,rmin_half,[#8:1],[#8:1]
n18,1.697783613804,5,1.704970542778,rmin_half,[#8X2H0+0:1],[#8X2H0+0:1]
n19,1.682099169199,5,1.675620618403,rmin_half,[#8X2H1+0:1],[#8X2H1+0:1]
n20,1.799798315098,5,1.823432397669,rmin_half,[#7:1],[#7:1]
n24,1.85628721824,5,1.862578644601,rmin_half,[#17:1],[#17:1]
n25,1.969806594135,5,1.936144113296,rmin_half,[#35:1],[#35:1]
n2,1.48419980825,6,1.477284258414,rmin_half,[#1:1]-[#6X4],[#1:1]-[#6X4]
n3,1.449786411317,6,1.440157285996,rmin_half,"[#1:1]-[#6X4]-[#7,#8,#9,#16,#17,#35]",[#1:1]-[#6X4]-[ENA]
n4,1.287,6,1.297503798392,rmin_half,"[#1:1]-[#6X4](-[#7,#8,#9,#16,#17,#35])-[#7,#8,#9,#16,#17,#35]",[#1:1]-[#6X4](-[ENA])-[ENA]
n5,1.187,6,1.192283292889,rmin_half,"[#1:1]-[#6X4](-[#7,#8,#9,#16,#17,#35])(-[#7,#8,#9,#16,#17,#35])-[#7,#8,#9,#16,#17,#35]",[#1:1]-[#6X4](-[ENA])(-[ENA])-[ENA]
n7,1.443812569645,6,1.423429940129,rmin_half,[#1:1]-[#6X3],[#1:1]-[#6X3]
n8,1.377051329051,6,1.369135618354,rmin_half,"[#1:1]-[#6X3]~[#7,#8,#9,#16,#17,#35]",[#1:1]-[#6X3]~[ENA]
n9,1.370482808197,6,1.387040108222,rmin_half,"[#1:1]-[#6X3](~[#7,#8,#9,#16,#17,#35])~[#7,#8,#9,#16,#17,#35]",[#1:1]-[#6X3](~[ENA])~[ENA]
n11,0.6192778454102,6,0.619240957511,rmin_half,[#1:1]-[#7],[#1:1]-[#7]
n12,0.2999999999997,6,0.2999999999842,rmin_half,[#1:1]-[#8],[#1:1]-[#8]
n14,1.953447017081,6,1.975787811548,rmin_half,[#6:1],[#6:1]
n15,1.908,6,1.895743292387,rmin_half,[#6X2:1],[#6X2:1]
n16,1.896698071741,6,1.898765182448,rmin_half,[#6X4:1],[#6X4:1]
n17,1.706036917087,6,1.714167728336,rmin_half,[#8:1],[#8:1]
n18,1.697783613804,6,1.710608913797,rmin_half,[#8X2H0+0:1],[#8X2H0+0:1]
n19,1.682099169199,6,1.674108822049,rmin_half,[#8X2H1+0:1],[#8X2H1+0:1]
n20,1.799798315098,6,1.818995688841,rmin_half,[#7:1],[#7:1]
n24,1.85628721824,6,1.861855736242,rmin_half,[#17:1],[#17:1]
n25,1.969806594135,6,1.936019957858,rmin_half,[#35:1],[#35:1]
n2,1.48419980825,7,1.477785766558,rmin_half,[#1:1]-[#6X4],[#1:1]-[#6X4]
n3,1.449786411317,7,1.438516844017,rmin_half,"[#1:1]-[#6X4]-[#7,#8,#9,#16,#17,#35]",[#1:1]-[#6X4]-[ENA]
n4,1.287,7,1.296585777341,rmin_half,"[#1:1]-[#6X4](-[#7,#8,#9,#16,#17,#35])-[#7,#8,#9,#16,#17,#35]",[#1:1]-[#6X4](-[ENA])-[ENA]
n5,1.187,7,1.191023344353,rmin_half,"[#1:1]-[#6X4](-[#7,#8,#9,#16,#17,#35])(-[#7,#8,#9,#16,#17,#35])-[#7,#8,#9,#16,#17,#35]",[#1:1]-[#6X4](-[ENA])(-[ENA])-[ENA]
n7,1.443812569645,7,1.421868774654,rmin_half,[#1:1]-[#6X3],[#1:1]-[#6X3]
n8,1.377051329051,7,1.373109330877,rmin_half,"[#1:1]-[#6X3]~[#7,#8,#9,#16,#17,#35]",[#1:1]-[#6X3]~[ENA]
n9,1.370482808197,7,1.388770647827,rmin_half,"[#1:1]-[#6X3](~[#7,#8,#9,#16,#17,#35])~[#7,#8,#9,#16,#17,#35]",[#1:1]-[#6X3](~[ENA])~[ENA]
n11,0.6192778454102,7,0.6278747292852,rmin_half,[#1:1]-[#7],[#1:1]-[#7]
n12,0.2999999999997,7,0.3000000000402,rmin_half,[#1:1]-[#8],[#1:1]-[#8]
n14,1.953447017081,7,1.976108448675,rmin_half,[#6:1],[#6:1]
n15,1.908,7,1.903241761841,rmin_half,[#6X2:1],[#6X2:1]
n16,1.896698071741,7,1.900995770621,rmin_half,[#6X4:1],[#6X4:1]
n17,1.706036917087,7,1.71395172626,rmin_half,[#8:1],[#8:1]
n18,1.697783613804,7,1.709017655095,rmin_half,[#8X2H0+0:1],[#8X2H0+0:1]
n19,1.682099169199,7,1.678358669234,rmin_half,[#8X2H1+0:1],[#8X2H1+0:1]
n20,1.799798315098,7,1.81572022045,rmin_half,[#7:1],[#7:1]
n24,1.85628721824,7,1.860275018369,rmin_half,[#17:1],[#17:1]
n25,1.969806594135,7,1.936136134716,rmin_half,[#35:1],[#35:1]
n2,1.48419980825,8,1.478072841524,rmin_half,[#1:1]-[#6X4],[#1:1]-[#6X4]
n3,1.449786411317,8,1.436124792764,rmin_half,"[#1:1]-[#6X4]-[#7,#8,#9,#16,#17,#35]",[#1:1]-[#6X4]-[ENA]
n4,1.287,8,1.296933820097,rmin_half,"[#1:1]-[#6X4](-[#7,#8,#9,#16,#17,#35])-[#7,#8,#9,#16,#17,#35]",[#1:1]-[#6X4](-[ENA])-[ENA]
n5,1.187,8,1.198749206811,rmin_half,"[#1:1]-[#6X4](-[#7,#8,#9,#16,#17,#35])(-[#7,#8,#9,#16,#17,#35])-[#7,#8,#9,#16,#17,#35]",[#1:1]-[#6X4](-[ENA])(-[ENA])-[ENA]
n7,1.443812569645,8,1.418033219675,rmin_half,[#1:1]-[#6X3],[#1:1]-[#6X3]
n8,1.377051329051,8,1.365390549048,rmin_half,"[#1:1]-[#6X3]~[#7,#8,#9,#16,#17,#35]",[#1:1]-[#6X3]~[ENA]
n9,1.370482808197,8,1.383189395342,rmin_half,"[#1:1]-[#6X3](~[#7,#8,#9,#16,#17,#35])~[#7,#8,#9,#16,#17,#35]",[#1:1]-[#6X3](~[ENA])~[ENA]
n11,0.6192778454102,8,0.6328143463025,rmin_half,[#1:1]-[#7],[#1:1]-[#7]
n12,0.2999999999997,8,0.2999999999999,rmin_half,[#1:1]-[#8],[#1:1]-[#8]
n14,1.953447017081,8,1.974255951096,rmin_half,[#6:1],[#6:1]
n15,1.908,8,1.906011946326,rmin_half,[#6X2:1],[#6X2:1]
n16,1.896698071741,8,1.906498635161,rmin_half,[#6X4:1],[#6X4:1]
n17,1.706036917087,8,1.716218883526,rmin_half,[#8:1],[#8:1]
n18,1.697783613804,8,1.707967413373,rmin_half,[#8X2H0+0:1],[#8X2H0+0:1]
n19,1.682099169199,8,1.678055568365,rmin_half,[#8X2H1+0:1],[#8X2H1+0:1]
n20,1.799798315098,8,1.815864084174,rmin_half,[#7:1],[#7:1]
n24,1.85628721824,8,1.857259085772,rmin_half,[#17:1],[#17:1]
n25,1.969806594135,8,1.935606689079,rmin_half,[#35:1],[#35:1]
n2,1.48419980825,9,1.476785506,rmin_half,[#1:1]-[#6X4],[#1:1]-[#6X4]
n3,1.449786411317,9,1.440333743867,rmin_half,"[#1:1]-[#6X4]-[#7,#8,#9,#16,#17,#35]",[#1:1]-[#6X4]-[ENA]
n4,1.287,9,1.29627799313,rmin_half,"[#1:1]-[#6X4](-[#7,#8,#9,#16,#17,#35])-[#7,#8,#9,#16,#17,#35]",[#1:1]-[#6X4](-[ENA])-[ENA]
n5,1.187,9,1.1992568786,rmin_half,"[#1:1]-[#6X4](-[#7,#8,#9,#16,#17,#35])(-[#7,#8,#9,#16,#17,#35])-[#7,#8,#9,#16,#17,#35]",[#1:1]-[#6X4](-[ENA])(-[ENA])-[ENA]
n7,1.443812569645,9,1.420410802045,rmin_half,[#1:1]-[#6X3],[#1:1]-[#6X3]
n8,1.377051329051,9,1.359367897751,rmin_half,"[#1:1]-[#6X3]~[#7,#8,#9,#16,#17,#35]",[#1:1]-[#6X3]~[ENA]
n9,1.370482808197,9,1.378313362207,rmin_half,"[#1:1]-[#6X3](~[#7,#8,#9,#16,#17,#35])~[#7,#8,#9,#16,#17,#35]",[#1:1]-[#6X3](~[ENA])~[ENA]
n11,0.6192778454102,9,0.6244596718002,rmin_half,[#1:1]-[#7],[#1:1]-[#7]
n12,0.2999999999997,9,0.3000000000007,rmin_half,[#1:1]-[#8],[#1:1]-[#8]
n14,1.953447017081,9,1.977177883281,rmin_half,[#6:1],[#6:1]
n15,1.908,9,1.91282803256,rmin_half,[#6X2:1],[#6X2:1]
n16,1.896698071741,9,1.905763815651,rmin_half,[#6X4:1],[#6X4:1]
n17,1.706036917087,9,1.715895970247,rmin_half,[#8:1],[#8:1]
n18,1.697783613804,9,1.713240036104,rmin_half,[#8X2H0+0:1],[#8X2H0+0:1]
n19,1.682099169199,9,1.677365905809,rmin_half,[#8X2H1+0:1],[#8X2H1+0:1]
n20,1.799798315098,9,1.814732965498,rmin_half,[#7:1],[#7:1]
n24,1.85628721824,9,1.85873195238,rmin_half,[#17:1],[#17:1]
n25,1.969806594135,9,1.933497423935,rmin_half,[#35:1],[#35:1]
n2,1.48419980825,10,1.47566240719,rmin_half,[#1:1]-[#6X4],[#1:1]-[#6X4]
n3,1.449786411317,10,1.437821420917,rmin_half,"[#1:1]-[#6X4]-[#7,#8,#9,#16,#17,#35]",[#1:1]-[#6X4]-[ENA]
n4,1.287,10,1.2971226544,rmin_half,"[#1:1]-[#6X4](-[#7,#8,#9,#16,#17,#35])-[#7,#8,#9,#16,#17,#35]",[#1:1]-[#6X4](-[ENA])-[ENA]
n5,1.187,10,1.1983991263,rmin_half,"[#1:1]-[#6X4](-[#7,#8,#9,#16,#17,#35])(-[#7,#8,#9,#16,#17,#35])-[#7,#8,#9,#16,#17,#35]",[#1:1]-[#6X4](-[ENA])(-[ENA])-[ENA]
n7,1.443812569645,10,1.422313364745,rmin_half,[#1:1]-[#6X3],[#1:1]-[#6X3]
n8,1.377051329051,10,1.377204951128,rmin_half,"[#1:1]-[#6X3]~[#7,#8,#9,#16,#17,#35]",[#1:1]-[#6X3]~[ENA]
n9,1.370482808197,10,1.380161680177,rmin_half,"[#1:1]-[#6X3](~[#7,#8,#9,#16,#17,#35])~[#7,#8,#9,#16,#17,#35]",[#1:1]-[#6X3](~[ENA])~[ENA]
n11,0.6192778454102,10,0.6290781685002,rmin_half,[#1:1]-[#7],[#1:1]-[#7]
n12,0.2999999999997,10,0.3000000000202,rmin_half,[#1:1]-[#8],[#1:1]-[#8]
n14,1.953447017081,10,1.972648607481,rmin_half,[#6:1],[#6:1]
n15,1.908,10,1.90240153941,rmin_half,[#6X2:1],[#6X2:1]
n16,1.896698071741,10,1.911738200841,rmin_half,[#6X4:1],[#6X4:1]
n17,1.706036917087,10,1.715105036667,rmin_half,[#8:1],[#8:1]
n18,1.697783613804,10,1.708639501704,rmin_half,[#8X2H0+0:1],[#8X2H0+0:1]
n19,1.682099169199,10,1.674909511929,rmin_half,[#8X2H1+0:1],[#8X2H1+0:1]
n20,1.799798315098,10,1.818243332998,rmin_half,[#7:1],[#7:1]
n24,1.85628721824,10,1.856140078799,rmin_half,[#17:1],[#17:1]
n25,1.969806594135,10,1.933290460635,rmin_half,[#35:1],[#35:1]
n2,1.48419980825,11,1.476979827918,rmin_half,[#1:1]-[#6X4],[#1:1]-[#6X4]
n3,1.449786411317,11,1.43768592762,rmin_half,"[#1:1]-[#6X4]-[#7,#8,#9,#16,#17,#35]",[#1:1]-[#6X4]-[ENA]
n4,1.287,11,1.295270958408,rmin_half,"[#1:1]-[#6X4](-[#7,#8,#9,#16,#17,#35])-[#7,#8,#9,#16,#17,#35]",[#1:1]-[#6X4](-[ENA])-[ENA]
n5,1.187,11,1.196678430822,rmin_half,"[#1:1]-[#6X4](-[#7,#8,#9,#16,#17,#35])(-[#7,#8,#9,#16,#17,#35])-[#7,#8,#9,#16,#17,#35]",[#1:1]-[#6X4](-[ENA])(-[ENA])-[ENA]
n7,1.443812569645,11,1.424169885538,rmin_half,[#1:1]-[#6X3],[#1:1]-[#6X3]
n8,1.377051329051,11,1.380697595754,rmin_half,"[#1:1]-[#6X3]~[#7,#8,#9,#16,#17,#35]",[#1:1]-[#6X3]~[ENA]
n9,1.370482808197,11,1.375397720605,rmin_half,"[#1:1]-[#6X3](~[#7,#8,#9,#16,#17,#35])~[#7,#8,#9,#16,#17,#35]",[#1:1]-[#6X3](~[ENA])~[ENA]
n11,0.6192778454102,11,0.6305999440305,rmin_half,[#1:1]-[#7],[#1:1]-[#7]
n12,0.2999999999997,11,0.3000000000033,rmin_half,[#1:1]-[#8],[#1:1]-[#8]
n14,1.953447017081,11,1.974000107885,rmin_half,[#6:1],[#6:1]
n15,1.908,11,1.905981707222,rmin_half,[#6X2:1],[#6X2:1]
n16,1.896698071741,11,1.913072148152,rmin_half,[#6X4:1],[#6X4:1]
n17,1.706036917087,11,1.712828396448,rmin_half,[#8:1],[#8:1]
n18,1.697783613804,11,1.717799384047,rmin_half,[#8X2H0+0:1],[#8X2H0+0:1]
n19,1.682099169199,11,1.671868970089,rmin_half,[#8X2H1+0:1],[#8X2H1+0:1]
n20,1.799798315098,11,1.821669823102,rmin_half,[#7:1],[#7:1]
n24,1.85628721824,11,1.852399828384,rmin_half,[#17:1],[#17:1]
n25,1.969806594135,11,1.93116948093,rmin_half,[#35:1],[#35:1]
n2,1.48419980825,12,1.47543709973,rmin_half,[#1:1]-[#6X4],[#1:1]-[#6X4]
n3,1.449786411317,12,1.437878297237,rmin_half,"[#1:1]-[#6X4]-[#7,#8,#9,#16,#17,#35]",[#1:1]-[#6X4]-[ENA]
n4,1.287,12,1.29464116851,rmin_half,"[#1:1]-[#6X4](-[#7,#8,#9,#16,#17,#35])-[#7,#8,#9,#16,#17,#35]",[#1:1]-[#6X4](-[ENA])-[ENA]
n5,1.187,12,1.198210491981,rmin_half,"[#1:1]-[#6X4](-[#7,#8,#9,#16,#17,#35])(-[#7,#8,#9,#16,#17,#35])-[#7,#8,#9,#16,#17,#35]",[#1:1]-[#6X4](-[ENA])(-[ENA])-[ENA]
n7,1.443812569645,12,1.424634094802,rmin_half,[#1:1]-[#6X3],[#1:1]-[#6X3]
n8,1.377051329051,12,1.38298360582,rmin_half,"[#1:1]-[#6X3]~[#7,#8,#9,#16,#17,#35]",[#1:1]-[#6X3]~[ENA]
n9,1.370482808197,12,1.372631630972,rmin_half,"[#1:1]-[#6X3](~[#7,#8,#9,#16,#17,#35])~[#7,#8,#9,#16,#17,#35]",[#1:1]-[#6X3](~[ENA])~[ENA]
n11,0.6192778454102,12,0.6250253230398,rmin_half,[#1:1]-[#7],[#1:1]-[#7]
n12,0.2999999999997,12,0.3000878044512,rmin_half,[#1:1]-[#8],[#1:1]-[#8]
n14,1.953447017081,12,1.97788150754,rmin_half,[#6:1],[#6:1]
n15,1.908,12,1.904975982343,rmin_half,[#6X2:1],[#6X2:1]
n16,1.896698071741,12,1.910707109933,rmin_half,[#6X4:1],[#6X4:1]
n17,1.706036917087,12,1.715449917836,rmin_half,[#8:1],[#8:1]
n18,1.697783613804,12,1.721416300806,rmin_half,[#8X2H0+0:1],[#8X2H0+0:1]
n19,1.682099169199,12,1.671323786804,rmin_half,[#8X2H1+0:1],[#8X2H1+0:1]
n20,1.799798315098,12,1.82545223729,rmin_half,[#7:1],[#7:1]
n24,1.85628721824,12,1.856180969703,rmin_half,[#17:1],[#17:1]
n25,1.969806594135,12,1.932085140288,rmin_half,[#35:1],[#35:1]
n2,1.48419980825,13,1.475966513075,rmin_half,[#1:1]-[#6X4],[#1:1]-[#6X4]
n3,1.449786411317,13,1.437694169221,rmin_half,"[#1:1]-[#6X4]-[#7,#8,#9,#16,#17,#35]",[#1:1]-[#6X4]-[ENA]
n4,1.287,13,1.296855293041,rmin_half,"[#1:1]-[#6X4](-[#7,#8,#9,#16,#17,#35])-[#7,#8,#9,#16,#17,#35]",[#1:1]-[#6X4](-[ENA])-[ENA]
n5,1.187,13,1.195975019651,rmin_half,"[#1:1]-[#6X4](-[#7,#8,#9,#16,#17,#35])(-[#7,#8,#9,#16,#17,#35])-[#7,#8,#9,#16,#17,#35]",[#1:1]-[#6X4](-[ENA])(-[ENA])-[ENA]
n7,1.443812569645,13,1.422588100365,rmin_half,[#1:1]-[#6X3],[#1:1]-[#6X3]
n8,1.377051329051,13,1.377259627956,rmin_half,"[#1:1]-[#6X3]~[#7,#8,#9,#16,#17,#35]",[#1:1]-[#6X3]~[ENA]
n9,1.370482808197,13,1.381498606662,rmin_half,"[#1:1]-[#6X3](~[#7,#8,#9,#16,#17,#35])~[#7,#8,#9,#16,#17,#35]",[#1:1]-[#6X3](~[ENA])~[ENA]
n11,0.6192778454102,13,0.6231821935668,rmin_half,[#1:1]-[#7],[#1:1]-[#7]
n12,0.2999999999997,13,0.299999999993,rmin_half,[#1:1]-[#8],[#1:1]-[#8]
n14,1.953447017081,13,1.978944705494,rmin_half,[#6:1],[#6:1]
n15,1.908,13,1.911221096316,rmin_half,[#6X2:1],[#6X2:1]
n16,1.896698071741,13,1.908814069755,rmin_half,[#6X4:1],[#6X4:1]
n17,1.706036917087,13,1.71775729524,rmin_half,[#8:1],[#8:1]
n18,1.697783613804,13,1.717428731477,rmin_half,[#8X2H0+0:1],[#8X2H0+0:1]
n19,1.682099169199,13,1.667444765276,rmin_half,[#8X2H1+0:1],[#8X2H1+0:1]
n20,1.799798315098,13,1.828236683223,rmin_half,[#7:1],[#7:1]
n24,1.85628721824,13,1.855317562002,rmin_half,[#17:1],[#17:1]
n25,1.969806594135,13,1.932976213843,rmin_half,[#35:1],[#35:1]
n2,1.48419980825,14,1.477272537368,rmin_half,[#1:1]-[#6X4],[#1:1]-[#6X4]
n3,1.449786411317,14,1.436613300973,rmin_half,"[#1:1]-[#6X4]-[#7,#8,#9,#16,#17,#35]",[#1:1]-[#6X4]-[ENA]
n4,1.287,14,1.297901360805,rmin_half,"[#1:1]-[#6X4](-[#7,#8,#9,#16,#17,#35])-[#7,#8,#9,#16,#17,#35]",[#1:1]-[#6X4](-[ENA])-[ENA]
n5,1.187,14,1.196870567677,rmin_half,"[#1:1]-[#6X4](-[#7,#8,#9,#16,#17,#35])(-[#7,#8,#9,#16,#17,#35])-[#7,#8,#9,#16,#17,#35]",[#1:1]-[#6X4](-[ENA])(-[ENA])-[ENA]
n7,1.443812569645,14,1.426009669991,rmin_half,[#1:1]-[#6X3],[#1:1]-[#6X3]
n8,1.377051329051,14,1.369791426328,rmin_half,"[#1:1]-[#6X3]~[#7,#8,#9,#16,#17,#35]",[#1:1]-[#6X3]~[ENA]
n9,1.370482808197,14,1.385633510978,rmin_half,"[#1:1]-[#6X3](~[#7,#8,#9,#16,#17,#35])~[#7,#8,#9,#16,#17,#35]",[#1:1]-[#6X3](~[ENA])~[ENA]
n11,0.6192778454102,14,0.6284722797154,rmin_half,[#1:1]-[#7],[#1:1]-[#7]
n12,0.2999999999997,14,0.2999999999961,rmin_half,[#1:1]-[#8],[#1:1]-[#8]
n14,1.953447017081,14,1.978615344113,rmin_half,[#6:1],[#6:1]
n15,1.908,14,1.905858404727,rmin_half,[#6X2:1],[#6X2:1]
n16,1.896698071741,14,1.908919066673,rmin_half,[#6X4:1],[#6X4:1]
n17,1.706036917087,14,1.720311627444,rmin_half,[#8:1],[#8:1]
n18,1.697783613804,14,1.716253585793,rmin_half,[#8X2H0+0:1],[#8X2H0+0:1]
n19,1.682099169199,14,1.669534274724,rmin_half,[#8X2H1+0:1],[#8X2H1+0:1]
n20,1.799798315098,14,1.829631789916,rmin_half,[#7:1],[#7:1]
n24,1.85628721824,14,1.856503286234,rmin_half,[#17:1],[#17:1]
n25,1.969806594135,14,1.933769598239,rmin_half,[#35:1],[#35:1]
n2,1.48419980825,15,1.476329502558,rmin_half,[#1:1]-[#6X4],[#1:1]-[#6X4]
n3,1.449786411317,15,1.438001135849,rmin_half,"[#1:1]-[#6X4]-[#7,#8,#9,#16,#17,#35]",[#1:1]-[#6X4]-[ENA]
n4,1.287,15,1.29548303889,rmin_half,"[#1:1]-[#6X4](-[#7,#8,#9,#16,#17,#35])-[#7,#8,#9,#16,#17,#35]",[#1:1]-[#6X4](-[ENA])-[ENA]
n5,1.187,15,1.192902562728,rmin_half,"[#1:1]-[#6X4](-[#7,#8,#9,#16,#17,#35])(-[#7,#8,#9,#16,#17,#35])-[#7,#8,#9,#16,#17,#35]",[#1:1]-[#6X4](-[ENA])(-[ENA])-[ENA]
n7,1.443812569645,15,1.425134766575,rmin_half,[#1:1]-[#6X3],[#1:1]-[#6X3]
n8,1.377051329051,15,1.370536468906,rmin_half,"[#1:1]-[#6X3]~[#7,#8,#9,#16,#17,#35]",[#1:1]-[#6X3]~[ENA]
n9,1.370482808197,15,1.38053167772,rmin_half,"[#1:1]-[#6X3](~[#7,#8,#9,#16,#17,#35])~[#7,#8,#9,#16,#17,#35]",[#1:1]-[#6X3](~[ENA])~[ENA]
n11,0.6192778454102,15,0.6248107140048,rmin_half,[#1:1]-[#7],[#1:1]-[#7]
n12,0.2999999999997,15,0.2999999999983,rmin_half,[#1:1]-[#8],[#1:1]-[#8]
n14,1.953447017081,15,1.981895323677,rmin_half,[#6:1],[#6:1]
n15,1.908,15,1.907320242439,rmin_half,[#6X2:1],[#6X2:1]
n16,1.896698071741,15,1.908037607674,rmin_half,[#6X4:1],[#6X4:1]
n17,1.706036917087,15,1.725792156128,rmin_half,[#8:1],[#8:1]
n18,1.697783613804,15,1.711369453536,rmin_half,[#8X2H0+0:1],[#8X2H0+0:1]
n19,1.682099169199,15,1.669252012446,rmin_half,[#8X2H1+0:1],[#8X2H1+0:1]
n20,1.799798315098,15,1.83240898755,rmin_half,[#7:1],[#7:1]
n24,1.85628721824,15,1.852835062652,rmin_half,[#17:1],[#17:1]
n25,1.969806594135,15,1.932297026288,rmin_half,[#35:1],[#35:1]
n2,0.01577948280971,0,0.01577948280971,epsilon,[#1:1]-[#6X4],[#1:1]-[#6X4]
n3,0.01640924602775,0,0.01640924602775,epsilon,"[#1:1]-[#6X4]-[#7,#8,#9,#16,#17,#35]",[#1:1]-[#6X4]-[ENA]
n4,0.0157,0,0.0157,epsilon,"[#1:1]-[#6X4](-[#7,#8,#9,#16,#17,#35])-[#7,#8,#9,#16,#17,#35]",[#1:1]-[#6X4](-[ENA])-[ENA]
n5,0.0157,0,0.0157,epsilon,"[#1:1]-[#6X4](-[#7,#8,#9,#16,#17,#35])(-[#7,#8,#9,#16,#17,#35])-[#7,#8,#9,#16,#17,#35]",[#1:1]-[#6X4](-[ENA])(-[ENA])-[ENA]
n7,0.01561134320353,0,0.01561134320353,epsilon,[#1:1]-[#6X3],[#1:1]-[#6X3]
n8,0.01310699839698,0,0.01310699839698,epsilon,"[#1:1]-[#6X3]~[#7,#8,#9,#16,#17,#35]",[#1:1]-[#6X3]~[ENA]
n9,0.01479744504464,0,0.01479744504464,epsilon,"[#1:1]-[#6X3](~[#7,#8,#9,#16,#17,#35])~[#7,#8,#9,#16,#17,#35]",[#1:1]-[#6X3](~[ENA])~[ENA]
n11,0.01409081474669,0,0.01409081474669,epsilon,[#1:1]-[#7],[#1:1]-[#7]
n12,1.232599966667e-05,0,1.232599966667e-05,epsilon,[#1:1]-[#8],[#1:1]-[#8]
n14,0.0868793154488,0,0.0868793154488,epsilon,[#6:1],[#6:1]
n15,0.21,0,0.21,epsilon,[#6X2:1],[#6X2:1]
n16,0.1088406109251,0,0.1088406109251,epsilon,[#6X4:1],[#6X4:1]
n17,0.2102061007896,0,0.2102061007896,epsilon,[#8:1],[#8:1]
n18,0.1684651402602,0,0.1684651402602,epsilon,[#8X2H0+0:1],[#8X2H0+0:1]
n19,0.2094735324129,0,0.2094735324129,epsilon,[#8X2H1+0:1],[#8X2H1+0:1]
n20,0.1676915150424,0,0.1676915150424,epsilon,[#7:1],[#7:1]
n24,0.2656001046527,0,0.2656001046527,epsilon,[#17:1],[#17:1]
n25,0.3218986365974,0,0.3218986365974,epsilon,[#35:1],[#35:1]
n2,0.01577948280971,1,0.01617915515787,epsilon,[#1:1]-[#6X4],[#1:1]-[#6X4]
n3,0.01640924602775,1,0.01814682594792,epsilon,"[#1:1]-[#6X4]-[#7,#8,#9,#16,#17,#35]",[#1:1]-[#6X4]-[ENA]
n4,0.0157,1,0.01554537813552,epsilon,"[#1:1]-[#6X4](-[#7,#8,#9,#16,#17,#35])-[#7,#8,#9,#16,#17,#35]",[#1:1]-[#6X4](-[ENA])-[ENA]
n5,0.0157,1,0.01540467374963,epsilon,"[#1:1]-[#6X4](-[#7,#8,#9,#16,#17,#35])(-[#7,#8,#9,#16,#17,#35])-[#7,#8,#9,#16,#17,#35]",[#1:1]-[#6X4](-[ENA])(-[ENA])-[ENA]
n7,0.01561134320353,1,0.01711983002149,epsilon,[#1:1]-[#6X3],[#1:1]-[#6X3]
n8,0.01310699839698,1,0.01224325284284,epsilon,"[#1:1]-[#6X3]~[#7,#8,#9,#16,#17,#35]",[#1:1]-[#6X3]~[ENA]
n9,0.01479744504464,1,0.01474860459824,epsilon,"[#1:1]-[#6X3](~[#7,#8,#9,#16,#17,#35])~[#7,#8,#9,#16,#17,#35]",[#1:1]-[#6X3](~[ENA])~[ENA]
n11,0.01409081474669,1,0.01205509776666,epsilon,[#1:1]-[#7],[#1:1]-[#7]
n12,1.232599966667e-05,1,4.342427617601e-05,epsilon,[#1:1]-[#8],[#1:1]-[#8]
n14,0.0868793154488,1,0.0877354325818,epsilon,[#6:1],[#6:1]
n15,0.21,1,0.2099832414165,epsilon,[#6X2:1],[#6X2:1]
n16,0.1088406109251,1,0.109571107488,epsilon,[#6X4:1],[#6X4:1]
n17,0.2102061007896,1,0.2101728391966,epsilon,[#8:1],[#8:1]
n18,0.1684651402602,1,0.1669501426272,epsilon,[#8X2H0+0:1],[#8X2H0+0:1]
n19,0.2094735324129,1,0.20871934282,epsilon,[#8X2H1+0:1],[#8X2H1+0:1]
n20,0.1676915150424,1,0.167192616461,epsilon,[#7:1],[#7:1]
n24,0.2656001046527,1,0.2654225171475,epsilon,[#17:1],[#17:1]
n25,0.3218986365974,1,0.3225686326512,epsilon,[#35:1],[#35:1]
n2,0.01577948280971,2,0.01617501609303,epsilon,[#1:1]-[#6X4],[#1:1]-[#6X4]
n3,0.01640924602775,2,0.01850725663369,epsilon,"[#1:1]-[#6X4]-[#7,#8,#9,#16,#17,#35]",[#1:1]-[#6X4]-[ENA]
n4,0.0157,2,0.01559212769123,epsilon,"[#1:1]-[#6X4](-[#7,#8,#9,#16,#17,#35])-[#7,#8,#9,#16,#17,#35]",[#1:1]-[#6X4](-[ENA])-[ENA]
n5,0.0157,2,0.01499630048333,epsilon,"[#1:1]-[#6X4](-[#7,#8,#9,#16,#17,#35])(-[#7,#8,#9,#16,#17,#35])-[#7,#8,#9,#16,#17,#35]",[#1:1]-[#6X4](-[ENA])(-[ENA])-[ENA]
n7,0.01561134320353,2,0.01685997431728,epsilon,[#1:1]-[#6X3],[#1:1]-[#6X3]
n8,0.01310699839698,2,0.0135650428076,epsilon,"[#1:1]-[#6X3]~[#7,#8,#9,#16,#17,#35]",[#1:1]-[#6X3]~[ENA]
n9,0.01479744504464,2,0.01474164845367,epsilon,"[#1:1]-[#6X3](~[#7,#8,#9,#16,#17,#35])~[#7,#8,#9,#16,#17,#35]",[#1:1]-[#6X3](~[ENA])~[ENA]
n11,0.01409081474669,2,0.01206098066947,epsilon,[#1:1]-[#7],[#1:1]-[#7]
n12,1.232599966667e-05,2,0.0,epsilon,[#1:1]-[#8],[#1:1]-[#8]
n14,0.0868793154488,2,0.08791311459746,epsilon,[#6:1],[#6:1]
n15,0.21,2,0.2099992478769,epsilon,[#6X2:1],[#6X2:1]
n16,0.1088406109251,2,0.1094812942297,epsilon,[#6X4:1],[#6X4:1]
n17,0.2102061007896,2,0.2101422701141,epsilon,[#8:1],[#8:1]
n18,0.1684651402602,2,0.1669466526058,epsilon,[#8X2H0+0:1],[#8X2H0+0:1]
n19,0.2094735324129,2,0.2089779028282,epsilon,[#8X2H1+0:1],[#8X2H1+0:1]
n20,0.1676915150424,2,0.1673058696306,epsilon,[#7:1],[#7:1]
n24,0.2656001046527,2,0.2650079051967,epsilon,[#17:1],[#17:1]
n25,0.3218986365974,2,0.3221627260766,epsilon,[#35:1],[#35:1]
n2,0.01577948280971,3,0.01638373905349,epsilon,[#1:1]-[#6X4],[#1:1]-[#6X4]
n3,0.01640924602775,3,0.01817773071185,epsilon,"[#1:1]-[#6X4]-[#7,#8,#9,#16,#17,#35]",[#1:1]-[#6X4]-[ENA]
n4,0.0157,3,0.01554512104862,epsilon,"[#1:1]-[#6X4](-[#7,#8,#9,#16,#17,#35])-[#7,#8,#9,#16,#17,#35]",[#1:1]-[#6X4](-[ENA])-[ENA]
n5,0.0157,3,0.01486797631842,epsilon,"[#1:1]-[#6X4](-[#7,#8,#9,#16,#17,#35])(-[#7,#8,#9,#16,#17,#35])-[#7,#8,#9,#16,#17,#35]",[#1:1]-[#6X4](-[ENA])(-[ENA])-[ENA]
n7,0.01561134320353,3,0.01750616124408,epsilon,[#1:1]-[#6X3],[#1:1]-[#6X3]
n8,0.01310699839698,3,0.01287657810977,epsilon,"[#1:1]-[#6X3]~[#7,#8,#9,#16,#17,#35]",[#1:1]-[#6X3]~[ENA]
n9,0.01479744504464,3,0.01490905511189,epsilon,"[#1:1]-[#6X3](~[#7,#8,#9,#16,#17,#35])~[#7,#8,#9,#16,#17,#35]",[#1:1]-[#6X3](~[ENA])~[ENA]
n11,0.01409081474669,3,0.01330430270597,epsilon,[#1:1]-[#7],[#1:1]-[#7]
n12,1.232599966667e-05,3,0.0,epsilon,[#1:1]-[#8],[#1:1]-[#8]
n14,0.0868793154488,3,0.08828282468775,epsilon,[#6:1],[#6:1]
n15,0.21,3,0.2099312838697,epsilon,[#6X2:1],[#6X2:1]
n16,0.1088406109251,3,0.1096116367815,epsilon,[#6X4:1],[#6X4:1]
n17,0.2102061007896,3,0.2102407408352,epsilon,[#8:1],[#8:1]
n18,0.1684651402602,3,0.1669017776281,epsilon,[#8X2H0+0:1],[#8X2H0+0:1]
n19,0.2094735324129,3,0.209003683579,epsilon,[#8X2H1+0:1],[#8X2H1+0:1]
n20,0.1676915150424,3,0.1676004046346,epsilon,[#7:1],[#7:1]
n24,0.2656001046527,3,0.2648561092024,epsilon,[#17:1],[#17:1]
n25,0.3218986365974,3,0.3222912832454,epsilon,[#35:1],[#35:1]
n2,0.01577948280971,4,0.01597445556962,epsilon,[#1:1]-[#6X4],[#1:1]-[#6X4]
n3,0.01640924602775,4,0.01806920107581,epsilon,"[#1:1]-[#6X4]-[#7,#8,#9,#16,#17,#35]",[#1:1]-[#6X4]-[ENA]
n4,0.0157,4,0.01564060315067,epsilon,"[#1:1]-[#6X4](-[#7,#8,#9,#16,#17,#35])-[#7,#8,#9,#16,#17,#35]",[#1:1]-[#6X4](-[ENA])-[ENA]
n5,0.0157,4,0.01515356792717,epsilon,"[#1:1]-[#6X4](-[#7,#8,#9,#16,#17,#35])(-[#7,#8,#9,#16,#17,#35])-[#7,#8,#9,#16,#17,#35]",[#1:1]-[#6X4](-[ENA])(-[ENA])-[ENA]
n7,0.01561134320353,4,0.01712511387991,epsilon,[#1:1]-[#6X3],[#1:1]-[#6X3]
n8,0.01310699839698,4,0.01257691975257,epsilon,"[#1:1]-[#6X3]~[#7,#8,#9,#16,#17,#35]",[#1:1]-[#6X3]~[ENA]
n9,0.01479744504464,4,0.01473661623238,epsilon,"[#1:1]-[#6X3](~[#7,#8,#9,#16,#17,#35])~[#7,#8,#9,#16,#17,#35]",[#1:1]-[#6X3](~[ENA])~[ENA]
n11,0.01409081474669,4,0.01350352065776,epsilon,[#1:1]-[#7],[#1:1]-[#7]
n12,1.232599966667e-05,4,0.0,epsilon,[#1:1]-[#8],[#1:1]-[#8]
n14,0.0868793154488,4,0.08816720675484,epsilon,[#6:1],[#6:1]
n15,0.21,4,0.2100495927666,epsilon,[#6X2:1],[#6X2:1]
n16,0.1088406109251,4,0.1092792635855,epsilon,[#6X4:1],[#6X4:1]
n17,0.2102061007896,4,0.2103811007122,epsilon,[#8:1],[#8:1]
n18,0.1684651402602,4,0.1669487596434,epsilon,[#8X2H0+0:1],[#8X2H0+0:1]
n19,0.2094735324129,4,0.2085208741591,epsilon,[#8X2H1+0:1],[#8X2H1+0:1]
n20,0.1676915150424,4,0.167491750015,epsilon,[#7:1],[#7:1]
n24,0.2656001046527,4,0.2651887254844,epsilon,[#17:1],[#17:1]
n25,0.3218986365974,4,0.322179331871,epsilon,[#35:1],[#35:1]
n2,0.01577948280971,5,0.0159854869599,epsilon,[#1:1]-[#6X4],[#1:1]-[#6X4]
n3,0.01640924602775,5,0.01781625863215,epsilon,"[#1:1]-[#6X4]-[#7,#8,#9,#16,#17,#35]",[#1:1]-[#6X4]-[ENA]
n4,0.0157,5,0.01555976057141,epsilon,"[#1:1]-[#6X4](-[#7,#8,#9,#16,#17,#35])-[#7,#8,#9,#16,#17,#35]",[#1:1]-[#6X4](-[ENA])-[ENA]
n5,0.0157,5,0.01514512984243,epsilon,"[#1:1]-[#6X4](-[#7,#8,#9,#16,#17,#35])(-[#7,#8,#9,#16,#17,#35])-[#7,#8,#9,#16,#17,#35]",[#1:1]-[#6X4](-[ENA])(-[ENA])-[ENA]
n7,0.01561134320353,5,0.01677740108732,epsilon,[#1:1]-[#6X3],[#1:1]-[#6X3]
n8,0.01310699839698,5,0.0128457124356,epsilon,"[#1:1]-[#6X3]~[#7,#8,#9,#16,#17,#35]",[#1:1]-[#6X3]~[ENA]
n9,0.01479744504464,5,0.01476782129988,epsilon,"[#1:1]-[#6X3](~[#7,#8,#9,#16,#17,#35])~[#7,#8,#9,#16,#17,#35]",[#1:1]-[#6X3](~[ENA])~[ENA]
n11,0.01409081474669,5,0.01334874645169,epsilon,[#1:1]-[#7],[#1:1]-[#7]
n12,1.232599966667e-05,5,0.0,epsilon,[#1:1]-[#8],[#1:1]-[#8]
n14,0.0868793154488,5,0.08904629746302,epsilon,[#6:1],[#6:1]
n15,0.21,5,0.2099913165415,epsilon,[#6X2:1],[#6X2:1]
n16,0.1088406109251,5,0.1094163774455,epsilon,[#6X4:1],[#6X4:1]
n17,0.2102061007896,5,0.2102774770932,epsilon,[#8:1],[#8:1]
n18,0.1684651402602,5,0.1669589256098,epsilon,[#8X2H0+0:1],[#8X2H0+0:1]
n19,0.2094735324129,5,0.2084421484764,epsilon,[#8X2H1+0:1],[#8X2H1+0:1]
n20,0.1676915150424,5,0.1676437320287,epsilon,[#7:1],[#7:1]
n24,0.2656001046527,5,0.2655124682639,epsilon,[#17:1],[#17:1]
n25,0.3218986365974,5,0.3223139028726,epsilon,[#35:1],[#35:1]
n2,0.01577948280971,6,0.01578595736958,epsilon,[#1:1]-[#6X4],[#1:1]-[#6X4]
n3,0.01640924602775,6,0.01745758012204,epsilon,"[#1:1]-[#6X4]-[#7,#8,#9,#16,#17,#35]",[#1:1]-[#6X4]-[ENA]
n4,0.0157,6,0.01561483167534,epsilon,"[#1:1]-[#6X4](-[#7,#8,#9,#16,#17,#35])-[#7,#8,#9,#16,#17,#35]",[#1:1]-[#6X4](-[ENA])-[ENA]
n5,0.0157,6,0.01515658251862,epsilon,"[#1:1]-[#6X4](-[#7,#8,#9,#16,#17,#35])(-[#7,#8,#9,#16,#17,#35])-[#7,#8,#9,#16,#17,#35]",[#1:1]-[#6X4](-[ENA])(-[ENA])-[ENA]
n7,0.01561134320353,6,0.0163668311623,epsilon,[#1:1]-[#6X3],[#1:1]-[#6X3]
n8,0.01310699839698,6,0.0129324767862,epsilon,"[#1:1]-[#6X3]~[#7,#8,#9,#16,#17,#35]",[#1:1]-[#6X3]~[ENA]
n9,0.01479744504464,6,0.01509003527949,epsilon,"[#1:1]-[#6X3](~[#7,#8,#9,#16,#17,#35])~[#7,#8,#9,#16,#17,#35]",[#1:1]-[#6X3](~[ENA])~[ENA]
n11,0.01409081474669,6,0.01260625085905,epsilon,[#1:1]-[#7],[#1:1]-[#7]
n12,1.232599966667e-05,6,0.0,epsilon,[#1:1]-[#8],[#1:1]-[#8]
n14,0.0868793154488,6,0.0885434999173,epsilon,[#6:1],[#6:1]
n15,0.21,6,0.2099548270796,epsilon,[#6X2:1],[#6X2:1]
n16,0.1088406109251,6,0.1094849893256,epsilon,[#6X4:1],[#6X4:1]
n17,0.2102061007896,6,0.2104065878058,epsilon,[#8:1],[#8:1]
n18,0.1684651402602,6,0.167105603698,epsilon,[#8X2H0+0:1],[#8X2H0+0:1]
n19,0.2094735324129,6,0.2081954126856,epsilon,[#8X2H1+0:1],[#8X2H1+0:1]
n20,0.1676915150424,6,0.1674694076682,epsilon,[#7:1],[#7:1]
n24,0.2656001046527,6,0.2658539562646,epsilon,[#17:1],[#17:1]
n25,0.3218986365974,6,0.3223161409221,epsilon,[#35:1],[#35:1]
n2,0.01577948280971,7,0.01569299039534,epsilon,[#1:1]-[#6X4],[#1:1]-[#6X4]
n3,0.01640924602775,7,0.01756497337677,epsilon,"[#1:1]-[#6X4]-[#7,#8,#9,#16,#17,#35]",[#1:1]-[#6X4]-[ENA]
n4,0.0157,7,0.01538168448696,epsilon,"[#1:1]-[#6X4](-[#7,#8,#9,#16,#17,#35])-[#7,#8,#9,#16,#17,#35]",[#1:1]-[#6X4](-[ENA])-[ENA]
n5,0.0157,7,0.01488509429154,epsilon,"[#1:1]-[#6X4](-[#7,#8,#9,#16,#17,#35])(-[#7,#8,#9,#16,#17,#35])-[#7,#8,#9,#16,#17,#35]",[#1:1]-[#6X4](-[ENA])(-[ENA])-[ENA]
n7,0.01561134320353,7,0.01631522241648,epsilon,[#1:1]-[#6X3],[#1:1]-[#6X3]
n8,0.01310699839698,7,0.01379442377688,epsilon,"[#1:1]-[#6X3]~[#7,#8,#9,#16,#17,#35]",[#1:1]-[#6X3]~[ENA]
n9,0.01479744504464,7,0.01521298894531,epsilon,"[#1:1]-[#6X3](~[#7,#8,#9,#16,#17,#35])~[#7,#8,#9,#16,#17,#35]",[#1:1]-[#6X3](~[ENA])~[ENA]
n11,0.01409081474669,7,0.01297073770429,epsilon,[#1:1]-[#7],[#1:1]-[#7]
n12,1.232599966667e-05,7,0.0,epsilon,[#1:1]-[#8],[#1:1]-[#8]
n14,0.0868793154488,7,0.08873216790989,epsilon,[#6:1],[#6:1]
n15,0.21,7,0.2099995590129,epsilon,[#6X2:1],[#6X2:1]
n16,0.1088406109251,7,0.109206109798,epsilon,[#6X4:1],[#6X4:1]
n17,0.2102061007896,7,0.2104172543511,epsilon,[#8:1],[#8:1]
n18,0.1684651402602,7,0.1669878861463,epsilon,[#8X2H0+0:1],[#8X2H0+0:1]
n19,0.2094735324129,7,0.2085200210022,epsilon,[#8X2H1+0:1],[#8X2H1+0:1]
n20,0.1676915150424,7,0.1674312012146,epsilon,[#7:1],[#7:1]
n24,0.2656001046527,7,0.2654311952054,epsilon,[#17:1],[#17:1]
n25,0.3218986365974,7,0.3223405729048,epsilon,[#35:1],[#35:1]
n2,0.01577948280971,8,0.015535904015,epsilon,[#1:1]-[#6X4],[#1:1]-[#6X4]
n3,0.01640924602775,8,0.01699657160253,epsilon,"[#1:1]-[#6X4]-[#7,#8,#9,#16,#17,#35]",[#1:1]-[#6X4]-[ENA]
n4,0.0157,8,0.01552520910475,epsilon,"[#1:1]-[#6X4](-[#7,#8,#9,#16,#17,#35])-[#7,#8,#9,#16,#17,#35]",[#1:1]-[#6X4](-[ENA])-[ENA]
n5,0.0157,8,0.01531804405504,epsilon,"[#1:1]-[#6X4](-[#7,#8,#9,#16,#17,#35])(-[#7,#8,#9,#16,#17,#35])-[#7,#8,#9,#16,#17,#35]",[#1:1]-[#6X4](-[ENA])(-[ENA])-[ENA]
n7,0.01561134320353,8,0.016048058208,epsilon,[#1:1]-[#6X3],[#1:1]-[#6X3]
n8,0.01310699839698,8,0.01228680242862,epsilon,"[#1:1]-[#6X3]~[#7,#8,#9,#16,#17,#35]",[#1:1]-[#6X3]~[ENA]
n9,0.01479744504464,8,0.01485073843753,epsilon,"[#1:1]-[#6X3](~[#7,#8,#9,#16,#17,#35])~[#7,#8,#9,#16,#17,#35]",[#1:1]-[#6X3](~[ENA])~[ENA]
n11,0.01409081474669,8,0.01334986468847,epsilon,[#1:1]-[#7],[#1:1]-[#7]
n12,1.232599966667e-05,8,0.0,epsilon,[#1:1]-[#8],[#1:1]-[#8]
n14,0.0868793154488,8,0.088201166786,epsilon,[#6:1],[#6:1]
n15,0.21,8,0.210033317147,epsilon,[#6X2:1],[#6X2:1]
n16,0.1088406109251,8,0.1088480237841,epsilon,[#6X4:1],[#6X4:1]
n17,0.2102061007896,8,0.2103184840826,epsilon,[#8:1],[#8:1]
n18,0.1684651402602,8,0.166978194473,epsilon,[#8X2H0+0:1],[#8X2H0+0:1]
n19,0.2094735324129,8,0.2084988280914,epsilon,[#8X2H1+0:1],[#8X2H1+0:1]
n20,0.1676915150424,8,0.1674473932252,epsilon,[#7:1],[#7:1]
n24,0.2656001046527,8,0.2650823068684,epsilon,[#17:1],[#17:1]
n25,0.3218986365974,8,0.3221415564095,epsilon,[#35:1],[#35:1]
n2,0.01577948280971,9,0.01525765689371,epsilon,[#1:1]-[#6X4],[#1:1]-[#6X4]
n3,0.01640924602775,9,0.01720385073575,epsilon,"[#1:1]-[#6X4]-[#7,#8,#9,#16,#17,#35]",[#1:1]-[#6X4]-[ENA]
n4,0.0157,9,0.015563853878,epsilon,"[#1:1]-[#6X4](-[#7,#8,#9,#16,#17,#35])-[#7,#8,#9,#16,#17,#35]",[#1:1]-[#6X4](-[ENA])-[ENA]
n5,0.0157,9,0.015515894564,epsilon,"[#1:1]-[#6X4](-[#7,#8,#9,#16,#17,#35])(-[#7,#8,#9,#16,#17,#35])-[#7,#8,#9,#16,#17,#35]",[#1:1]-[#6X4](-[ENA])(-[ENA])-[ENA]
n7,0.01561134320353,9,0.01627425458953,epsilon,[#1:1]-[#6X3],[#1:1]-[#6X3]
n8,0.01310699839698,9,0.01200972452698,epsilon,"[#1:1]-[#6X3]~[#7,#8,#9,#16,#17,#35]",[#1:1]-[#6X3]~[ENA]
n9,0.01479744504464,9,0.01464548602864,epsilon,"[#1:1]-[#6X3](~[#7,#8,#9,#16,#17,#35])~[#7,#8,#9,#16,#17,#35]",[#1:1]-[#6X3](~[ENA])~[ENA]
n11,0.01409081474669,9,0.01284797373669,epsilon,[#1:1]-[#7],[#1:1]-[#7]
n12,1.232599966667e-05,9,0.0,epsilon,[#1:1]-[#8],[#1:1]-[#8]
n14,0.0868793154488,9,0.0885536674888,epsilon,[#6:1],[#6:1]
n15,0.21,9,0.2100016631862,epsilon,[#6X2:1],[#6X2:1]
n16,0.1088406109251,9,0.1092089269931,epsilon,[#6X4:1],[#6X4:1]
n17,0.2102061007896,9,0.2104111589196,epsilon,[#8:1],[#8:1]
n18,0.1684651402602,9,0.1671846958802,epsilon,[#8X2H0+0:1],[#8X2H0+0:1]
n19,0.2094735324129,9,0.2081113867529,epsilon,[#8X2H1+0:1],[#8X2H1+0:1]
n20,0.1676915150424,9,0.1674266380404,epsilon,[#7:1],[#7:1]
n24,0.2656001046527,9,0.2657636552287,epsilon,[#17:1],[#17:1]
n25,0.3218986365974,9,0.3222097217024,epsilon,[#35:1],[#35:1]
n2,0.01577948280971,10,0.01484437012871,epsilon,[#1:1]-[#6X4],[#1:1]-[#6X4]
n3,0.01640924602775,10,0.01642831097865,epsilon,"[#1:1]-[#6X4]-[#7,#8,#9,#16,#17,#35]",[#1:1]-[#6X4]-[ENA]
n4,0.0157,10,0.015542363307,epsilon,"[#1:1]-[#6X4](-[#7,#8,#9,#16,#17,#35])-[#7,#8,#9,#16,#17,#35]",[#1:1]-[#6X4](-[ENA])-[ENA]
n5,0.0157,10,0.015177777429,epsilon,"[#1:1]-[#6X4](-[#7,#8,#9,#16,#17,#35])(-[#7,#8,#9,#16,#17,#35])-[#7,#8,#9,#16,#17,#35]",[#1:1]-[#6X4](-[ENA])(-[ENA])-[ENA]
n7,0.01561134320353,10,0.01593357682253,epsilon,[#1:1]-[#6X3],[#1:1]-[#6X3]
n8,0.01310699839698,10,0.01364865073498,epsilon,"[#1:1]-[#6X3]~[#7,#8,#9,#16,#17,#35]",[#1:1]-[#6X3]~[ENA]
n9,0.01479744504464,10,0.01454931791364,epsilon,"[#1:1]-[#6X3](~[#7,#8,#9,#16,#17,#35])~[#7,#8,#9,#16,#17,#35]",[#1:1]-[#6X3](~[ENA])~[ENA]
n11,0.01409081474669,10,0.01337658031569,epsilon,[#1:1]-[#7],[#1:1]-[#7]
n12,1.232599966667e-05,10,0.0,epsilon,[#1:1]-[#8],[#1:1]-[#8]
n14,0.0868793154488,10,0.0887062693188,epsilon,[#6:1],[#6:1]
n15,0.21,10,0.2100748920912,epsilon,[#6X2:1],[#6X2:1]
n16,0.1088406109251,10,0.1083839325671,epsilon,[#6X4:1],[#6X4:1]
n17,0.2102061007896,10,0.2103086104756,epsilon,[#8:1],[#8:1]
n18,0.1684651402602,10,0.1671510861502,epsilon,[#8X2H0+0:1],[#8X2H0+0:1]
n19,0.2094735324129,10,0.2081712127929,epsilon,[#8X2H1+0:1],[#8X2H1+0:1]
n20,0.1676915150424,10,0.1676249569816,epsilon,[#7:1],[#7:1]
n24,0.2656001046527,10,0.2650703156197,epsilon,[#17:1],[#17:1]
n25,0.3218986365974,10,0.3221125076704,epsilon,[#35:1],[#35:1]
n2,0.01577948280971,11,0.01472693300171,epsilon,[#1:1]-[#6X4],[#1:1]-[#6X4]
n3,0.01640924602775,11,0.01568210255068,epsilon,"[#1:1]-[#6X4]-[#7,#8,#9,#16,#17,#35]",[#1:1]-[#6X4]-[ENA]
n4,0.0157,11,0.0154500424616,epsilon,"[#1:1]-[#6X4](-[#7,#8,#9,#16,#17,#35])-[#7,#8,#9,#16,#17,#35]",[#1:1]-[#6X4](-[ENA])-[ENA]
n5,0.0157,11,0.01524431176804,epsilon,"[#1:1]-[#6X4](-[#7,#8,#9,#16,#17,#35])(-[#7,#8,#9,#16,#17,#35])-[#7,#8,#9,#16,#17,#35]",[#1:1]-[#6X4](-[ENA])(-[ENA])-[ENA]
n7,0.01561134320353,11,0.01627989215393,epsilon,[#1:1]-[#6X3],[#1:1]-[#6X3]
n8,0.01310699839698,11,0.0142151365054,epsilon,"[#1:1]-[#6X3]~[#7,#8,#9,#16,#17,#35]",[#1:1]-[#6X3]~[ENA]
n9,0.01479744504464,11,0.01451943435048,epsilon,"[#1:1]-[#6X3](~[#7,#8,#9,#16,#17,#35])~[#7,#8,#9,#16,#17,#35]",[#1:1]-[#6X3](~[ENA])~[ENA]
n11,0.01409081474669,11,0.01332685802296,epsilon,[#1:1]-[#7],[#1:1]-[#7]
n12,1.232599966667e-05,11,2.254414233337e-06,epsilon,[#1:1]-[#8],[#1:1]-[#8]
n14,0.0868793154488,11,0.08882078298402,epsilon,[#6:1],[#6:1]
n15,0.21,11,0.2100934554678,epsilon,[#6X2:1],[#6X2:1]
n16,0.1088406109251,11,0.1086517270156,epsilon,[#6X4:1],[#6X4:1]
n17,0.2102061007896,11,0.2103444438326,epsilon,[#8:1],[#8:1]
n18,0.1684651402602,11,0.1672336533521,epsilon,[#8X2H0+0:1],[#8X2H0+0:1]
n19,0.2094735324129,11,0.2082999777125,epsilon,[#8X2H1+0:1],[#8X2H1+0:1]
n20,0.1676915150424,11,0.1677583470379,epsilon,[#7:1],[#7:1]
n24,0.2656001046527,11,0.2650413729373,epsilon,[#17:1],[#17:1]
n25,0.3218986365974,11,0.3220982380473,epsilon,[#35:1],[#35:1]
n2,0.01577948280971,12,0.01478031568098,epsilon,[#1:1]-[#6X4],[#1:1]-[#6X4]
n3,0.01640924602775,12,0.01590288765856,epsilon,"[#1:1]-[#6X4]-[#7,#8,#9,#16,#17,#35]",[#1:1]-[#6X4]-[ENA]
n4,0.0157,12,0.01547726097163,epsilon,"[#1:1]-[#6X4](-[#7,#8,#9,#16,#17,#35])-[#7,#8,#9,#16,#17,#35]",[#1:1]-[#6X4](-[ENA])-[ENA]
n5,0.0157,12,0.01534895443029,epsilon,"[#1:1]-[#6X4](-[#7,#8,#9,#16,#17,#35])(-[#7,#8,#9,#16,#17,#35])-[#7,#8,#9,#16,#17,#35]",[#1:1]-[#6X4](-[ENA])(-[ENA])-[ENA]
n7,0.01561134320353,12,0.01724465666878,epsilon,[#1:1]-[#6X3],[#1:1]-[#6X3]
n8,0.01310699839698,12,0.01394634203047,epsilon,"[#1:1]-[#6X3]~[#7,#8,#9,#16,#17,#35]",[#1:1]-[#6X3]~[ENA]
n9,0.01479744504464,12,0.01431426134469,epsilon,"[#1:1]-[#6X3](~[#7,#8,#9,#16,#17,#35])~[#7,#8,#9,#16,#17,#35]",[#1:1]-[#6X3](~[ENA])~[ENA]
n11,0.01409081474669,12,0.01297315622127,epsilon,[#1:1]-[#7],[#1:1]-[#7]
n12,1.232599966667e-05,12,0.0,epsilon,[#1:1]-[#8],[#1:1]-[#8]
n14,0.0868793154488,12,0.08894111427592,epsilon,[#6:1],[#6:1]
n15,0.21,12,0.2100543625252,epsilon,[#6X2:1],[#6X2:1]
n16,0.1088406109251,12,0.1088294042726,epsilon,[#6X4:1],[#6X4:1]
n17,0.2102061007896,12,0.2103235763973,epsilon,[#8:1],[#8:1]
n18,0.1684651402602,12,0.1671927778728,epsilon,[#8X2H0+0:1],[#8X2H0+0:1]
n19,0.2094735324129,12,0.2084657902854,epsilon,[#8X2H1+0:1],[#8X2H1+0:1]
n20,0.1676915150424,12,0.1674168267198,epsilon,[#7:1],[#7:1]
n24,0.2656001046527,12,0.265483358635,epsilon,[#17:1],[#17:1]
n25,0.3218986365974,12,0.3221529207786,epsilon,[#35:1],[#35:1]
n2,0.01577948280971,13,0.01492287720072,epsilon,[#1:1]-[#6X4],[#1:1]-[#6X4]
n3,0.01640924602775,13,0.01638224215229,epsilon,"[#1:1]-[#6X4]-[#7,#8,#9,#16,#17,#35]",[#1:1]-[#6X4]-[ENA]
n4,0.0157,13,0.01550317788871,epsilon,"[#1:1]-[#6X4](-[#7,#8,#9,#16,#17,#35])-[#7,#8,#9,#16,#17,#35]",[#1:1]-[#6X4](-[ENA])-[ENA]
n5,0.0157,13,0.01498266935172,epsilon,"[#1:1]-[#6X4](-[#7,#8,#9,#16,#17,#35])(-[#7,#8,#9,#16,#17,#35])-[#7,#8,#9,#16,#17,#35]",[#1:1]-[#6X4](-[ENA])(-[ENA])-[ENA]
n7,0.01561134320353,13,0.01721254241734,epsilon,[#1:1]-[#6X3],[#1:1]-[#6X3]
n8,0.01310699839698,13,0.01255271278173,epsilon,"[#1:1]-[#6X3]~[#7,#8,#9,#16,#17,#35]",[#1:1]-[#6X3]~[ENA]
n9,0.01479744504464,13,0.01481413593651,epsilon,"[#1:1]-[#6X3](~[#7,#8,#9,#16,#17,#35])~[#7,#8,#9,#16,#17,#35]",[#1:1]-[#6X3](~[ENA])~[ENA]
n11,0.01409081474669,13,0.01305728281955,epsilon,[#1:1]-[#7],[#1:1]-[#7]
n12,1.232599966667e-05,13,0.0,epsilon,[#1:1]-[#8],[#1:1]-[#8]
n14,0.0868793154488,13,0.08853487134738,epsilon,[#6:1],[#6:1]
n15,0.21,13,0.2101028381068,epsilon,[#6X2:1],[#6X2:1]
n16,0.1088406109251,13,0.1088482318041,epsilon,[#6X4:1],[#6X4:1]
n17,0.2102061007896,13,0.2104138668641,epsilon,[#8:1],[#8:1]
n18,0.1684651402602,13,0.1673749558678,epsilon,[#8X2H0+0:1],[#8X2H0+0:1]
n19,0.2094735324129,13,0.2079540689947,epsilon,[#8X2H1+0:1],[#8X2H1+0:1]
n20,0.1676915150424,13,0.167537968035,epsilon,[#7:1],[#7:1]
n24,0.2656001046527,13,0.2650111034731,epsilon,[#17:1],[#17:1]
n25,0.3218986365974,13,0.3222104758369,epsilon,[#35:1],[#35:1]
n2,0.01577948280971,14,0.01486133588089,epsilon,[#1:1]-[#6X4],[#1:1]-[#6X4]
n3,0.01640924602775,14,0.01647977537189,epsilon,"[#1:1]-[#6X4]-[#7,#8,#9,#16,#17,#35]",[#1:1]-[#6X4]-[ENA]
n4,0.0157,14,0.01561381306039,epsilon,"[#1:1]-[#6X4](-[#7,#8,#9,#16,#17,#35])-[#7,#8,#9,#16,#17,#35]",[#1:1]-[#6X4](-[ENA])-[ENA]
n5,0.0157,14,0.01531166646228,epsilon,"[#1:1]-[#6X4](-[#7,#8,#9,#16,#17,#35])(-[#7,#8,#9,#16,#17,#35])-[#7,#8,#9,#16,#17,#35]",[#1:1]-[#6X4](-[ENA])(-[ENA])-[ENA]
n7,0.01561134320353,14,0.01754836429867,epsilon,[#1:1]-[#6X3],[#1:1]-[#6X3]
n8,0.01310699839698,14,0.0126172326655,epsilon,"[#1:1]-[#6X3]~[#7,#8,#9,#16,#17,#35]",[#1:1]-[#6X3]~[ENA]
n9,0.01479744504464,14,0.01515941713242,epsilon,"[#1:1]-[#6X3](~[#7,#8,#9,#16,#17,#35])~[#7,#8,#9,#16,#17,#35]",[#1:1]-[#6X3](~[ENA])~[ENA]
n11,0.01409081474669,14,0.01349421304974,epsilon,[#1:1]-[#7],[#1:1]-[#7]
n12,1.232599966667e-05,14,0.0,epsilon,[#1:1]-[#8],[#1:1]-[#8]
n14,0.0868793154488,14,0.08931247290251,epsilon,[#6:1],[#6:1]
n15,0.21,14,0.2100964531172,epsilon,[#6X2:1],[#6X2:1]
n16,0.1088406109251,14,0.1089695005032,epsilon,[#6X4:1],[#6X4:1]
n17,0.2102061007896,14,0.210441420894,epsilon,[#8:1],[#8:1]
n18,0.1684651402602,14,0.1672821357768,epsilon,[#8X2H0+0:1],[#8X2H0+0:1]
n19,0.2094735324129,14,0.2081659857255,epsilon,[#8X2H1+0:1],[#8X2H1+0:1]
n20,0.1676915150424,14,0.1677545273392,epsilon,[#7:1],[#7:1]
n24,0.2656001046527,14,0.2651307326834,epsilon,[#17:1],[#17:1]
n25,0.3218986365974,14,0.3221407358179,epsilon,[#35:1],[#35:1]
n2,0.01577948280971,15,0.01492925398323,epsilon,[#1:1]-[#6X4],[#1:1]-[#6X4]
n3,0.01640924602775,15,0.01656801418588,epsilon,"[#1:1]-[#6X4]-[#7,#8,#9,#16,#17,#35]",[#1:1]-[#6X4]-[ENA]
n4,0.0157,15,0.01546143646763,epsilon,"[#1:1]-[#6X4](-[#7,#8,#9,#16,#17,#35])-[#7,#8,#9,#16,#17,#35]",[#1:1]-[#6X4](-[ENA])-[ENA]
n5,0.0157,15,0.01484383218931,epsilon,"[#1:1]-[#6X4](-[#7,#8,#9,#16,#17,#35])(-[#7,#8,#9,#16,#17,#35])-[#7,#8,#9,#16,#17,#35]",[#1:1]-[#6X4](-[ENA])(-[ENA])-[ENA]
n7,0.01561134320353,15,0.01710613694894,epsilon,[#1:1]-[#6X3],[#1:1]-[#6X3]
n8,0.01310699839698,15,0.01298320137688,epsilon,"[#1:1]-[#6X3]~[#7,#8,#9,#16,#17,#35]",[#1:1]-[#6X3]~[ENA]
n9,0.01479744504464,15,0.0150925008416,epsilon,"[#1:1]-[#6X3](~[#7,#8,#9,#16,#17,#35])~[#7,#8,#9,#16,#17,#35]",[#1:1]-[#6X3](~[ENA])~[ENA]
n11,0.01409081474669,15,0.01316973389025,epsilon,[#1:1]-[#7],[#1:1]-[#7]
n12,1.232599966667e-05,15,0.0,epsilon,[#1:1]-[#8],[#1:1]-[#8]
n14,0.0868793154488,15,0.08979006976623,epsilon,[#6:1],[#6:1]
n15,0.21,15,0.2101025373934,epsilon,[#6X2:1],[#6X2:1]
n16,0.1088406109251,15,0.1086768685844,epsilon,[#6X4:1],[#6X4:1]
n17,0.2102061007896,15,0.2105801281964,epsilon,[#8:1],[#8:1]
n18,0.1684651402602,15,0.1672942899077,epsilon,[#8X2H0+0:1],[#8X2H0+0:1]
n19,0.2094735324129,15,0.2083917164281,epsilon,[#8X2H1+0:1],[#8X2H1+0:1]
n20,0.1676915150424,15,0.1676930203275,epsilon,[#7:1],[#7:1]
n24,0.2656001046527,15,0.2649255232922,epsilon,[#17:1],[#17:1]
n25,0.3218986365974,15,0.3222080489505,epsilon,[#35:1],[#35:1]
