FF,Group,Type,n_dataset,n_in_dataset,n_high_error,n_in_high_error,fraction_in_dataset,fraction_in_high_error,ratio_representation
Sage 2.3.0rc2 + ELF10,t69,ProperTorsions,283,1,62,1,0.0035335689045936395,0.016129032258064516,4.564516129032258
Sage 2.3.0rc2 + ELF10,a5,Angles,283,2,62,2,0.007067137809187279,0.03225806451612903,4.564516129032258
Sage 2.3.0rc2 + AshGC,a5,Angles,283,2,70,2,0.007067137809187279,0.02857142857142857,4.042857142857143
Sage 2.3.0rc2 + AshGC,t69,ProperTorsions,283,1,70,1,0.0035335689045936395,0.014285714285714285,4.042857142857143
Sage 2.2.1 + ELF10,t69,ProperTorsions,283,1,83,1,0.0035335689045936395,0.012048192771084338,3.4096385542168677
Sage 2.2.1 + ELF10,a37,Angles,283,2,83,2,0.007067137809187279,0.024096385542168676,3.4096385542168677
Sage 2.2.1 + ELF10,a5,Angles,283,2,83,2,0.007067137809187279,0.024096385542168676,3.4096385542168677
Sage 2.2.1 + AshGC,t69,ProperTorsions,283,1,86,1,0.0035335689045936395,0.011627906976744186,3.2906976744186047
Sage 2.2.1 + AshGC,a5,Angles,283,2,86,2,0.007067137809187279,0.023255813953488372,3.2906976744186047
Sage 2.2.1 + AshGC,a37,Angles,283,2,86,2,0.007067137809187279,0.023255813953488372,3.2906976744186047
Sage 2.3.0rc2 + ELF10,Urea,Checkmol,283,3,62,2,0.01060070671378092,0.03225806451612903,3.0430107526881716
Sage 2.3.0rc2 + AshGC,Urea,Checkmol,283,3,70,2,0.01060070671378092,0.02857142857142857,2.695238095238095
Sage 2.3.0rc2 + AshGC,t120,ProperTorsions,283,12,70,7,0.04240282685512368,0.1,2.3583333333333334
Sage 2.3.0rc2 + AshGC,t119,ProperTorsions,283,12,70,7,0.04240282685512368,0.1,2.3583333333333334
Sage 2.3.0rc2 + ELF10,b38,Bonds,283,2,62,1,0.007067137809187279,0.016129032258064516,2.282258064516129
Sage 2.3.0rc2 + ELF10,a7a,Angles,283,4,62,2,0.014134275618374558,0.03225806451612903,2.282258064516129
Sage 2.3.0rc2 + ELF10,a8,Angles,283,4,62,2,0.014134275618374558,0.03225806451612903,2.282258064516129
Sage 2.3.0rc2 + ELF10,b35,Bonds,283,2,62,1,0.007067137809187279,0.016129032258064516,2.282258064516129
Sage 2.3.0rc2 + ELF10,t140,ProperTorsions,283,2,62,1,0.007067137809187279,0.016129032258064516,2.282258064516129
Sage 2.3.0rc2 + ELF10,t152,ProperTorsions,283,2,62,1,0.007067137809187279,0.016129032258064516,2.282258064516129
Sage 2.3.0rc2 + ELF10,t150,ProperTorsions,283,2,62,1,0.007067137809187279,0.016129032258064516,2.282258064516129
Sage 2.3.0rc2 + ELF10,a9,Angles,283,4,62,2,0.014134275618374558,0.03225806451612903,2.282258064516129
Sage 2.3.0rc2 + ELF10,t57,ProperTorsions,283,2,62,1,0.007067137809187279,0.016129032258064516,2.282258064516129
Sage 2.3.0rc2 + ELF10,t56,ProperTorsions,283,2,62,1,0.007067137809187279,0.016129032258064516,2.282258064516129
Sage 2.3.0rc2 + ELF10,t138,ProperTorsions,283,2,62,1,0.007067137809187279,0.016129032258064516,2.282258064516129
Sage 2.2.1 + ELF10,"1,2 Aminoalcohol",Checkmol,283,6,83,4,0.02120141342756184,0.04819277108433735,2.2730923694779115
Sage 2.2.1 + ELF10,Tertiary Alcohol,Checkmol,283,3,83,2,0.01060070671378092,0.024096385542168676,2.2730923694779115
Sage 2.3.0rc2 + AshGC,t76,ProperTorsions,283,11,70,6,0.038869257950530034,0.08571428571428572,2.205194805194805
Sage 2.2.1 + AshGC,Urea,Checkmol,283,3,86,2,0.01060070671378092,0.023255813953488372,2.193798449612403
Sage 2.2.1 + AshGC,"1,2 Aminoalcohol",Checkmol,283,6,86,4,0.02120141342756184,0.046511627906976744,2.193798449612403
Sage 2.2.1 + AshGC,t119,ProperTorsions,283,12,86,8,0.04240282685512368,0.09302325581395349,2.193798449612403
Sage 2.2.1 + AshGC,t120,ProperTorsions,283,12,86,8,0.04240282685512368,0.09302325581395349,2.193798449612403
Sage 2.3.0rc2 + AshGC,t83a,ProperTorsions,283,2,70,1,0.007067137809187279,0.014285714285714285,2.0214285714285714
Sage 2.3.0rc2 + AshGC,t152,ProperTorsions,283,2,70,1,0.007067137809187279,0.014285714285714285,2.0214285714285714
Sage 2.3.0rc2 + AshGC,t25,ProperTorsions,283,2,70,1,0.007067137809187279,0.014285714285714285,2.0214285714285714
Sage 2.3.0rc2 + AshGC,t138,ProperTorsions,283,2,70,1,0.007067137809187279,0.014285714285714285,2.0214285714285714
Sage 2.3.0rc2 + AshGC,t150,ProperTorsions,283,2,70,1,0.007067137809187279,0.014285714285714285,2.0214285714285714
Sage 2.3.0rc2 + AshGC,t56,ProperTorsions,283,2,70,1,0.007067137809187279,0.014285714285714285,2.0214285714285714
Sage 2.3.0rc2 + AshGC,b8a,Bonds,283,2,70,1,0.007067137809187279,0.014285714285714285,2.0214285714285714
Sage 2.3.0rc2 + AshGC,t57,ProperTorsions,283,2,70,1,0.007067137809187279,0.014285714285714285,2.0214285714285714
Sage 2.3.0rc2 + AshGC,t140,ProperTorsions,283,2,70,1,0.007067137809187279,0.014285714285714285,2.0214285714285714
Sage 2.3.0rc2 + AshGC,a25,Angles,283,2,70,1,0.007067137809187279,0.014285714285714285,2.0214285714285714
Sage 2.3.0rc2 + AshGC,t82,ProperTorsions,283,4,70,2,0.014134275618374558,0.02857142857142857,2.0214285714285714
Sage 2.3.0rc2 + AshGC,a26,Angles,283,2,70,1,0.007067137809187279,0.014285714285714285,2.0214285714285714
Sage 2.3.0rc2 + AshGC,Nitro Compound,Checkmol,283,2,70,1,0.007067137809187279,0.014285714285714285,2.0214285714285714
Sage 2.3.0rc2 + AshGC,b42,Bonds,283,2,70,1,0.007067137809187279,0.014285714285714285,2.0214285714285714
Sage 2.3.0rc2 + AshGC,b38,Bonds,283,2,70,1,0.007067137809187279,0.014285714285714285,2.0214285714285714
Sage 2.3.0rc2 + AshGC,b35,Bonds,283,2,70,1,0.007067137809187279,0.014285714285714285,2.0214285714285714
Sage 2.2.1 + ELF10,t119,ProperTorsions,283,12,83,7,0.04240282685512368,0.08433734939759036,1.9889558232931723
Sage 2.2.1 + ELF10,t120,ProperTorsions,283,12,83,7,0.04240282685512368,0.08433734939759036,1.9889558232931723
Sage 2.2.1 + AshGC,t21,ProperTorsions,283,10,86,6,0.0353356890459364,0.06976744186046512,1.9744186046511627
Sage 2.3.0rc2 + ELF10,t111,ProperTorsions,283,7,62,3,0.024734982332155476,0.04838709677419355,1.9562211981566822
Sage 2.2.1 + AshGC,t76,ProperTorsions,283,11,86,6,0.038869257950530034,0.06976744186046512,1.79492600422833
Sage 2.2.1 + AshGC,t19a,ProperTorsions,283,34,86,18,0.12014134275618374,0.20930232558139536,1.7421340629274968
Sage 2.2.1 + AshGC,t18a,ProperTorsions,283,34,86,18,0.12014134275618374,0.20930232558139536,1.7421340629274968
Sage 2.2.1 + ELF10,a9,Angles,283,4,83,2,0.014134275618374558,0.024096385542168676,1.7048192771084338
Sage 2.2.1 + ELF10,Thioether,Checkmol,283,4,83,2,0.014134275618374558,0.024096385542168676,1.7048192771084338
Sage 2.2.1 + ELF10,t56,ProperTorsions,283,2,83,1,0.007067137809187279,0.012048192771084338,1.7048192771084338
Sage 2.2.1 + ELF10,a8,Angles,283,4,83,2,0.014134275618374558,0.024096385542168676,1.7048192771084338
Sage 2.2.1 + ELF10,a7a,Angles,283,4,83,2,0.014134275618374558,0.024096385542168676,1.7048192771084338
Sage 2.2.1 + ELF10,t57,ProperTorsions,283,2,83,1,0.007067137809187279,0.012048192771084338,1.7048192771084338
Sage 2.2.1 + ELF10,b38,Bonds,283,2,83,1,0.007067137809187279,0.012048192771084338,1.7048192771084338
Sage 2.2.1 + ELF10,b35,Bonds,283,2,83,1,0.007067137809187279,0.012048192771084338,1.7048192771084338
Sage 2.2.1 + ELF10,t138,ProperTorsions,283,2,83,1,0.007067137809187279,0.012048192771084338,1.7048192771084338
Sage 2.2.1 + ELF10,"1,2 Diol",Checkmol,283,2,83,1,0.007067137809187279,0.012048192771084338,1.7048192771084338
Sage 2.2.1 + ELF10,t150,ProperTorsions,283,2,83,1,0.007067137809187279,0.012048192771084338,1.7048192771084338
Sage 2.2.1 + ELF10,t152,ProperTorsions,283,2,83,1,0.007067137809187279,0.012048192771084338,1.7048192771084338
Sage 2.2.1 + ELF10,t140,ProperTorsions,283,2,83,1,0.007067137809187279,0.012048192771084338,1.7048192771084338
Sage 2.3.0rc2 + AshGC,t18a,ProperTorsions,283,34,70,14,0.12014134275618374,0.2,1.6647058823529413
Sage 2.3.0rc2 + AshGC,t19a,ProperTorsions,283,34,70,14,0.12014134275618374,0.2,1.6647058823529413
Sage 2.3.0rc2 + AshGC,a41a,Angles,283,51,70,21,0.18021201413427562,0.3,1.664705882352941
Sage 2.3.0rc2 + AshGC,t117a,ProperTorsions,283,51,70,21,0.18021201413427562,0.3,1.664705882352941
Sage 2.3.0rc2 + ELF10,t76,ProperTorsions,283,11,62,4,0.038869257950530034,0.06451612903225806,1.6598240469208212
Sage 2.2.1 + AshGC,Sulfone,Checkmol,283,18,86,9,0.0636042402826855,0.10465116279069768,1.6453488372093026
Sage 2.2.1 + AshGC,t152,ProperTorsions,283,2,86,1,0.007067137809187279,0.011627906976744186,1.6453488372093024
Sage 2.2.1 + AshGC,t138,ProperTorsions,283,2,86,1,0.007067137809187279,0.011627906976744186,1.6453488372093024
Sage 2.2.1 + AshGC,b28,Bonds,283,2,86,1,0.007067137809187279,0.011627906976744186,1.6453488372093024
Sage 2.2.1 + AshGC,b35,Bonds,283,2,86,1,0.007067137809187279,0.011627906976744186,1.6453488372093024
Sage 2.2.1 + AshGC,b38,Bonds,283,2,86,1,0.007067137809187279,0.011627906976744186,1.6453488372093024
Sage 2.2.1 + AshGC,t94,ProperTorsions,283,16,86,8,0.05653710247349823,0.09302325581395349,1.6453488372093024
Sage 2.2.1 + AshGC,t57,ProperTorsions,283,2,86,1,0.007067137809187279,0.011627906976744186,1.6453488372093024
Sage 2.2.1 + AshGC,t140,ProperTorsions,283,2,86,1,0.007067137809187279,0.011627906976744186,1.6453488372093024
Sage 2.2.1 + AshGC,t165,ProperTorsions,283,2,86,1,0.007067137809187279,0.011627906976744186,1.6453488372093024
Sage 2.2.1 + AshGC,t56,ProperTorsions,283,2,86,1,0.007067137809187279,0.011627906976744186,1.6453488372093024
Sage 2.2.1 + AshGC,t150,ProperTorsions,283,2,86,1,0.007067137809187279,0.011627906976744186,1.6453488372093024
Sage 2.2.1 + AshGC,a7a,Angles,283,4,86,2,0.014134275618374558,0.023255813953488372,1.6453488372093024
Sage 2.2.1 + AshGC,Secondary Alcohol,Checkmol,283,4,86,2,0.014134275618374558,0.023255813953488372,1.6453488372093024
Sage 2.2.1 + AshGC,"1,2 Diol",Checkmol,283,2,86,1,0.007067137809187279,0.011627906976744186,1.6453488372093024
Sage 2.2.1 + AshGC,Alkyne,Checkmol,283,2,86,1,0.007067137809187279,0.011627906976744186,1.6453488372093024
Sage 2.2.1 + AshGC,a9,Angles,283,4,86,2,0.014134275618374558,0.023255813953488372,1.6453488372093024
Sage 2.2.1 + AshGC,a8,Angles,283,4,86,2,0.014134275618374558,0.023255813953488372,1.6453488372093024
Sage 2.2.1 + AshGC,Thioether,Checkmol,283,4,86,2,0.014134275618374558,0.023255813953488372,1.6453488372093024
Sage 2.2.1 + ELF10,t19a,ProperTorsions,283,34,83,16,0.12014134275618374,0.1927710843373494,1.6045357902197026
Sage 2.2.1 + ELF10,t18a,ProperTorsions,283,34,83,16,0.12014134275618374,0.1927710843373494,1.6045357902197026
Sage 2.2.1 + AshGC,t118,ProperTorsions,283,27,86,13,0.09540636042402827,0.1511627906976744,1.5844099913867356
Sage 2.3.0rc2 + AshGC,Sulfone,Checkmol,283,18,70,7,0.0636042402826855,0.1,1.5722222222222224
Sage 2.2.1 + ELF10,t58a,ProperTorsions,283,11,83,5,0.038869257950530034,0.060240963855421686,1.5498357064622126
Sage 2.2.1 + ELF10,b52,Bonds,283,55,83,25,0.19434628975265017,0.30120481927710846,1.5498357064622126
Sage 2.2.1 + ELF10,t76,ProperTorsions,283,11,83,5,0.038869257950530034,0.060240963855421686,1.5498357064622126
Sage 2.2.1 + ELF10,t115,ProperTorsions,283,55,83,25,0.19434628975265017,0.30120481927710846,1.5498357064622126
Sage 2.3.0rc2 + AshGC,t115,ProperTorsions,283,55,70,21,0.19434628975265017,0.3,1.5436363636363637
Sage 2.3.0rc2 + AshGC,b52,Bonds,283,55,70,21,0.19434628975265017,0.3,1.5436363636363637
Sage 2.2.1 + ELF10,a41a,Angles,283,51,83,23,0.18021201413427562,0.27710843373493976,1.5376801322938813
Sage 2.2.1 + ELF10,t117a,ProperTorsions,283,51,83,23,0.18021201413427562,0.27710843373493976,1.5376801322938813
Sage 2.3.0rc2 + ELF10,i2,ImproperTorsions,283,98,62,33,0.3462897526501767,0.532258064516129,1.5370309414088215
Sage 2.2.1 + AshGC,Secondary Mixed Amine,Checkmol,283,75,86,35,0.26501766784452296,0.4069767441860465,1.535658914728682
Sage 2.3.0rc2 + ELF10,Carboxylic Acid Salt,Checkmol,283,96,62,32,0.3392226148409894,0.5161290322580645,1.5215053763440858
Sage 2.3.0rc2 + ELF10,b22,Bonds,283,96,62,32,0.3392226148409894,0.5161290322580645,1.5215053763440858
Sage 2.3.0rc2 + ELF10,"1,2 Aminoalcohol",Checkmol,283,6,62,2,0.02120141342756184,0.03225806451612903,1.5215053763440858
Sage 2.3.0rc2 + ELF10,a15a,Angles,283,96,62,32,0.3392226148409894,0.5161290322580645,1.5215053763440858
Sage 2.3.0rc2 + ELF10,Anion,Checkmol,283,96,62,32,0.3392226148409894,0.5161290322580645,1.5215053763440858
Sage 2.3.0rc2 + ELF10,t48a,ProperTorsions,283,96,62,32,0.3392226148409894,0.5161290322580645,1.5215053763440858
Sage 2.3.0rc2 + ELF10,t119,ProperTorsions,283,12,62,4,0.04240282685512368,0.06451612903225806,1.5215053763440858
Sage 2.3.0rc2 + ELF10,t120,ProperTorsions,283,12,62,4,0.04240282685512368,0.06451612903225806,1.5215053763440858
Sage 2.2.1 + AshGC,b17,Bonds,283,91,86,42,0.3215547703180212,0.4883720930232558,1.5187835420393558
Sage 2.2.1 + ELF10,t146b,ProperTorsions,283,9,83,4,0.03180212014134275,0.04819277108433735,1.5153949129852746
Sage 2.3.0rc2 + AshGC,t118,ProperTorsions,283,27,70,10,0.09540636042402827,0.14285714285714285,1.4973544973544972
Sage 2.2.1 + AshGC,b52,Bonds,283,55,86,25,0.19434628975265017,0.29069767441860467,1.495771670190275
Sage 2.2.1 + AshGC,t115,ProperTorsions,283,55,86,25,0.19434628975265017,0.29069767441860467,1.495771670190275
Sage 2.3.0rc2 + AshGC,i2,ImproperTorsions,283,98,70,36,0.3462897526501767,0.5142857142857142,1.4851311953352768
Sage 2.2.1 + AshGC,a41a,Angles,283,51,86,23,0.18021201413427562,0.26744186046511625,1.4840401276789783
Sage 2.2.1 + AshGC,t117a,ProperTorsions,283,51,86,23,0.18021201413427562,0.26744186046511625,1.4840401276789783
Sage 2.3.0rc2 + AshGC,t48a,ProperTorsions,283,96,70,35,0.3392226148409894,0.5,1.4739583333333333
Sage 2.3.0rc2 + AshGC,Carboxylic Acid Salt,Checkmol,283,96,70,35,0.3392226148409894,0.5,1.4739583333333333
Sage 2.3.0rc2 + AshGC,b22,Bonds,283,96,70,35,0.3392226148409894,0.5,1.4739583333333333
Sage 2.3.0rc2 + AshGC,Anion,Checkmol,283,96,70,35,0.3392226148409894,0.5,1.4739583333333333
Sage 2.3.0rc2 + AshGC,a15a,Angles,283,96,70,35,0.3392226148409894,0.5,1.4739583333333333
Sage 2.2.1 + AshGC,t110,ProperTorsions,283,9,86,4,0.03180212014134275,0.046511627906976744,1.4625322997416021
Sage 2.2.1 + AshGC,a10a,Angles,283,9,86,4,0.03180212014134275,0.046511627906976744,1.4625322997416021
Sage 2.2.1 + AshGC,t107,ProperTorsions,283,9,86,4,0.03180212014134275,0.046511627906976744,1.4625322997416021
Sage 2.2.1 + AshGC,a15,Angles,283,9,86,4,0.03180212014134275,0.046511627906976744,1.4625322997416021
Sage 2.2.1 + AshGC,Carbamic Acid Ester,Checkmol,283,9,86,4,0.03180212014134275,0.046511627906976744,1.4625322997416021
Sage 2.2.1 + AshGC,t146b,ProperTorsions,283,9,86,4,0.03180212014134275,0.046511627906976744,1.4625322997416021
Sage 2.2.1 + AshGC,b20,Bonds,283,9,86,4,0.03180212014134275,0.046511627906976744,1.4625322997416021
Sage 2.2.1 + AshGC,Carbamic Acid Derivative,Checkmol,283,9,86,4,0.03180212014134275,0.046511627906976744,1.4625322997416021
Sage 2.2.1 + ELF10,t111,ProperTorsions,283,7,83,3,0.024734982332155476,0.03614457831325301,1.4612736660929433
Sage 2.3.0rc2 + ELF10,a4,Angles,283,25,62,8,0.08833922261484099,0.12903225806451613,1.4606451612903224
Sage 2.3.0rc2 + ELF10,t15,ProperTorsions,283,25,62,8,0.08833922261484099,0.12903225806451613,1.4606451612903224
Sage 2.3.0rc2 + ELF10,t16,ProperTorsions,283,25,62,8,0.08833922261484099,0.12903225806451613,1.4606451612903224
Sage 2.3.0rc2 + ELF10,a3,Angles,283,25,62,8,0.08833922261484099,0.12903225806451613,1.4606451612903224
Sage 2.3.0rc2 + ELF10,a6,Angles,283,25,62,8,0.08833922261484099,0.12903225806451613,1.4606451612903224
Sage 2.2.1 + ELF10,b22,Bonds,283,96,83,41,0.3392226148409894,0.4939759036144578,1.456199799196787
Sage 2.2.1 + ELF10,Carboxylic Acid Salt,Checkmol,283,96,83,41,0.3392226148409894,0.4939759036144578,1.456199799196787
Sage 2.2.1 + ELF10,a15a,Angles,283,96,83,41,0.3392226148409894,0.4939759036144578,1.456199799196787
Sage 2.2.1 + ELF10,Anion,Checkmol,283,96,83,41,0.3392226148409894,0.4939759036144578,1.456199799196787
Sage 2.2.1 + ELF10,t48a,ProperTorsions,283,96,83,41,0.3392226148409894,0.4939759036144578,1.456199799196787
Sage 2.2.1 + AshGC,Aryl Bromide,Checkmol,283,41,86,18,0.14487632508833923,0.20930232558139536,1.4446965399886558
Sage 2.2.1 + AshGC,n25,vdW,283,41,86,18,0.14487632508833923,0.20930232558139536,1.4446965399886558
Sage 2.2.1 + AshGC,b72,Bonds,283,41,86,18,0.14487632508833923,0.20930232558139536,1.4446965399886558
Sage 2.2.1 + AshGC,i2,ImproperTorsions,283,98,86,43,0.3462897526501767,0.5,1.443877551020408
Sage 2.3.0rc2 + AshGC,n21,vdW,283,84,70,30,0.2968197879858657,0.42857142857142855,1.443877551020408
Sage 2.3.0rc2 + ELF10,t14,ProperTorsions,283,19,62,6,0.06713780918727916,0.0967741935483871,1.4414261460101867
Sage 2.3.0rc2 + ELF10,t13,ProperTorsions,283,19,62,6,0.06713780918727916,0.0967741935483871,1.4414261460101867
Sage 2.2.1 + AshGC,t48a,ProperTorsions,283,96,86,42,0.3392226148409894,0.4883720930232558,1.4396802325581395
Sage 2.2.1 + AshGC,Anion,Checkmol,283,96,86,42,0.3392226148409894,0.4883720930232558,1.4396802325581395
Sage 2.2.1 + AshGC,Carboxylic Acid Salt,Checkmol,283,96,86,42,0.3392226148409894,0.4883720930232558,1.4396802325581395
Sage 2.2.1 + AshGC,a15a,Angles,283,96,86,42,0.3392226148409894,0.4883720930232558,1.4396802325581395
Sage 2.2.1 + AshGC,b22,Bonds,283,96,86,42,0.3392226148409894,0.4883720930232558,1.4396802325581395
Sage 2.2.1 + AshGC,t43,ProperTorsions,283,147,86,64,0.519434628975265,0.7441860465116279,1.4326847017876918
Sage 2.3.0rc2 + ELF10,t117a,ProperTorsions,283,51,62,16,0.18021201413427562,0.25806451612903225,1.4320050600885514
Sage 2.3.0rc2 + ELF10,a41a,Angles,283,51,62,16,0.18021201413427562,0.25806451612903225,1.4320050600885514
Sage 2.2.1 + ELF10,i2,ImproperTorsions,283,98,83,41,0.3462897526501767,0.4939759036144578,1.426481435947873
Sage 2.2.1 + AshGC,t20,ProperTorsions,283,74,86,32,0.26148409893992935,0.37209302325581395,1.4230043997485857
Sage 2.2.1 + ELF10,n21,vdW,283,84,83,35,0.2968197879858657,0.42168674698795183,1.420682730923695
Sage 2.2.1 + AshGC,t48,ProperTorsions,283,51,86,22,0.18021201413427562,0.2558139534883721,1.4195166438668492
Sage 2.2.1 + AshGC,t73,ProperTorsions,283,51,86,22,0.18021201413427562,0.2558139534883721,1.4195166438668492
Sage 2.2.1 + AshGC,Oxohetarene,Checkmol,283,51,86,22,0.18021201413427562,0.2558139534883721,1.4195166438668492
Sage 2.3.0rc2 + ELF10,t20,ProperTorsions,283,74,62,23,0.26148409893992935,0.3709677419354839,1.4187009590235395
Sage 2.2.1 + AshGC,b6,Bonds,283,149,86,64,0.5265017667844523,0.7441860465116279,1.413454034649602
Sage 2.2.1 + AshGC,t45,ProperTorsions,283,149,86,64,0.5265017667844523,0.7441860465116279,1.413454034649602
Sage 2.2.1 + AshGC,t111,ProperTorsions,283,7,86,3,0.024734982332155476,0.03488372093023256,1.410299003322259
Sage 2.2.1 + AshGC,Diarylether,Checkmol,283,54,86,23,0.19081272084805653,0.26744186046511625,1.4015934539190351
Sage 2.2.1 + ELF10,t118,ProperTorsions,283,27,83,11,0.09540636042402827,0.13253012048192772,1.389112003569835
Sage 2.2.1 + ELF10,t20,ProperTorsions,283,74,83,30,0.26148409893992935,0.3614457831325301,1.3822859003581893
Sage 2.3.0rc2 + AshGC,n25,vdW,283,41,70,14,0.14487632508833923,0.2,1.380487804878049
Sage 2.3.0rc2 + AshGC,Aryl Bromide,Checkmol,283,41,70,14,0.14487632508833923,0.2,1.380487804878049
Sage 2.3.0rc2 + AshGC,b72,Bonds,283,41,70,14,0.14487632508833923,0.2,1.380487804878049
Sage 2.2.1 + AshGC,n21,vdW,283,84,86,35,0.2968197879858657,0.4069767441860465,1.371124031007752
Sage 2.2.1 + ELF10,t43,ProperTorsions,283,147,83,59,0.519434628975265,0.7108433734939759,1.3684943857060896
Sage 2.2.1 + ELF10,t45,ProperTorsions,283,149,83,59,0.5265017667844523,0.7108433734939759,1.350125333548961
Sage 2.2.1 + ELF10,b6,Bonds,283,149,83,59,0.5265017667844523,0.7108433734939759,1.350125333548961
Sage 2.2.1 + ELF10,b17,Bonds,283,91,83,36,0.3215547703180212,0.43373493975903615,1.3488679994704091
Sage 2.3.0rc2 + AshGC,a15,Angles,283,9,70,3,0.03180212014134275,0.04285714285714286,1.3476190476190477
Sage 2.3.0rc2 + AshGC,t110,ProperTorsions,283,9,70,3,0.03180212014134275,0.04285714285714286,1.3476190476190477
Sage 2.3.0rc2 + AshGC,t107,ProperTorsions,283,9,70,3,0.03180212014134275,0.04285714285714286,1.3476190476190477
Sage 2.3.0rc2 + AshGC,a10a,Angles,283,9,70,3,0.03180212014134275,0.04285714285714286,1.3476190476190477
Sage 2.3.0rc2 + AshGC,b20,Bonds,283,9,70,3,0.03180212014134275,0.04285714285714286,1.3476190476190477
Sage 2.3.0rc2 + AshGC,Carbamic Acid Derivative,Checkmol,283,9,70,3,0.03180212014134275,0.04285714285714286,1.3476190476190477
Sage 2.3.0rc2 + AshGC,Carbamic Acid Ester,Checkmol,283,9,70,3,0.03180212014134275,0.04285714285714286,1.3476190476190477
Sage 2.3.0rc2 + AshGC,t146b,ProperTorsions,283,9,70,3,0.03180212014134275,0.04285714285714286,1.3476190476190477
Sage 2.3.0rc2 + ELF10,t18a,ProperTorsions,283,34,62,10,0.12014134275618374,0.16129032258064516,1.342504743833017
Sage 2.3.0rc2 + ELF10,t19a,ProperTorsions,283,34,62,10,0.12014134275618374,0.16129032258064516,1.342504743833017
Sage 2.2.1 + ELF10,n25,vdW,283,41,83,16,0.14487632508833923,0.1927710843373494,1.3305906553041436
Sage 2.2.1 + ELF10,b72,Bonds,283,41,83,16,0.14487632508833923,0.1927710843373494,1.3305906553041436
Sage 2.2.1 + ELF10,Aryl Bromide,Checkmol,283,41,83,16,0.14487632508833923,0.1927710843373494,1.3305906553041436
Sage 2.3.0rc2 + ELF10,t115,ProperTorsions,283,55,62,16,0.19434628975265017,0.25806451612903225,1.327859237536657
Sage 2.3.0rc2 + ELF10,b52,Bonds,283,55,62,16,0.19434628975265017,0.25806451612903225,1.327859237536657
Sage 2.3.0rc2 + ELF10,a13,Angles,283,86,62,25,0.303886925795053,0.4032258064516129,1.326894223555889
Sage 2.2.1 + ELF10,Sulfone,Checkmol,283,18,83,7,0.0636042402826855,0.08433734939759036,1.3259705488621152
Sage 2.2.1 + ELF10,Secondary Mixed Amine,Checkmol,283,75,83,29,0.26501766784452296,0.3493975903614458,1.3183935742971888
Sage 2.3.0rc2 + ELF10,t79,ProperTorsions,283,52,62,15,0.18374558303886926,0.24193548387096775,1.3166873449131513
Sage 2.3.0rc2 + AshGC,b56,Bonds,283,40,70,13,0.1413427561837456,0.18571428571428572,1.3139285714285713
Sage 2.3.0rc2 + AshGC,b59,Bonds,283,40,70,13,0.1413427561837456,0.18571428571428572,1.3139285714285713
Sage 2.3.0rc2 + AshGC,t20,ProperTorsions,283,74,70,24,0.26148409893992935,0.34285714285714286,1.311196911196911
Sage 2.3.0rc2 + ELF10,a14,Angles,283,171,62,49,0.6042402826855123,0.7903225806451613,1.3079607621203546
Sage 2.3.0rc2 + ELF10,t43,ProperTorsions,283,147,62,42,0.519434628975265,0.6774193548387096,1.3041474654377878
Sage 2.3.0rc2 + AshGC,b6,Bonds,283,149,70,48,0.5265017667844523,0.6857142857142857,1.3023969319271334
Sage 2.3.0rc2 + AshGC,t45,ProperTorsions,283,149,70,48,0.5265017667844523,0.6857142857142857,1.3023969319271334
Sage 2.2.1 + AshGC,a31,Angles,283,38,86,15,0.13427561837455831,0.1744186046511628,1.2989596083231334
Sage 2.2.1 + AshGC,a32,Angles,283,38,86,15,0.13427561837455831,0.1744186046511628,1.2989596083231334
Sage 2.2.1 + AshGC,Secondary Amine,Checkmol,283,99,86,39,0.3498233215547703,0.45348837209302323,1.2963354474982383
Sage 2.3.0rc2 + AshGC,t15,ProperTorsions,283,25,70,8,0.08833922261484099,0.11428571428571428,1.2937142857142856
Sage 2.3.0rc2 + AshGC,t16,ProperTorsions,283,25,70,8,0.08833922261484099,0.11428571428571428,1.2937142857142856
Sage 2.3.0rc2 + AshGC,a3,Angles,283,25,70,8,0.08833922261484099,0.11428571428571428,1.2937142857142856
Sage 2.3.0rc2 + AshGC,a6,Angles,283,25,70,8,0.08833922261484099,0.11428571428571428,1.2937142857142856
Sage 2.3.0rc2 + AshGC,a4,Angles,283,25,70,8,0.08833922261484099,0.11428571428571428,1.2937142857142856
Sage 2.3.0rc2 + AshGC,t43,ProperTorsions,283,147,70,47,0.519434628975265,0.6714285714285714,1.2926141885325557
Sage 2.3.0rc2 + ELF10,t43a,ProperTorsions,283,53,62,15,0.1872791519434629,0.24193548387096775,1.29184418746196
Sage 2.3.0rc2 + ELF10,b6,Bonds,283,149,62,42,0.5265017667844523,0.6774193548387096,1.2866421303312405
Sage 2.3.0rc2 + ELF10,t45,ProperTorsions,283,149,62,42,0.5265017667844523,0.6774193548387096,1.2866421303312405
Sage 2.2.1 + AshGC,b68,Bonds,283,64,86,25,0.22614840989399293,0.29069767441860467,1.2854287790697676
Sage 2.2.1 + AshGC,Aryl Fluoride,Checkmol,283,64,86,25,0.22614840989399293,0.29069767441860467,1.2854287790697676
Sage 2.2.1 + AshGC,n23,vdW,283,72,86,28,0.254416961130742,0.32558139534883723,1.279715762273902
Sage 2.2.1 + ELF10,b56,Bonds,283,40,83,15,0.1413427561837456,0.18072289156626506,1.2786144578313252
Sage 2.2.1 + ELF10,b59,Bonds,283,40,83,15,0.1413427561837456,0.18072289156626506,1.2786144578313252
Sage 2.2.1 + ELF10,t94,ProperTorsions,283,16,83,6,0.05653710247349823,0.07228915662650602,1.2786144578313252
Sage 2.3.0rc2 + AshGC,Primary Aromatic Amine,Checkmol,283,38,70,12,0.13427561837455831,0.17142857142857143,1.2766917293233082
Sage 2.3.0rc2 + AshGC,a31,Angles,283,38,70,12,0.13427561837455831,0.17142857142857143,1.2766917293233082
Sage 2.3.0rc2 + AshGC,a32,Angles,283,38,70,12,0.13427561837455831,0.17142857142857143,1.2766917293233082
Sage 2.3.0rc2 + AshGC,t13,ProperTorsions,283,19,70,6,0.06713780918727916,0.08571428571428572,1.2766917293233082
Sage 2.3.0rc2 + AshGC,t14,ProperTorsions,283,19,70,6,0.06713780918727916,0.08571428571428572,1.2766917293233082
Sage 2.2.1 + ELF10,Diarylether,Checkmol,283,54,83,20,0.19081272084805653,0.24096385542168675,1.2628290941543954
Sage 2.2.1 + ELF10,a14,Angles,283,171,83,63,0.6042402826855123,0.7590361445783133,1.2561826252377934
Sage 2.2.1 + ELF10,a32,Angles,283,38,83,14,0.13427561837455831,0.1686746987951807,1.256182625237793
Sage 2.2.1 + ELF10,a31,Angles,283,38,83,14,0.13427561837455831,0.1686746987951807,1.256182625237793
Sage 2.3.0rc2 + AshGC,a14,Angles,283,171,70,53,0.6042402826855123,0.7571428571428571,1.2530492898913952
Sage 2.2.1 + AshGC,t47,ProperTorsions,283,171,86,65,0.6042402826855123,0.7558139534883721,1.2508499932000545
Sage 2.3.0rc2 + AshGC,b17,Bonds,283,91,70,28,0.3215547703180212,0.4,1.243956043956044
Sage 2.3.0rc2 + AshGC,t79,ProperTorsions,283,52,70,16,0.18374558303886926,0.22857142857142856,1.243956043956044
Sage 2.3.0rc2 + ELF10,i6,ImproperTorsions,283,81,62,22,0.2862190812720848,0.3548387096774194,1.2397451214655517
Sage 2.2.1 + AshGC,b56,Bonds,283,40,86,15,0.1413427561837456,0.1744186046511628,1.2340116279069768
Sage 2.2.1 + AshGC,b59,Bonds,283,40,86,15,0.1413427561837456,0.1744186046511628,1.2340116279069768
Sage 2.2.1 + AshGC,b69,Bonds,283,8,86,3,0.028268551236749116,0.03488372093023256,1.2340116279069768
Sage 2.2.1 + ELF10,t43a,ProperTorsions,283,53,83,19,0.1872791519434629,0.2289156626506024,1.222323255285292
Sage 2.3.0rc2 + AshGC,t43a,ProperTorsions,283,53,70,16,0.1872791519434629,0.22857142857142856,1.2204851752021564
Sage 2.2.1 + AshGC,t64,ProperTorsions,283,146,86,54,0.5159010600706714,0.627906976744186,1.2171073590315387
Sage 2.3.0rc2 + ELF10,t80,ProperTorsions,283,128,62,34,0.45229681978798586,0.5483870967741935,1.2124495967741935
Sage 2.2.1 + AshGC,t14,ProperTorsions,283,19,86,7,0.06713780918727916,0.08139534883720931,1.2123623011015912
Sage 2.2.1 + AshGC,t13,ProperTorsions,283,19,86,7,0.06713780918727916,0.08139534883720931,1.2123623011015912
Sage 2.3.0rc2 + ELF10,Lactam,Checkmol,283,49,62,13,0.17314487632508835,0.20967741935483872,1.2109940750493746
Sage 2.3.0rc2 + ELF10,t87,ProperTorsions,283,49,62,13,0.17314487632508835,0.20967741935483872,1.2109940750493746
Sage 2.3.0rc2 + ELF10,Guanidine,Checkmol,283,49,62,13,0.17314487632508835,0.20967741935483872,1.2109940750493746
Sage 2.3.0rc2 + ELF10,t72a,ProperTorsions,283,49,62,13,0.17314487632508835,0.20967741935483872,1.2109940750493746
Sage 2.3.0rc2 + ELF10,a41,Angles,283,189,62,50,0.6678445229681979,0.8064516129032258,1.2075439494794333
Sage 2.2.1 + ELF10,Oxohetarene,Checkmol,283,51,83,18,0.18021201413427562,0.21686746987951808,1.2034018426647768
Sage 2.2.1 + ELF10,t73,ProperTorsions,283,51,83,18,0.18021201413427562,0.21686746987951808,1.2034018426647768
Sage 2.2.1 + ELF10,t48,ProperTorsions,283,51,83,18,0.18021201413427562,0.21686746987951808,1.2034018426647768
Sage 2.2.1 + AshGC,t58a,ProperTorsions,283,11,86,4,0.038869257950530034,0.046511627906976744,1.1966173361522199
Sage 2.2.1 + AshGC,b4,Bonds,283,220,86,80,0.7773851590106007,0.9302325581395349,1.1966173361522199
Sage 2.2.1 + AshGC,t93,ProperTorsions,283,22,86,8,0.07773851590106007,0.09302325581395349,1.1966173361522199
Sage 2.2.1 + AshGC,a14,Angles,283,171,86,62,0.6042402826855123,0.7209302325581395,1.1931184550523595
Sage 2.2.1 + AshGC,a28,Angles,283,207,86,75,0.7314487632508834,0.872093023255814,1.1922817660936973
Sage 2.2.1 + AshGC,n18,vdW,283,207,86,75,0.7314487632508834,0.872093023255814,1.1922817660936973
Sage 2.2.1 + AshGC,Ether,Checkmol,283,205,86,74,0.7243816254416962,0.8604651162790697,1.1878615995462278
Sage 2.2.1 + AshGC,b7,Bonds,283,147,86,53,0.519434628975265,0.6162790697674418,1.1864420186679323
Sage 2.3.0rc2 + AshGC,Secondary Mixed Amine,Checkmol,283,75,70,22,0.26501766784452296,0.3142857142857143,1.1859047619047618
Sage 2.2.1 + ELF10,Guanidine,Checkmol,283,49,83,17,0.17314487632508835,0.20481927710843373,1.1829358249323825
Sage 2.2.1 + ELF10,t72a,ProperTorsions,283,49,83,17,0.17314487632508835,0.20481927710843373,1.1829358249323825
Sage 2.2.1 + ELF10,t87,ProperTorsions,283,49,83,17,0.17314487632508835,0.20481927710843373,1.1829358249323825
Sage 2.2.1 + ELF10,Lactam,Checkmol,283,49,83,17,0.17314487632508835,0.20481927710843373,1.1829358249323825
Sage 2.3.0rc2 + ELF10,b4,Bonds,283,220,62,57,0.7773851590106007,0.9193548387096774,1.182624633431085
Sage 2.2.1 + ELF10,t79,ProperTorsions,283,52,83,18,0.18374558303886926,0.21686746987951808,1.180259499536608
Sage 2.2.1 + ELF10,b4,Bonds,283,220,83,76,0.7773851590106007,0.9156626506024096,1.1778751369112814
Sage 2.2.1 + AshGC,t105,ProperTorsions,283,204,86,73,0.7208480565371025,0.8488372093023255,1.1775535795713634
Sage 2.2.1 + ELF10,t47,ProperTorsions,283,171,83,59,0.6042402826855123,0.7108433734939759,1.1764249982385684
Sage 2.3.0rc2 + ELF10,t47,ProperTorsions,283,171,62,44,0.6042402826855123,0.7096774193548387,1.1744953782305227
Sage 2.2.1 + ELF10,t64,ProperTorsions,283,146,83,50,0.5159010600706714,0.6024096385542169,1.1676844363756396
Sage 2.3.0rc2 + AshGC,t47,ProperTorsions,283,171,70,49,0.6042402826855123,0.7,1.1584795321637427
Sage 2.3.0rc2 + AshGC,b4,Bonds,283,220,70,63,0.7773851590106007,0.9,1.1577272727272727
Sage 2.3.0rc2 + AshGC,Alkylarylether,Checkmol,283,154,70,44,0.5441696113074205,0.6285714285714286,1.1551020408163266
Sage 2.3.0rc2 + AshGC,t72a,ProperTorsions,283,49,70,14,0.17314487632508835,0.2,1.1551020408163266
Sage 2.3.0rc2 + AshGC,a41,Angles,283,189,70,54,0.6678445229681979,0.7714285714285715,1.1551020408163266
Sage 2.3.0rc2 + AshGC,t111,ProperTorsions,283,7,70,2,0.024734982332155476,0.02857142857142857,1.1551020408163266
Sage 2.3.0rc2 + AshGC,Lactam,Checkmol,283,49,70,14,0.17314487632508835,0.2,1.1551020408163266
Sage 2.3.0rc2 + AshGC,t87,ProperTorsions,283,49,70,14,0.17314487632508835,0.2,1.1551020408163266
Sage 2.3.0rc2 + AshGC,Guanidine,Checkmol,283,49,70,14,0.17314487632508835,0.2,1.1551020408163266
Sage 2.2.1 + ELF10,a41,Angles,283,189,83,64,0.6678445229681979,0.7710843373493976,1.154586600369733
Sage 2.3.0rc2 + ELF10,b17,Bonds,283,91,62,23,0.3215547703180212,0.3709677419354839,1.1536689117334278
Sage 2.2.1 + AshGC,Primary Alcohol,Checkmol,283,20,86,7,0.0706713780918728,0.08139534883720931,1.1517441860465116
Sage 2.3.0rc2 + ELF10,b70,Bonds,283,115,62,29,0.40636042402826855,0.46774193548387094,1.1510518934081346
Sage 2.3.0rc2 + ELF10,Aryl Chloride,Checkmol,283,115,62,29,0.40636042402826855,0.46774193548387094,1.1510518934081346
Sage 2.3.0rc2 + ELF10,n24,vdW,283,115,62,29,0.40636042402826855,0.46774193548387094,1.1510518934081346
Sage 2.2.1 + ELF10,a13,Angles,283,86,83,29,0.303886925795053,0.3493975903614458,1.149761838049874
Sage 2.2.1 + AshGC,Alcohol,Checkmol,283,23,86,8,0.0812720848056537,0.09302325581395349,1.1445904954499495
Sage 2.2.1 + AshGC,b14,Bonds,283,23,86,8,0.0812720848056537,0.09302325581395349,1.1445904954499495
Sage 2.2.1 + ELF10,t1,ProperTorsions,283,203,83,68,0.7173144876325088,0.8192771084337349,1.1421449344174728
Sage 2.3.0rc2 + ELF10,a18a,Angles,283,144,62,36,0.508833922261484,0.5806451612903226,1.1411290322580647
Sage 2.3.0rc2 + ELF10,t94,ProperTorsions,283,16,62,4,0.05653710247349823,0.06451612903225806,1.1411290322580645
Sage 2.3.0rc2 + ELF10,t82,ProperTorsions,283,4,62,1,0.014134275618374558,0.016129032258064516,1.1411290322580645
Sage 2.3.0rc2 + ELF10,n21,vdW,283,84,62,21,0.2968197879858657,0.3387096774193548,1.1411290322580645
Sage 2.2.1 + ELF10,t107,ProperTorsions,283,9,83,3,0.03180212014134275,0.03614457831325301,1.136546184738956
Sage 2.2.1 + ELF10,a10a,Angles,283,9,83,3,0.03180212014134275,0.03614457831325301,1.136546184738956
Sage 2.2.1 + ELF10,Secondary Amine,Checkmol,283,99,83,33,0.3498233215547703,0.39759036144578314,1.136546184738956
Sage 2.2.1 + ELF10,t110,ProperTorsions,283,9,83,3,0.03180212014134275,0.03614457831325301,1.136546184738956
Sage 2.2.1 + ELF10,b20,Bonds,283,9,83,3,0.03180212014134275,0.03614457831325301,1.136546184738956
Sage 2.2.1 + ELF10,Carbamic Acid Ester,Checkmol,283,9,83,3,0.03180212014134275,0.03614457831325301,1.136546184738956
Sage 2.2.1 + ELF10,a15,Angles,283,9,83,3,0.03180212014134275,0.03614457831325301,1.136546184738956
Sage 2.2.1 + ELF10,Carbamic Acid Derivative,Checkmol,283,9,83,3,0.03180212014134275,0.03614457831325301,1.136546184738956
Sage 2.2.1 + ELF10,t149b,ProperTorsions,283,15,83,5,0.053003533568904596,0.060240963855421686,1.1365461847389557
Sage 2.2.1 + ELF10,t5,ProperTorsions,283,6,83,2,0.02120141342756184,0.024096385542168676,1.1365461847389557
Sage 2.2.1 + ELF10,t4,ProperTorsions,283,192,83,64,0.6784452296819788,0.7710843373493976,1.1365461847389557
Sage 2.2.1 + ELF10,Urea,Checkmol,283,3,83,1,0.01060070671378092,0.012048192771084338,1.1365461847389557
Sage 2.2.1 + ELF10,b7,Bonds,283,147,83,49,0.519434628975265,0.5903614457831325,1.1365461847389557
Sage 2.2.1 + ELF10,a18,Angles,283,15,83,5,0.053003533568904596,0.060240963855421686,1.1365461847389557
Sage 2.2.1 + ELF10,t51,ProperTorsions,283,15,83,5,0.053003533568904596,0.060240963855421686,1.1365461847389557
Sage 2.3.0rc2 + AshGC,t64,ProperTorsions,283,146,70,41,0.5159010600706714,0.5857142857142857,1.1353228962818005
Sage 2.2.1 + ELF10,Ether,Checkmol,283,205,83,68,0.7243816254416962,0.8192771084337349,1.1310020570085217
Sage 2.2.1 + AshGC,b16,Bonds,283,195,86,67,0.6890459363957597,0.7790697674418605,1.130649970184854
Sage 2.2.1 + AshGC,t95,ProperTorsions,283,195,86,67,0.6890459363957597,0.7790697674418605,1.130649970184854
Sage 2.3.0rc2 + AshGC,a13,Angles,283,86,70,24,0.303886925795053,0.34285714285714286,1.1282392026578074
Sage 2.3.0rc2 + ELF10,Alkylarylether,Checkmol,283,154,62,38,0.5441696113074205,0.6129032258064516,1.1263091746962715
Sage 2.2.1 + AshGC,Primary Aromatic Amine,Checkmol,283,38,86,13,0.13427561837455831,0.1511627906976744,1.125764993880049
Sage 2.3.0rc2 + ELF10,t1,ProperTorsions,283,203,62,50,0.7173144876325088,0.8064516129032258,1.1242650564118861
Sage 2.3.0rc2 + AshGC,Diarylether,Checkmol,283,54,70,15,0.19081272084805653,0.21428571428571427,1.123015873015873
Sage 2.2.1 + ELF10,n18,vdW,283,207,83,68,0.7314487632508834,0.8192771084337349,1.1200745009021593
Sage 2.2.1 + ELF10,a28,Angles,283,207,83,68,0.7314487632508834,0.8192771084337349,1.1200745009021593
Sage 2.2.1 + ELF10,t105,ProperTorsions,283,204,83,67,0.7208480565371025,0.8072289156626506,1.1198322702575005
Sage 2.2.1 + ELF10,t80,ProperTorsions,283,128,83,42,0.45229681978798586,0.5060240963855421,1.1187876506024095
Sage 2.2.1 + AshGC,Halogen Derivative,Checkmol,283,209,86,71,0.7385159010600707,0.8255813953488372,1.1178925114053633
Sage 2.3.0rc2 + ELF10,t4,ProperTorsions,283,192,62,47,0.6784452296819788,0.7580645161290323,1.117355510752688
Sage 2.2.1 + AshGC,t4,ProperTorsions,283,192,86,65,0.6784452296819788,0.7558139534883721,1.1140382751937983
Sage 2.3.0rc2 + ELF10,n25,vdW,283,41,62,10,0.14487632508833923,0.16129032258064516,1.113296616837136
Sage 2.3.0rc2 + ELF10,b72,Bonds,283,41,62,10,0.14487632508833923,0.16129032258064516,1.113296616837136
Sage 2.3.0rc2 + ELF10,Aryl Bromide,Checkmol,283,41,62,10,0.14487632508833923,0.16129032258064516,1.113296616837136
Sage 2.3.0rc2 + AshGC,n18,vdW,283,207,70,57,0.7314487632508834,0.8142857142857143,1.1132505175983438
Sage 2.3.0rc2 + AshGC,a28,Angles,283,207,70,57,0.7314487632508834,0.8142857142857143,1.1132505175983438
Sage 2.2.1 + AshGC,Alkylarylether,Checkmol,283,154,86,52,0.5441696113074205,0.6046511627906976,1.1111446692842042
Sage 2.3.0rc2 + AshGC,t105,ProperTorsions,283,204,70,56,0.7208480565371025,0.8,1.1098039215686275
Sage 2.2.1 + ELF10,Alkylarylether,Checkmol,283,154,83,50,0.5441696113074205,0.6024096385542169,1.1070255046158661
Sage 2.3.0rc2 + AshGC,Ether,Checkmol,283,205,70,56,0.7243816254416962,0.8,1.1043902439024391
Sage 2.3.0rc2 + AshGC,t58a,ProperTorsions,283,11,70,3,0.038869257950530034,0.04285714285714286,1.1025974025974026
Sage 2.2.1 + AshGC,t1,ProperTorsions,283,203,86,68,0.7173144876325088,0.7906976744186046,1.1023026692633748
Sage 2.3.0rc2 + ELF10,Diarylether,Checkmol,283,54,62,13,0.19081272084805653,0.20967741935483872,1.0988649940262845
Sage 2.2.1 + AshGC,b9,Bonds,283,123,86,41,0.43462897526501765,0.47674418604651164,1.0968992248062017
Sage 2.2.1 + AshGC,a18,Angles,283,15,86,5,0.053003533568904596,0.05813953488372093,1.0968992248062015
Sage 2.2.1 + AshGC,Tertiary Alcohol,Checkmol,283,3,86,1,0.01060070671378092,0.011627906976744186,1.0968992248062015
Sage 2.2.1 + AshGC,t149b,ProperTorsions,283,15,86,5,0.053003533568904596,0.05813953488372093,1.0968992248062015
Sage 2.2.1 + AshGC,t51,ProperTorsions,283,15,86,5,0.053003533568904596,0.05813953488372093,1.0968992248062015
Sage 2.2.1 + ELF10,i6,ImproperTorsions,283,81,83,26,0.2862190812720848,0.3132530120481928,1.094451881600476
Sage 2.3.0rc2 + ELF10,t64,ProperTorsions,283,146,62,35,0.5159010600706714,0.5645161290322581,1.0942333186036237
Sage 2.3.0rc2 + ELF10,Halogen Derivative,Checkmol,283,209,62,50,0.7385159010600707,0.8064516129032258,1.0919895045531716
Sage 2.2.1 + ELF10,b57,Bonds,283,22,83,7,0.07773851590106007,0.08433734939759036,1.0848849945235488
Sage 2.2.1 + ELF10,Sulfonamide,Checkmol,283,22,83,7,0.07773851590106007,0.08433734939759036,1.0848849945235488
Sage 2.2.1 + ELF10,Sulfonic Acid Derivative,Checkmol,283,22,83,7,0.07773851590106007,0.08433734939759036,1.0848849945235488
Sage 2.3.0rc2 + ELF10,n18,vdW,283,207,62,49,0.7314487632508834,0.7903225806451613,1.0804893252298582
Sage 2.3.0rc2 + ELF10,a28,Angles,283,207,62,49,0.7314487632508834,0.7903225806451613,1.0804893252298582
Sage 2.2.1 + AshGC,a41,Angles,283,189,86,62,0.6678445229681979,0.7209302325581395,1.079488125999754
Sage 2.3.0rc2 + AshGC,t95,ProperTorsions,283,195,70,52,0.6890459363957597,0.7428571428571429,1.0780952380952382
Sage 2.3.0rc2 + AshGC,b16,Bonds,283,195,70,52,0.6890459363957597,0.7428571428571429,1.0780952380952382
Sage 2.2.1 + ELF10,Halogen Derivative,Checkmol,283,209,83,66,0.7385159010600707,0.7951807228915663,1.0767279644895371
Sage 2.2.1 + ELF10,Primary Aromatic Amine,Checkmol,283,38,83,12,0.13427561837455831,0.14457831325301204,1.076727964489537
Sage 2.2.1 + ELF10,t13,ProperTorsions,283,19,83,6,0.06713780918727916,0.07228915662650602,1.076727964489537
Sage 2.2.1 + ELF10,t14,ProperTorsions,283,19,83,6,0.06713780918727916,0.07228915662650602,1.076727964489537
Sage 2.2.1 + AshGC,t79,ProperTorsions,283,52,86,17,0.18374558303886926,0.19767441860465115,1.0758050089445437
Sage 2.3.0rc2 + AshGC,t1,ProperTorsions,283,203,70,54,0.7173144876325088,0.7714285714285715,1.0754398311048559
Sage 2.3.0rc2 + ELF10,t105,ProperTorsions,283,204,62,48,0.7208480565371025,0.7741935483870968,1.0740037950664136
Sage 2.3.0rc2 + AshGC,t80,ProperTorsions,283,128,70,34,0.45229681978798586,0.4857142857142857,1.0738839285714286
Sage 2.2.1 + AshGC,Dialkylether,Checkmol,283,46,86,15,0.1625441696113074,0.1744186046511628,1.0730535894843276
Sage 2.2.1 + AshGC,t96,ProperTorsions,283,46,86,15,0.1625441696113074,0.1744186046511628,1.0730535894843276
Sage 2.3.0rc2 + AshGC,b7,Bonds,283,147,70,39,0.519434628975265,0.5571428571428572,1.0725947521865888
Sage 2.2.1 + AshGC,b19,Bonds,283,178,86,58,0.6289752650176679,0.6744186046511628,1.0722498040240396
Sage 2.2.1 + AshGC,a13,Angles,283,86,86,28,0.303886925795053,0.32558139534883723,1.071389940508383
Sage 2.3.0rc2 + ELF10,Ether,Checkmol,283,205,62,48,0.7243816254416962,0.7741935483870968,1.0687647521636505
Sage 2.2.1 + ELF10,b16,Bonds,283,195,83,61,0.6890459363957597,0.7349397590361446,1.0666048810627125
Sage 2.2.1 + ELF10,t95,ProperTorsions,283,195,83,61,0.6890459363957597,0.7349397590361446,1.0666048810627125
Sage 2.2.1 + ELF10,b68,Bonds,283,64,83,20,0.22614840989399293,0.24096385542168675,1.0655120481927711
Sage 2.2.1 + ELF10,Aryl Fluoride,Checkmol,283,64,83,20,0.22614840989399293,0.24096385542168675,1.0655120481927711
Sage 2.3.0rc2 + AshGC,Carboxylic Acid Derivative,Checkmol,283,213,70,56,0.7526501766784452,0.8,1.0629107981220658
Sage 2.2.1 + AshGC,t43a,ProperTorsions,283,53,86,17,0.1872791519434629,0.19767441860465115,1.055506801228609
Sage 2.2.1 + ELF10,b9,Bonds,283,123,83,38,0.43462897526501765,0.4578313253012048,1.0533842687824468
Sage 2.2.1 + AshGC,a3,Angles,283,25,86,8,0.08833922261484099,0.09302325581395349,1.0530232558139534
Sage 2.2.1 + AshGC,a6,Angles,283,25,86,8,0.08833922261484099,0.09302325581395349,1.0530232558139534
Sage 2.2.1 + AshGC,t15,ProperTorsions,283,25,86,8,0.08833922261484099,0.09302325581395349,1.0530232558139534
Sage 2.2.1 + AshGC,a4,Angles,283,25,86,8,0.08833922261484099,0.09302325581395349,1.0530232558139534
Sage 2.2.1 + AshGC,t16,ProperTorsions,283,25,86,8,0.08833922261484099,0.09302325581395349,1.0530232558139534
Sage 2.3.0rc2 + ELF10,Carboxylic Acid Derivative,Checkmol,283,213,62,49,0.7526501766784452,0.7903225806451613,1.0500530062092988
Sage 2.3.0rc2 + AshGC,i6,ImproperTorsions,283,81,70,21,0.2862190812720848,0.3,1.0481481481481483
Sage 2.2.1 + AshGC,b57,Bonds,283,22,86,7,0.07773851590106007,0.08139534883720931,1.0470401691331925
Sage 2.2.1 + AshGC,Sulfonamide,Checkmol,283,22,86,7,0.07773851590106007,0.08139534883720931,1.0470401691331925
Sage 2.2.1 + AshGC,Sulfonic Acid Derivative,Checkmol,283,22,86,7,0.07773851590106007,0.08139534883720931,1.0470401691331925
Sage 2.3.0rc2 + AshGC,Halogen Derivative,Checkmol,283,209,70,54,0.7385159010600707,0.7714285714285715,1.044565960355434
Sage 2.3.0rc2 + ELF10,b2,Bonds,283,175,62,40,0.6183745583038869,0.6451612903225806,1.0433179723502304
Sage 2.2.1 + ELF10,a18a,Angles,283,144,83,44,0.508833922261484,0.5301204819277109,1.0418340026773762
Sage 2.2.1 + ELF10,n3,vdW,283,272,83,83,0.9611307420494699,1.0,1.0404411764705883
Sage 2.2.1 + AshGC,n3,vdW,283,272,86,86,0.9611307420494699,1.0,1.0404411764705883
Sage 2.3.0rc2 + ELF10,i7,ImproperTorsions,283,75,62,17,0.26501766784452296,0.27419354838709675,1.0346236559139785
Sage 2.3.0rc2 + ELF10,b13,Bonds,283,75,62,17,0.26501766784452296,0.27419354838709675,1.0346236559139785
Sage 2.3.0rc2 + ELF10,Secondary Mixed Amine,Checkmol,283,75,62,17,0.26501766784452296,0.27419354838709675,1.0346236559139785
Sage 2.2.1 + ELF10,b19,Bonds,283,178,83,54,0.6289752650176679,0.6506024096385542,1.0343847299309596
Sage 2.3.0rc2 + ELF10,n2,vdW,283,256,62,58,0.9045936395759717,0.9354838709677419,1.034148185483871
Sage 2.2.1 + AshGC,b8,Bonds,283,261,86,82,0.9222614840989399,0.9534883720930233,1.0338590394725118
Sage 2.3.0rc2 + AshGC,t4,ProperTorsions,283,192,70,49,0.6784452296819788,0.7,1.0317708333333333
Sage 2.3.0rc2 + ELF10,b16,Bonds,283,195,62,44,0.6890459363957597,0.7096774193548387,1.0299421009098428
Sage 2.3.0rc2 + ELF10,t95,ProperTorsions,283,195,62,44,0.6890459363957597,0.7096774193548387,1.0299421009098428
Sage 2.2.1 + AshGC,Amine,Checkmol,283,144,86,45,0.508833922261484,0.5232558139534884,1.0283430232558142
Sage 2.2.1 + AshGC,t3,ProperTorsions,283,224,86,70,0.7915194346289752,0.813953488372093,1.028343023255814
Sage 2.3.0rc2 + AshGC,n3,vdW,283,272,70,69,0.9611307420494699,0.9857142857142858,1.025577731092437
Sage 2.3.0rc2 + ELF10,b7,Bonds,283,147,62,33,0.519434628975265,0.532258064516129,1.0246872942725476
Sage 2.3.0rc2 + ELF10,n3,vdW,283,272,62,61,0.9611307420494699,0.9838709677419355,1.0236598671726755
Sage 2.3.0rc2 + ELF10,t97,ProperTorsions,283,116,62,26,0.4098939929328622,0.41935483870967744,1.0230812013348165
Sage 2.2.1 + ELF10,t21,ProperTorsions,283,10,83,3,0.0353356890459364,0.03614457831325301,1.0228915662650602
Sage 2.2.1 + ELF10,i3,ImproperTorsions,283,20,83,6,0.0706713780918728,0.07228915662650602,1.0228915662650602
Sage 2.3.0rc2 + AshGC,n17,vdW,283,273,70,69,0.9646643109540636,0.9857142857142858,1.0218210361067506
Sage 2.3.0rc2 + AshGC,Secondary Amine,Checkmol,283,99,70,25,0.3498233215547703,0.35714285714285715,1.020923520923521
Sage 2.2.1 + ELF10,t3,ProperTorsions,283,224,83,67,0.7915194346289752,0.8072289156626506,1.0198472461273667
Sage 2.2.1 + ELF10,b8,Bonds,283,261,83,78,0.9222614840989399,0.9397590361445783,1.0189724414900982
Sage 2.3.0rc2 + AshGC,b2,Bonds,283,175,70,44,0.6183745583038869,0.6285714285714286,1.0164897959183674
Sage 2.2.1 + AshGC,i6,ImproperTorsions,283,81,86,25,0.2862190812720848,0.29069767441860467,1.0156474303761127
Sage 2.3.0rc2 + ELF10,a15,Angles,283,9,62,2,0.03180212014134275,0.03225806451612903,1.0143369175627241
Sage 2.3.0rc2 + ELF10,t145b,ProperTorsions,283,9,62,2,0.03180212014134275,0.03225806451612903,1.0143369175627241
Sage 2.3.0rc2 + ELF10,Sulfone,Checkmol,283,18,62,4,0.0636042402826855,0.06451612903225806,1.0143369175627241
Sage 2.3.0rc2 + ELF10,t148b,ProperTorsions,283,9,62,2,0.03180212014134275,0.03225806451612903,1.0143369175627241
Sage 2.3.0rc2 + ELF10,t146b,ProperTorsions,283,9,62,2,0.03180212014134275,0.03225806451612903,1.0143369175627241
Sage 2.3.0rc2 + ELF10,t107,ProperTorsions,283,9,62,2,0.03180212014134275,0.03225806451612903,1.0143369175627241
Sage 2.3.0rc2 + ELF10,a10a,Angles,283,9,62,2,0.03180212014134275,0.03225806451612903,1.0143369175627241
Sage 2.3.0rc2 + ELF10,Carbamic Acid Ester,Checkmol,283,9,62,2,0.03180212014134275,0.03225806451612903,1.0143369175627241
Sage 2.3.0rc2 + ELF10,b20,Bonds,283,9,62,2,0.03180212014134275,0.03225806451612903,1.0143369175627241
Sage 2.3.0rc2 + ELF10,Carbamic Acid Derivative,Checkmol,283,9,62,2,0.03180212014134275,0.03225806451612903,1.0143369175627241
Sage 2.3.0rc2 + ELF10,t110,ProperTorsions,283,9,62,2,0.03180212014134275,0.03225806451612903,1.0143369175627241
Sage 2.3.0rc2 + ELF10,t22,ProperTorsions,283,63,62,14,0.2226148409893993,0.22580645161290322,1.014336917562724
Sage 2.3.0rc2 + ELF10,t118,ProperTorsions,283,27,62,6,0.09540636042402827,0.0967741935483871,1.014336917562724
Sage 2.3.0rc2 + ELF10,Cation,Checkmol,283,63,62,14,0.2226148409893993,0.22580645161290322,1.014336917562724
Sage 2.2.1 + ELF10,b2,Bonds,283,175,83,52,0.6183745583038869,0.6265060240963856,1.0131497418244406
Sage 2.2.1 + AshGC,n17,vdW,283,273,86,84,0.9646643109540636,0.9767441860465116,1.0125223613595706
Sage 2.2.1 + ELF10,n2,vdW,283,256,83,76,0.9045936395759717,0.9156626506024096,1.0122364457831325
Sage 2.2.1 + ELF10,n17,vdW,283,273,83,81,0.9646643109540636,0.9759036144578314,1.011650999602807
Sage 2.3.0rc2 + ELF10,t18,ProperTorsions,283,167,62,37,0.5901060070671378,0.5967741935483871,1.011299980683794
Sage 2.2.1 + ELF10,b1,Bonds,283,253,83,75,0.8939929328621908,0.9036144578313253,1.0107624172579646
Sage 2.2.1 + ELF10,a2,Angles,283,280,83,83,0.9893992932862191,1.0,1.0107142857142857
Sage 2.3.0rc2 + AshGC,b69,Bonds,283,8,70,2,0.028268551236749116,0.02857142857142857,1.0107142857142857
Sage 2.3.0rc2 + AshGC,Aryl Fluoride,Checkmol,283,64,70,16,0.22614840989399293,0.22857142857142856,1.0107142857142857
Sage 2.3.0rc2 + AshGC,b68,Bonds,283,64,70,16,0.22614840989399293,0.22857142857142856,1.0107142857142857
Sage 2.3.0rc2 + AshGC,n23,vdW,283,72,70,18,0.254416961130742,0.2571428571428571,1.0107142857142857
Sage 2.2.1 + AshGC,a2,Angles,283,280,86,86,0.9893992932862191,1.0,1.0107142857142857
Sage 2.2.1 + ELF10,a1,Angles,283,280,83,83,0.9893992932862191,1.0,1.0107142857142857
Sage 2.3.0rc2 + AshGC,t116,ProperTorsions,283,4,70,1,0.014134275618374558,0.014285714285714285,1.0107142857142857
Sage 2.2.1 + AshGC,a1,Angles,283,280,86,86,0.9893992932862191,1.0,1.0107142857142857
Sage 2.3.0rc2 + AshGC,a18a,Angles,283,144,70,36,0.508833922261484,0.5142857142857142,1.0107142857142857
Sage 2.3.0rc2 + AshGC,b18,Bonds,283,4,70,1,0.014134275618374558,0.014285714285714285,1.0107142857142857
Sage 2.3.0rc2 + AshGC,Primary Amine,Checkmol,283,52,70,13,0.18374558303886926,0.18571428571428572,1.0107142857142857
Sage 2.3.0rc2 + AshGC,Phenol,Checkmol,283,4,70,1,0.014134275618374558,0.014285714285714285,1.0107142857142857
Sage 2.3.0rc2 + AshGC,t106,ProperTorsions,283,4,70,1,0.014134275618374558,0.014285714285714285,1.0107142857142857
Sage 2.3.0rc2 + ELF10,b1,Bonds,283,253,62,56,0.8939929328621908,0.9032258064516129,1.0103276807344128
Sage 2.2.1 + AshGC,t87,ProperTorsions,283,49,86,15,0.17314487632508835,0.1744186046511628,1.0073564309444707
Sage 2.2.1 + AshGC,t72a,ProperTorsions,283,49,86,15,0.17314487632508835,0.1744186046511628,1.0073564309444707
Sage 2.2.1 + AshGC,Lactam,Checkmol,283,49,86,15,0.17314487632508835,0.1744186046511628,1.0073564309444707
Sage 2.2.1 + AshGC,Guanidine,Checkmol,283,49,86,15,0.17314487632508835,0.1744186046511628,1.0073564309444707
Sage 2.3.0rc2 + AshGC,b8,Bonds,283,261,70,65,0.9222614840989399,0.9285714285714286,1.006841817186645
Sage 2.2.1 + AshGC,t9,ProperTorsions,283,164,86,50,0.5795053003533569,0.5813953488372093,1.0032614861032332
Sage 2.3.0rc2 + ELF10,n17,vdW,283,273,62,60,0.9646643109540636,0.967741935483871,1.0031903580290678
Sage 2.2.1 + AshGC,n2,vdW,283,256,86,78,0.9045936395759717,0.9069767441860465,1.0026344476744184
Sage 2.2.1 + AshGC,t80,ProperTorsions,283,128,86,39,0.45229681978798586,0.45348837209302323,1.0026344476744184
Sage 2.2.1 + AshGC,b1,Bonds,283,253,86,77,0.8939929328621908,0.8953488372093024,1.0015166835187057
Sage 2.2.1 + ELF10,b13,Bonds,283,75,83,22,0.26501766784452296,0.26506024096385544,1.0001606425702811
Sage 2.2.1 + ELF10,i7,ImproperTorsions,283,75,83,22,0.26501766784452296,0.26506024096385544,1.0001606425702811
Sage 2.3.0rc2 + ELF10,b19,Bonds,283,178,62,39,0.6289752650176679,0.6290322580645161,1.0000906125407756
Sage 2.3.0rc2 + AshGC,a11,Angles,283,283,70,70,1.0,1.0,1.0
Sage 2.3.0rc2 + AshGC,t44,ProperTorsions,283,283,70,70,1.0,1.0,1.0
Sage 2.3.0rc2 + AshGC,a10,Angles,283,283,70,70,1.0,1.0,1.0
Sage 2.3.0rc2 + AshGC,n14,vdW,283,283,70,70,1.0,1.0,1.0
Sage 2.3.0rc2 + AshGC,Aromatic,Checkmol,283,283,70,70,1.0,1.0,1.0
Sage 2.3.0rc2 + ELF10,a11,Angles,283,283,62,62,1.0,1.0,1.0
Sage 2.3.0rc2 + ELF10,b5,Bonds,283,283,62,62,1.0,1.0,1.0
Sage 2.3.0rc2 + AshGC,i1,ImproperTorsions,283,283,70,70,1.0,1.0,1.0
Sage 2.3.0rc2 + ELF10,Heterocycle,Checkmol,283,283,62,62,1.0,1.0,1.0
Sage 2.3.0rc2 + AshGC,n16,vdW,283,283,70,70,1.0,1.0,1.0
Sage 2.3.0rc2 + AshGC,Heterocycle,Checkmol,283,283,70,70,1.0,1.0,1.0
Sage 2.3.0rc2 + ELF10,a10,Angles,283,283,62,62,1.0,1.0,1.0
Sage 2.3.0rc2 + AshGC,b85,Bonds,283,283,70,70,1.0,1.0,1.0
Sage 2.3.0rc2 + AshGC,b5,Bonds,283,283,70,70,1.0,1.0,1.0
Sage 2.3.0rc2 + AshGC,b84,Bonds,283,283,70,70,1.0,1.0,1.0
Sage 2.3.0rc2 + AshGC,n7,vdW,283,283,70,70,1.0,1.0,1.0
Sage 2.2.1 + ELF10,b85,Bonds,283,283,83,83,1.0,1.0,1.0
Sage 2.3.0rc2 + ELF10,Aromatic,Checkmol,283,283,62,62,1.0,1.0,1.0
Sage 2.2.1 + AshGC,t44,ProperTorsions,283,283,86,86,1.0,1.0,1.0
Sage 2.3.0rc2 + ELF10,b85,Bonds,283,283,62,62,1.0,1.0,1.0
Sage 2.2.1 + ELF10,i1,ImproperTorsions,283,283,83,83,1.0,1.0,1.0
Sage 2.2.1 + ELF10,b84,Bonds,283,283,83,83,1.0,1.0,1.0
Sage 2.3.0rc2 + ELF10,i1,ImproperTorsions,283,283,62,62,1.0,1.0,1.0
Sage 2.2.1 + ELF10,b5,Bonds,283,283,83,83,1.0,1.0,1.0
Sage 2.2.1 + ELF10,a11,Angles,283,283,83,83,1.0,1.0,1.0
Sage 2.2.1 + ELF10,a10,Angles,283,283,83,83,1.0,1.0,1.0
Sage 2.2.1 + ELF10,Heterocycle,Checkmol,283,283,83,83,1.0,1.0,1.0
Sage 2.2.1 + ELF10,Aromatic,Checkmol,283,283,83,83,1.0,1.0,1.0
Sage 2.3.0rc2 + ELF10,t44,ProperTorsions,283,283,62,62,1.0,1.0,1.0
Sage 2.2.1 + AshGC,n16,vdW,283,283,86,86,1.0,1.0,1.0
Sage 2.2.1 + AshGC,n14,vdW,283,283,86,86,1.0,1.0,1.0
Sage 2.2.1 + ELF10,t44,ProperTorsions,283,283,83,83,1.0,1.0,1.0
Sage 2.2.1 + AshGC,n7,vdW,283,283,86,86,1.0,1.0,1.0
Sage 2.3.0rc2 + ELF10,b84,Bonds,283,283,62,62,1.0,1.0,1.0
Sage 2.2.1 + AshGC,i1,ImproperTorsions,283,283,86,86,1.0,1.0,1.0
Sage 2.2.1 + AshGC,a11,Angles,283,283,86,86,1.0,1.0,1.0
Sage 2.2.1 + AshGC,Aromatic,Checkmol,283,283,86,86,1.0,1.0,1.0
Sage 2.2.1 + AshGC,Heterocycle,Checkmol,283,283,86,86,1.0,1.0,1.0
Sage 2.3.0rc2 + ELF10,n16,vdW,283,283,62,62,1.0,1.0,1.0
Sage 2.3.0rc2 + ELF10,n14,vdW,283,283,62,62,1.0,1.0,1.0
Sage 2.2.1 + ELF10,n16,vdW,283,283,83,83,1.0,1.0,1.0
Sage 2.2.1 + ELF10,n7,vdW,283,283,83,83,1.0,1.0,1.0
Sage 2.2.1 + AshGC,a10,Angles,283,283,86,86,1.0,1.0,1.0
Sage 2.2.1 + ELF10,n14,vdW,283,283,83,83,1.0,1.0,1.0
Sage 2.3.0rc2 + ELF10,n7,vdW,283,283,62,62,1.0,1.0,1.0
Sage 2.2.1 + AshGC,b5,Bonds,283,283,86,86,1.0,1.0,1.0
Sage 2.2.1 + AshGC,b84,Bonds,283,283,86,86,1.0,1.0,1.0
Sage 2.2.1 + AshGC,b85,Bonds,283,283,86,86,1.0,1.0,1.0
Sage 2.3.0rc2 + AshGC,b19,Bonds,283,178,70,44,0.6289752650176679,0.6285714285714286,0.999357945425361
Sage 2.2.1 + AshGC,n8,vdW,283,112,86,34,0.3957597173144876,0.3953488372093023,0.9989617940199336
Sage 2.3.0rc2 + ELF10,t3,ProperTorsions,283,224,62,49,0.7915194346289752,0.7903225806451613,0.9984879032258065
Sage 2.3.0rc2 + ELF10,b8,Bonds,283,261,62,57,0.9222614840989399,0.9193548387096774,0.9968483500185391
Sage 2.3.0rc2 + AshGC,a2,Angles,283,280,70,69,0.9893992932862191,0.9857142857142858,0.9962755102040817
Sage 2.3.0rc2 + AshGC,a1,Angles,283,280,70,69,0.9893992932862191,0.9857142857142858,0.9962755102040817
Sage 2.2.1 + ELF10,n23,vdW,283,72,83,21,0.254416961130742,0.25301204819277107,0.9944779116465864
Sage 2.3.0rc2 + ELF10,a2,Angles,283,280,62,61,0.9893992932862191,0.9838709677419355,0.9944124423963133
Sage 2.3.0rc2 + ELF10,a1,Angles,283,280,62,61,0.9893992932862191,0.9838709677419355,0.9944124423963133
Sage 2.2.1 + ELF10,Carboxylic Acid Derivative,Checkmol,283,213,83,62,0.7526501766784452,0.7469879518072289,0.992476950053736
Sage 2.3.0rc2 + AshGC,b1,Bonds,283,253,70,62,0.8939929328621908,0.8857142857142857,0.9907396950875211
Sage 2.2.1 + AshGC,i3,ImproperTorsions,283,20,86,6,0.0706713780918728,0.06976744186046512,0.9872093023255814
Sage 2.2.1 + ELF10,t2,ProperTorsions,283,114,83,33,0.4028268551236749,0.39759036144578314,0.9870006341154091
Sage 2.2.1 + AshGC,t74,ProperTorsions,283,157,86,47,0.5547703180212014,0.5465116279069767,0.985113316545697
Sage 2.2.1 + AshGC,t2,ProperTorsions,283,114,86,34,0.4028268551236749,0.3953488372093023,0.981436148510812
Sage 2.2.1 + AshGC,n20,vdW,283,275,86,82,0.9717314487632509,0.9534883720930233,0.9812262156448203
Sage 2.3.0rc2 + ELF10,t17a,ProperTorsions,283,149,62,32,0.5265017667844523,0.5161290322580645,0.9802987659666594
Sage 2.2.1 + ELF10,n20,vdW,283,275,83,79,0.9717314487632509,0.9518072289156626,0.9794961664841182
Sage 2.3.0rc2 + AshGC,n2,vdW,283,256,70,62,0.9045936395759717,0.8857142857142857,0.9791294642857142
Sage 2.2.1 + AshGC,b2,Bonds,283,175,86,52,0.6183745583038869,0.6046511627906976,0.9778073089700997
Sage 2.2.1 + ELF10,t9,ProperTorsions,283,164,83,47,0.5795053003533569,0.5662650602409639,0.9771525124889804
Sage 2.3.0rc2 + AshGC,t17a,ProperTorsions,283,149,70,36,0.5265017667844523,0.5142857142857142,0.97679769894535
Sage 2.2.1 + AshGC,a28a,Angles,283,27,86,8,0.09540636042402827,0.09302325581395349,0.9750215331610681
Sage 2.2.1 + AshGC,Hydroxy,Checkmol,283,27,86,8,0.09540636042402827,0.09302325581395349,0.9750215331610681
Sage 2.2.1 + AshGC,n19,vdW,283,27,86,8,0.09540636042402827,0.09302325581395349,0.9750215331610681
Sage 2.2.1 + AshGC,n12,vdW,283,27,86,8,0.09540636042402827,0.09302325581395349,0.9750215331610681
Sage 2.2.1 + AshGC,b88,Bonds,283,27,86,8,0.09540636042402827,0.09302325581395349,0.9750215331610681
Sage 2.3.0rc2 + AshGC,t3,ProperTorsions,283,224,70,54,0.7915194346289752,0.7714285714285715,0.9746173469387756
Sage 2.2.1 + ELF10,Cation,Checkmol,283,63,83,18,0.2226148409893993,0.21686746987951808,0.9741824440619622
Sage 2.2.1 + ELF10,t22,ProperTorsions,283,63,83,18,0.2226148409893993,0.21686746987951808,0.9741824440619622
Sage 2.3.0rc2 + AshGC,b13,Bonds,283,75,70,18,0.26501766784452296,0.2571428571428571,0.9702857142857142
Sage 2.3.0rc2 + AshGC,i7,ImproperTorsions,283,75,70,18,0.26501766784452296,0.2571428571428571,0.9702857142857142
Sage 2.3.0rc2 + AshGC,n20,vdW,283,275,70,66,0.9717314487632509,0.9428571428571428,0.9702857142857142
Sage 2.3.0rc2 + ELF10,b9,Bonds,283,123,62,26,0.43462897526501765,0.41935483870967744,0.9648570679255181
Sage 2.2.1 + AshGC,n11,vdW,283,273,86,80,0.9646643109540636,0.9302325581395349,0.9643070108186388
Sage 2.2.1 + AshGC,b87,Bonds,283,273,86,80,0.9646643109540636,0.9302325581395349,0.9643070108186388
Sage 2.2.1 + AshGC,a21,Angles,283,273,86,80,0.9646643109540636,0.9302325581395349,0.9643070108186388
Sage 2.2.1 + ELF10,Dialkylether,Checkmol,283,46,83,13,0.1625441696113074,0.1566265060240964,0.9635935044525931
Sage 2.2.1 + ELF10,t96,ProperTorsions,283,46,83,13,0.1625441696113074,0.1566265060240964,0.9635935044525931
Sage 2.3.0rc2 + ELF10,n20,vdW,283,275,62,58,0.9717314487632509,0.9354838709677419,0.9626979472140762
Sage 2.3.0rc2 + AshGC,t22,ProperTorsions,283,63,70,15,0.2226148409893993,0.21428571428571427,0.9625850340136054
Sage 2.3.0rc2 + AshGC,Cation,Checkmol,283,63,70,15,0.2226148409893993,0.21428571428571427,0.9625850340136054
Sage 2.2.1 + ELF10,b87,Bonds,283,273,83,77,0.9646643109540636,0.927710843373494,0.9616929255483473
Sage 2.2.1 + ELF10,n11,vdW,283,273,83,77,0.9646643109540636,0.927710843373494,0.9616929255483473
Sage 2.2.1 + ELF10,a21,Angles,283,273,83,77,0.9646643109540636,0.927710843373494,0.9616929255483473
Sage 2.3.0rc2 + ELF10,Primary Aromatic Amine,Checkmol,283,38,62,8,0.13427561837455831,0.12903225806451613,0.960950764006791
Sage 2.3.0rc2 + ELF10,a32,Angles,283,38,62,8,0.13427561837455831,0.12903225806451613,0.960950764006791
Sage 2.3.0rc2 + ELF10,a31,Angles,283,38,62,8,0.13427561837455831,0.12903225806451613,0.960950764006791
Sage 2.2.1 + AshGC,Carboxylic Acid Derivative,Checkmol,283,213,86,62,0.7526501766784452,0.7209302325581395,0.9578556610983731
Sage 2.2.1 + ELF10,a3,Angles,283,25,83,7,0.08833922261484099,0.08433734939759036,0.9546987951807228
Sage 2.2.1 + ELF10,t16,ProperTorsions,283,25,83,7,0.08833922261484099,0.08433734939759036,0.9546987951807228
Sage 2.2.1 + ELF10,t15,ProperTorsions,283,25,83,7,0.08833922261484099,0.08433734939759036,0.9546987951807228
Sage 2.2.1 + ELF10,a6,Angles,283,25,83,7,0.08833922261484099,0.08433734939759036,0.9546987951807228
Sage 2.2.1 + ELF10,a4,Angles,283,25,83,7,0.08833922261484099,0.08433734939759036,0.9546987951807228
Sage 2.3.0rc2 + AshGC,b9,Bonds,283,123,70,29,0.43462897526501765,0.4142857142857143,0.9531939605110338
Sage 2.3.0rc2 + AshGC,Oxohetarene,Checkmol,283,51,70,12,0.18021201413427562,0.17142857142857143,0.9512605042016806
Sage 2.3.0rc2 + AshGC,t48,ProperTorsions,283,51,70,12,0.18021201413427562,0.17142857142857143,0.9512605042016806
Sage 2.3.0rc2 + AshGC,t73,ProperTorsions,283,51,70,12,0.18021201413427562,0.17142857142857143,0.9512605042016806
Sage 2.2.1 + ELF10,Aryl Chloride,Checkmol,283,115,83,32,0.40636042402826855,0.3855421686746988,0.9487689889994763
Sage 2.2.1 + ELF10,n24,vdW,283,115,83,32,0.40636042402826855,0.3855421686746988,0.9487689889994763
Sage 2.2.1 + ELF10,b70,Bonds,283,115,83,32,0.40636042402826855,0.3855421686746988,0.9487689889994763
Sage 2.3.0rc2 + AshGC,n11,vdW,283,273,70,64,0.9646643109540636,0.9142857142857143,0.9477760334903192
Sage 2.3.0rc2 + AshGC,b87,Bonds,283,273,70,64,0.9646643109540636,0.9142857142857143,0.9477760334903192
Sage 2.3.0rc2 + AshGC,a21,Angles,283,273,70,64,0.9646643109540636,0.9142857142857143,0.9477760334903192
Sage 2.2.1 + ELF10,Amine,Checkmol,283,144,83,40,0.508833922261484,0.4819277108433735,0.9471218206157966
Sage 2.3.0rc2 + AshGC,t18,ProperTorsions,283,167,70,39,0.5901060070671378,0.5571428571428572,0.9441402908468778
Sage 2.3.0rc2 + AshGC,t97,ProperTorsions,283,116,70,27,0.4098939929328622,0.38571428571428573,0.9410098522167487
Sage 2.2.1 + ELF10,t97,ProperTorsions,283,116,83,32,0.4098939929328622,0.3855421686746988,0.94058994599086
Sage 2.3.0rc2 + AshGC,n8,vdW,283,112,70,26,0.3957597173144876,0.37142857142857144,0.9385204081632654
Sage 2.2.1 + ELF10,t17a,ProperTorsions,283,149,83,41,0.5265017667844523,0.4939759036144578,0.9382226894153797
Sage 2.3.0rc2 + ELF10,b87,Bonds,283,273,62,56,0.9646643109540636,0.9032258064516129,0.9363110008271298
Sage 2.3.0rc2 + ELF10,a21,Angles,283,273,62,56,0.9646643109540636,0.9032258064516129,0.9363110008271298
Sage 2.3.0rc2 + ELF10,n11,vdW,283,273,62,56,0.9646643109540636,0.9032258064516129,0.9363110008271298
Sage 2.3.0rc2 + AshGC,b3,Bonds,283,148,70,34,0.5229681978798587,0.4857142857142857,0.9287644787644787
Sage 2.2.1 + AshGC,t17a,ProperTorsions,283,149,86,42,0.5265017667844523,0.4883720930232558,0.9275792102388013
Sage 2.2.1 + AshGC,i4,ImproperTorsions,283,220,86,62,0.7773851590106007,0.7209302325581395,0.9273784355179704
Sage 2.3.0rc2 + ELF10,Aryl Fluoride,Checkmol,283,64,62,13,0.22614840989399293,0.20967741935483872,0.9271673387096775
Sage 2.3.0rc2 + ELF10,b68,Bonds,283,64,62,13,0.22614840989399293,0.20967741935483872,0.9271673387096775
Sage 2.2.1 + ELF10,Carboxylic Acid Tertiary Amide,Checkmol,283,70,83,19,0.24734982332155478,0.2289156626506024,0.925473321858864
Sage 2.2.1 + ELF10,t17,ProperTorsions,283,188,83,51,0.6643109540636042,0.6144578313253012,0.9249551397077673
Sage 2.3.0rc2 + AshGC,t17,ProperTorsions,283,188,70,43,0.6643109540636042,0.6142857142857143,0.924696048632219
Sage 2.3.0rc2 + AshGC,Carboxylic Acid Tertiary Amide,Checkmol,283,70,70,16,0.24734982332155478,0.22857142857142856,0.9240816326530612
Sage 2.3.0rc2 + ELF10,t17,ProperTorsions,283,188,62,38,0.6643109540636042,0.6129032258064516,0.9226149622512012
Sage 2.3.0rc2 + ELF10,Secondary Amine,Checkmol,283,99,62,20,0.3498233215547703,0.3225806451612903,0.9221244705115673
Sage 2.3.0rc2 + AshGC,Sulfonic Acid Derivative,Checkmol,283,22,70,5,0.07773851590106007,0.07142857142857142,0.9188311688311688
Sage 2.3.0rc2 + AshGC,b57,Bonds,283,22,70,5,0.07773851590106007,0.07142857142857142,0.9188311688311688
Sage 2.3.0rc2 + AshGC,Sulfonamide,Checkmol,283,22,70,5,0.07773851590106007,0.07142857142857142,0.9188311688311688
Sage 2.2.1 + ELF10,t18,ProperTorsions,283,167,83,45,0.5901060070671378,0.5421686746987951,0.9187648798787966
Sage 2.3.0rc2 + ELF10,t9,ProperTorsions,283,164,62,33,0.5795053003533569,0.532258064516129,0.9184697088906373
Sage 2.2.1 + AshGC,a20,Angles,283,223,86,62,0.7879858657243817,0.7209302325581395,0.9149024924392531
Sage 2.2.1 + AshGC,a18a,Angles,283,144,86,40,0.508833922261484,0.46511627906976744,0.9140826873385014
Sage 2.3.0rc2 + ELF10,b56,Bonds,283,40,62,8,0.1413427561837456,0.12903225806451613,0.9129032258064516
Sage 2.3.0rc2 + ELF10,Primary Alcohol,Checkmol,283,20,62,4,0.0706713780918728,0.06451612903225806,0.9129032258064516
Sage 2.3.0rc2 + ELF10,Carboxylic Acid Tertiary Amide,Checkmol,283,70,62,14,0.24734982332155478,0.22580645161290322,0.9129032258064516
Sage 2.3.0rc2 + ELF10,b59,Bonds,283,40,62,8,0.1413427561837456,0.12903225806451613,0.9129032258064516
Sage 2.2.1 + AshGC,t17,ProperTorsions,283,188,86,52,0.6643109540636042,0.6046511627906976,0.9101929737753588
Sage 2.3.0rc2 + AshGC,a20,Angles,283,223,70,50,0.7879858657243817,0.7142857142857143,0.9064702114029468
Sage 2.3.0rc2 + AshGC,i4,ImproperTorsions,283,220,70,49,0.7773851590106007,0.7,0.9004545454545454
Sage 2.2.1 + ELF10,i4,ImproperTorsions,283,220,83,58,0.7773851590106007,0.6987951807228916,0.8989047097480833
Sage 2.3.0rc2 + AshGC,Amine,Checkmol,283,144,70,32,0.508833922261484,0.45714285714285713,0.8984126984126984
Sage 2.3.0rc2 + AshGC,t145b,ProperTorsions,283,9,70,2,0.03180212014134275,0.02857142857142857,0.8984126984126984
Sage 2.3.0rc2 + AshGC,t148b,ProperTorsions,283,9,70,2,0.03180212014134275,0.02857142857142857,0.8984126984126984
Sage 2.3.0rc2 + ELF10,t48,ProperTorsions,283,51,62,10,0.18021201413427562,0.16129032258064516,0.8950031625553446
Sage 2.3.0rc2 + ELF10,t73,ProperTorsions,283,51,62,10,0.18021201413427562,0.16129032258064516,0.8950031625553446
Sage 2.3.0rc2 + ELF10,Oxohetarene,Checkmol,283,51,62,10,0.18021201413427562,0.16129032258064516,0.8950031625553446
Sage 2.2.1 + AshGC,Carboxylic Acid Tertiary Amide,Checkmol,283,70,86,19,0.24734982332155478,0.22093023255813954,0.8931893687707642
Sage 2.2.1 + ELF10,Alcohol,Checkmol,283,23,83,6,0.0812720848056537,0.07228915662650602,0.8894709271870089
Sage 2.2.1 + ELF10,b14,Bonds,283,23,83,6,0.0812720848056537,0.07228915662650602,0.8894709271870089
Sage 2.3.0rc2 + ELF10,n23,vdW,283,72,62,14,0.254416961130742,0.22580645161290322,0.8875448028673836
Sage 2.3.0rc2 + AshGC,t9,ProperTorsions,283,164,70,36,0.5795053003533569,0.5142857142857142,0.8874564459930313
Sage 2.2.1 + ELF10,a20,Angles,283,223,83,58,0.7879858657243817,0.6987951807228916,0.8868118212761359
Sage 2.2.1 + ELF10,n12,vdW,283,27,83,7,0.09540636042402827,0.08433734939759036,0.8839803659080767
Sage 2.2.1 + ELF10,n19,vdW,283,27,83,7,0.09540636042402827,0.08433734939759036,0.8839803659080767
Sage 2.2.1 + ELF10,a28a,Angles,283,27,83,7,0.09540636042402827,0.08433734939759036,0.8839803659080767
Sage 2.2.1 + ELF10,Hydroxy,Checkmol,283,27,83,7,0.09540636042402827,0.08433734939759036,0.8839803659080767
Sage 2.2.1 + ELF10,b88,Bonds,283,27,83,7,0.09540636042402827,0.08433734939759036,0.8839803659080767
Sage 2.2.1 + ELF10,n8,vdW,283,112,83,29,0.3957597173144876,0.3493975903614458,0.8828528399311533
Sage 2.2.1 + AshGC,t97,ProperTorsions,283,116,86,31,0.4098939929328622,0.36046511627906974,0.8794105854049719
Sage 2.3.0rc2 + AshGC,Aryl Chloride,Checkmol,283,115,70,25,0.40636042402826855,0.35714285714285715,0.8788819875776398
Sage 2.3.0rc2 + AshGC,b70,Bonds,283,115,70,25,0.40636042402826855,0.35714285714285715,0.8788819875776398
Sage 2.3.0rc2 + AshGC,n24,vdW,283,115,70,25,0.40636042402826855,0.35714285714285715,0.8788819875776398
Sage 2.2.1 + AshGC,i7,ImproperTorsions,283,75,86,20,0.26501766784452296,0.23255813953488372,0.8775193798449612
Sage 2.2.1 + AshGC,b13,Bonds,283,75,86,20,0.26501766784452296,0.23255813953488372,0.8775193798449612
Sage 2.3.0rc2 + AshGC,t74,ProperTorsions,283,157,70,34,0.5547703180212014,0.4857142857142857,0.875523202911738
Sage 2.2.1 + ELF10,t74,ProperTorsions,283,157,83,40,0.5547703180212014,0.4819277108433735,0.8686977208195842
Sage 2.2.1 + ELF10,t82,ProperTorsions,283,4,83,1,0.014134275618374558,0.012048192771084338,0.8524096385542169
Sage 2.2.1 + ELF10,b18,Bonds,283,4,83,1,0.014134275618374558,0.012048192771084338,0.8524096385542169
Sage 2.2.1 + ELF10,Phenol,Checkmol,283,4,83,1,0.014134275618374558,0.012048192771084338,0.8524096385542169
Sage 2.2.1 + ELF10,t106,ProperTorsions,283,4,83,1,0.014134275618374558,0.012048192771084338,0.8524096385542169
Sage 2.2.1 + ELF10,Secondary Alcohol,Checkmol,283,4,83,1,0.014134275618374558,0.012048192771084338,0.8524096385542169
Sage 2.2.1 + ELF10,Primary Amine,Checkmol,283,52,83,13,0.18374558303886926,0.1566265060240964,0.8524096385542169
Sage 2.2.1 + ELF10,Primary Alcohol,Checkmol,283,20,83,5,0.0706713780918728,0.060240963855421686,0.8524096385542168
Sage 2.2.1 + ELF10,b3,Bonds,283,148,83,37,0.5229681978798587,0.4457831325301205,0.8524096385542168
Sage 2.2.1 + AshGC,t67,ProperTorsions,283,39,86,10,0.13780918727915195,0.11627906976744186,0.8437686344663088
Sage 2.3.0rc2 + ELF10,a20,Angles,283,223,62,41,0.7879858657243817,0.6612903225806451,0.8392159699117604
Sage 2.3.0rc2 + ELF10,b57,Bonds,283,22,62,4,0.07773851590106007,0.06451612903225806,0.8299120234604106
Sage 2.3.0rc2 + ELF10,t23,ProperTorsions,283,55,62,10,0.19434628975265017,0.16129032258064516,0.8299120234604106
Sage 2.3.0rc2 + ELF10,Sulfonamide,Checkmol,283,22,62,4,0.07773851590106007,0.06451612903225806,0.8299120234604106
Sage 2.3.0rc2 + ELF10,t93,ProperTorsions,283,22,62,4,0.07773851590106007,0.06451612903225806,0.8299120234604106
Sage 2.3.0rc2 + ELF10,i4,ImproperTorsions,283,220,62,40,0.7773851590106007,0.6451612903225806,0.8299120234604106
Sage 2.3.0rc2 + ELF10,t58a,ProperTorsions,283,11,62,2,0.038869257950530034,0.03225806451612903,0.8299120234604106
Sage 2.3.0rc2 + ELF10,Sulfonic Acid Derivative,Checkmol,283,22,62,4,0.07773851590106007,0.06451612903225806,0.8299120234604106
Sage 2.2.1 + AshGC,t82,ProperTorsions,283,4,86,1,0.014134275618374558,0.011627906976744186,0.8226744186046512
Sage 2.2.1 + AshGC,b3,Bonds,283,148,86,37,0.5229681978798587,0.43023255813953487,0.8226744186046511
Sage 2.2.1 + AshGC,Primary Amine,Checkmol,283,52,86,13,0.18374558303886926,0.1511627906976744,0.8226744186046511
Sage 2.2.1 + AshGC,b21,Bonds,283,177,86,44,0.6254416961130742,0.5116279069767442,0.8180265405334385
Sage 2.2.1 + AshGC,b10,Bonds,283,177,86,44,0.6254416961130742,0.5116279069767442,0.8180265405334385
Sage 2.2.1 + AshGC,t75,ProperTorsions,283,177,86,44,0.6254416961130742,0.5116279069767442,0.8180265405334385
Sage 2.3.0rc2 + AshGC,t2,ProperTorsions,283,114,70,23,0.4028268551236749,0.32857142857142857,0.8156641604010025
Sage 2.3.0rc2 + ELF10,n8,vdW,283,112,62,20,0.3957597173144876,0.3225806451612903,0.8150921658986175
Sage 2.3.0rc2 + AshGC,a33,Angles,283,5,70,1,0.0176678445229682,0.014285714285714285,0.8085714285714285
Sage 2.3.0rc2 + AshGC,t122a,ProperTorsions,283,5,70,1,0.0176678445229682,0.014285714285714285,0.8085714285714285
Sage 2.3.0rc2 + AshGC,a33a,Angles,283,5,70,1,0.0176678445229682,0.014285714285714285,0.8085714285714285
Sage 2.3.0rc2 + AshGC,t121a,ProperTorsions,283,5,70,1,0.0176678445229682,0.014285714285714285,0.8085714285714285
Sage 2.3.0rc2 + AshGC,t149b,ProperTorsions,283,15,70,3,0.053003533568904596,0.04285714285714286,0.8085714285714285
Sage 2.3.0rc2 + AshGC,t118a,ProperTorsions,283,5,70,1,0.0176678445229682,0.014285714285714285,0.8085714285714285
Sage 2.3.0rc2 + AshGC,i3,ImproperTorsions,283,20,70,4,0.0706713780918728,0.05714285714285714,0.8085714285714285
Sage 2.3.0rc2 + AshGC,Sulfoxide,Checkmol,283,5,70,1,0.0176678445229682,0.014285714285714285,0.8085714285714285
Sage 2.3.0rc2 + AshGC,t51,ProperTorsions,283,15,70,3,0.053003533568904596,0.04285714285714286,0.8085714285714285
Sage 2.3.0rc2 + AshGC,a18,Angles,283,15,70,3,0.053003533568904596,0.04285714285714286,0.8085714285714285
Sage 2.2.1 + AshGC,t18,ProperTorsions,283,167,86,41,0.5901060070671378,0.47674418604651164,0.8078958362345078
Sage 2.2.1 + ELF10,t23,ProperTorsions,283,55,83,13,0.19434628975265017,0.1566265060240964,0.8059145673603505
Sage 2.3.0rc2 + ELF10,b3,Bonds,283,148,62,26,0.5229681978798587,0.41935483870967744,0.8018744551002615
Sage 2.2.1 + AshGC,b70,Bonds,283,115,86,28,0.40636042402826855,0.32558139534883723,0.8012133468149647
Sage 2.2.1 + AshGC,n24,vdW,283,115,86,28,0.40636042402826855,0.32558139534883723,0.8012133468149647
Sage 2.2.1 + AshGC,Aryl Chloride,Checkmol,283,115,86,28,0.40636042402826855,0.32558139534883723,0.8012133468149647
Sage 2.3.0rc2 + ELF10,b14,Bonds,283,23,62,4,0.0812720848056537,0.06451612903225806,0.7938288920056101
Sage 2.3.0rc2 + ELF10,Alcohol,Checkmol,283,23,62,4,0.0812720848056537,0.06451612903225806,0.7938288920056101
Sage 2.3.0rc2 + AshGC,t96,ProperTorsions,283,46,70,9,0.1625441696113074,0.12857142857142856,0.7909937888198757
Sage 2.3.0rc2 + AshGC,Dialkylether,Checkmol,283,46,70,9,0.1625441696113074,0.12857142857142856,0.7909937888198757
Sage 2.3.0rc2 + ELF10,Primary Amine,Checkmol,283,52,62,9,0.18374558303886926,0.14516129032258066,0.7900124069478909
Sage 2.2.1 + ELF10,b21,Bonds,283,177,83,41,0.6254416961130742,0.4939759036144578,0.7898032809202913
Sage 2.2.1 + ELF10,t75,ProperTorsions,283,177,83,41,0.6254416961130742,0.4939759036144578,0.7898032809202913
Sage 2.2.1 + ELF10,b10,Bonds,283,177,83,41,0.6254416961130742,0.4939759036144578,0.7898032809202913
Sage 2.2.1 + AshGC,t85,ProperTorsions,283,159,86,38,0.5618374558303887,0.4418604651162791,0.7864560479742577
Sage 2.2.1 + AshGC,t84,ProperTorsions,283,159,86,38,0.5618374558303887,0.4418604651162791,0.7864560479742577
Sage 2.2.1 + AshGC,a22,Angles,283,159,86,38,0.5618374558303887,0.4418604651162791,0.7864560479742577
Sage 2.2.1 + AshGC,b12,Bonds,283,159,86,38,0.5618374558303887,0.4418604651162791,0.7864560479742577
Sage 2.2.1 + AshGC,Cation,Checkmol,283,63,86,15,0.2226148409893993,0.1744186046511628,0.783499446290144
Sage 2.2.1 + AshGC,t22,ProperTorsions,283,63,86,15,0.2226148409893993,0.1744186046511628,0.783499446290144
Sage 2.3.0rc2 + AshGC,b10,Bonds,283,177,70,34,0.6254416961130742,0.4857142857142857,0.7765940274414851
Sage 2.3.0rc2 + AshGC,b21,Bonds,283,177,70,34,0.6254416961130742,0.4857142857142857,0.7765940274414851
Sage 2.3.0rc2 + AshGC,t75,ProperTorsions,283,177,70,34,0.6254416961130742,0.4857142857142857,0.7765940274414851
Sage 2.2.1 + ELF10,t93,ProperTorsions,283,22,83,5,0.07773851590106007,0.060240963855421686,0.7749178532311063
Sage 2.3.0rc2 + ELF10,Amine,Checkmol,283,144,62,24,0.508833922261484,0.3870967741935484,0.7607526881720431
Sage 2.3.0rc2 + ELF10,t2,ProperTorsions,283,114,62,19,0.4028268551236749,0.3064516129032258,0.7607526881720431
Sage 2.3.0rc2 + ELF10,b25,Bonds,283,6,62,1,0.02120141342756184,0.016129032258064516,0.7607526881720429
Sage 2.2.1 + ELF10,t145b,ProperTorsions,283,9,83,2,0.03180212014134275,0.024096385542168676,0.7576974564926373
Sage 2.2.1 + ELF10,t148b,ProperTorsions,283,9,83,2,0.03180212014134275,0.024096385542168676,0.7576974564926373
Sage 2.3.0rc2 + ELF10,t74,ProperTorsions,283,157,62,26,0.5547703180212014,0.41935483870967744,0.7559071296486543
Sage 2.3.0rc2 + AshGC,t85,ProperTorsions,283,159,70,29,0.5618374558303887,0.4142857142857143,0.7373764600179695
Sage 2.3.0rc2 + AshGC,b12,Bonds,283,159,70,29,0.5618374558303887,0.4142857142857143,0.7373764600179695
Sage 2.3.0rc2 + AshGC,t84,ProperTorsions,283,159,70,29,0.5618374558303887,0.4142857142857143,0.7373764600179695
Sage 2.3.0rc2 + AshGC,a22,Angles,283,159,70,29,0.5618374558303887,0.4142857142857143,0.7373764600179695
Sage 2.3.0rc2 + AshGC,t23,ProperTorsions,283,55,70,10,0.19434628975265017,0.14285714285714285,0.7350649350649351
Sage 2.2.1 + AshGC,t148b,ProperTorsions,283,9,86,2,0.03180212014134275,0.023255813953488372,0.7312661498708011
Sage 2.2.1 + AshGC,t145b,ProperTorsions,283,9,86,2,0.03180212014134275,0.023255813953488372,0.7312661498708011
Sage 2.3.0rc2 + ELF10,t75,ProperTorsions,283,177,62,28,0.6254416961130742,0.45161290322580644,0.7220703480954984
Sage 2.3.0rc2 + ELF10,b10,Bonds,283,177,62,28,0.6254416961130742,0.45161290322580644,0.7220703480954984
Sage 2.3.0rc2 + ELF10,b21,Bonds,283,177,62,28,0.6254416961130742,0.45161290322580644,0.7220703480954984
Sage 2.3.0rc2 + AshGC,b11,Bonds,283,28,70,5,0.0989399293286219,0.07142857142857142,0.721938775510204
Sage 2.3.0rc2 + AshGC,t83,ProperTorsions,283,28,70,5,0.0989399293286219,0.07142857142857142,0.721938775510204
Sage 2.3.0rc2 + AshGC,t86,ProperTorsions,283,28,70,5,0.0989399293286219,0.07142857142857142,0.721938775510204
Sage 2.2.1 + ELF10,t84,ProperTorsions,283,159,83,33,0.5618374558303887,0.39759036144578314,0.7076608320072744
Sage 2.2.1 + ELF10,b12,Bonds,283,159,83,33,0.5618374558303887,0.39759036144578314,0.7076608320072744
Sage 2.2.1 + ELF10,t85,ProperTorsions,283,159,83,33,0.5618374558303887,0.39759036144578314,0.7076608320072744
Sage 2.2.1 + ELF10,a22,Angles,283,159,83,33,0.5618374558303887,0.39759036144578314,0.7076608320072744
Sage 2.3.0rc2 + ELF10,t67,ProperTorsions,283,39,62,6,0.13780918727915195,0.0967741935483871,0.7022332506203474
Sage 2.2.1 + ELF10,t67,ProperTorsions,283,39,83,8,0.13780918727915195,0.0963855421686747,0.6994130367624344
Sage 2.3.0rc2 + AshGC,Carboxylic Acid Amide,Checkmol,283,124,70,21,0.4381625441696113,0.3,0.6846774193548387
Sage 2.3.0rc2 + ELF10,i3,ImproperTorsions,283,20,62,3,0.0706713780918728,0.04838709677419355,0.6846774193548386
Sage 2.2.1 + ELF10,a33a,Angles,283,5,83,1,0.0176678445229682,0.012048192771084338,0.6819277108433736
Sage 2.2.1 + ELF10,a33,Angles,283,5,83,1,0.0176678445229682,0.012048192771084338,0.6819277108433736
Sage 2.2.1 + ELF10,t118a,ProperTorsions,283,5,83,1,0.0176678445229682,0.012048192771084338,0.6819277108433736
Sage 2.2.1 + ELF10,t121a,ProperTorsions,283,5,83,1,0.0176678445229682,0.012048192771084338,0.6819277108433736
Sage 2.2.1 + ELF10,t122a,ProperTorsions,283,5,83,1,0.0176678445229682,0.012048192771084338,0.6819277108433736
Sage 2.2.1 + ELF10,Sulfoxide,Checkmol,283,5,83,1,0.0176678445229682,0.012048192771084338,0.6819277108433736
Sage 2.3.0rc2 + ELF10,Hydroxy,Checkmol,283,27,62,4,0.09540636042402827,0.06451612903225806,0.6762246117084827
Sage 2.3.0rc2 + ELF10,n19,vdW,283,27,62,4,0.09540636042402827,0.06451612903225806,0.6762246117084827
Sage 2.3.0rc2 + ELF10,a28a,Angles,283,27,62,4,0.09540636042402827,0.06451612903225806,0.6762246117084827
Sage 2.3.0rc2 + ELF10,b88,Bonds,283,27,62,4,0.09540636042402827,0.06451612903225806,0.6762246117084827
Sage 2.3.0rc2 + ELF10,n12,vdW,283,27,62,4,0.09540636042402827,0.06451612903225806,0.6762246117084827
Sage 2.3.0rc2 + AshGC,"1,2 Aminoalcohol",Checkmol,283,6,70,1,0.02120141342756184,0.014285714285714285,0.6738095238095237
Sage 2.3.0rc2 + AshGC,b25,Bonds,283,6,70,1,0.02120141342756184,0.014285714285714285,0.6738095238095237
Sage 2.3.0rc2 + AshGC,t5,ProperTorsions,283,6,70,1,0.02120141342756184,0.014285714285714285,0.6738095238095237
Sage 2.3.0rc2 + ELF10,t83,ProperTorsions,283,28,62,4,0.0989399293286219,0.06451612903225806,0.652073732718894
Sage 2.3.0rc2 + ELF10,t42,ProperTorsions,283,7,62,1,0.024734982332155476,0.016129032258064516,0.652073732718894
Sage 2.3.0rc2 + ELF10,b11,Bonds,283,28,62,4,0.0989399293286219,0.06451612903225806,0.652073732718894
Sage 2.3.0rc2 + ELF10,n9,vdW,283,28,62,4,0.0989399293286219,0.06451612903225806,0.652073732718894
Sage 2.3.0rc2 + ELF10,t86,ProperTorsions,283,28,62,4,0.0989399293286219,0.06451612903225806,0.652073732718894
Sage 2.3.0rc2 + ELF10,t27,ProperTorsions,283,7,62,1,0.024734982332155476,0.016129032258064516,0.652073732718894
Sage 2.3.0rc2 + ELF10,t84,ProperTorsions,283,159,62,22,0.5618374558303887,0.3548387096774194,0.6315682694258471
Sage 2.3.0rc2 + ELF10,b12,Bonds,283,159,62,22,0.5618374558303887,0.3548387096774194,0.6315682694258471
Sage 2.3.0rc2 + ELF10,t85,ProperTorsions,283,159,62,22,0.5618374558303887,0.3548387096774194,0.6315682694258471
Sage 2.3.0rc2 + ELF10,a22,Angles,283,159,62,22,0.5618374558303887,0.3548387096774194,0.6315682694258471
Sage 2.3.0rc2 + ELF10,Carboxylic Acid Amide,Checkmol,283,124,62,17,0.4381625441696113,0.27419354838709675,0.625780437044745
Sage 2.3.0rc2 + AshGC,t67,ProperTorsions,283,39,70,6,0.13780918727915195,0.08571428571428572,0.621978021978022
Sage 2.2.1 + ELF10,t86,ProperTorsions,283,28,83,5,0.0989399293286219,0.060240963855421686,0.6088640275387264
Sage 2.2.1 + ELF10,t83,ProperTorsions,283,28,83,5,0.0989399293286219,0.060240963855421686,0.6088640275387264
Sage 2.2.1 + ELF10,b11,Bonds,283,28,83,5,0.0989399293286219,0.060240963855421686,0.6088640275387264
Sage 2.2.1 + ELF10,n9,vdW,283,28,83,5,0.0989399293286219,0.060240963855421686,0.6088640275387264
Sage 2.3.0rc2 + ELF10,t149b,ProperTorsions,283,15,62,2,0.053003533568904596,0.03225806451612903,0.6086021505376343
Sage 2.3.0rc2 + ELF10,t51,ProperTorsions,283,15,62,2,0.053003533568904596,0.03225806451612903,0.6086021505376343
Sage 2.3.0rc2 + ELF10,a18,Angles,283,15,62,2,0.053003533568904596,0.03225806451612903,0.6086021505376343
Sage 2.2.1 + ELF10,t121,ProperTorsions,283,17,83,3,0.06007067137809187,0.03614457831325301,0.6017009213323884
Sage 2.2.1 + AshGC,t23,ProperTorsions,283,55,86,10,0.19434628975265017,0.11627906976744186,0.5983086680761099
Sage 2.2.1 + AshGC,n9,vdW,283,28,86,5,0.0989399293286219,0.05813953488372093,0.587624584717608
Sage 2.2.1 + AshGC,t83,ProperTorsions,283,28,86,5,0.0989399293286219,0.05813953488372093,0.587624584717608
Sage 2.2.1 + AshGC,t86,ProperTorsions,283,28,86,5,0.0989399293286219,0.05813953488372093,0.587624584717608
Sage 2.2.1 + AshGC,b11,Bonds,283,28,86,5,0.0989399293286219,0.05813953488372093,0.587624584717608
Sage 2.2.1 + AshGC,Carboxylic Acid Amide,Checkmol,283,124,86,22,0.4381625441696113,0.2558139534883721,0.5838334583645912
Sage 2.2.1 + AshGC,t121,ProperTorsions,283,17,86,3,0.06007067137809187,0.03488372093023256,0.5807113543091655
Sage 2.3.0rc2 + AshGC,n9,vdW,283,28,70,4,0.0989399293286219,0.05714285714285714,0.5775510204081633
Sage 2.3.0rc2 + AshGC,t27,ProperTorsions,283,7,70,1,0.024734982332155476,0.014285714285714285,0.5775510204081633
Sage 2.3.0rc2 + AshGC,t42,ProperTorsions,283,7,70,1,0.024734982332155476,0.014285714285714285,0.5775510204081633
Sage 2.2.1 + ELF10,Carboxylic Acid Amide,Checkmol,283,124,83,21,0.4381625441696113,0.25301204819277107,0.5774387874076953
Sage 2.3.0rc2 + ELF10,b69,Bonds,283,8,62,1,0.028268551236749116,0.016129032258064516,0.5705645161290323
Sage 2.3.0rc2 + ELF10,Secondary Aromatic Amine,Checkmol,283,24,62,3,0.08480565371024736,0.04838709677419355,0.5705645161290323
Sage 2.2.1 + ELF10,Secondary Aromatic Amine,Checkmol,283,24,83,4,0.08480565371024736,0.04819277108433735,0.5682730923694779
Sage 2.2.1 + ELF10,t147b,ProperTorsions,283,6,83,1,0.02120141342756184,0.012048192771084338,0.5682730923694779
Sage 2.3.0rc2 + AshGC,b27,Bonds,283,36,70,5,0.127208480565371,0.07142857142857142,0.5615079365079365
Sage 2.3.0rc2 + AshGC,Nitrile,Checkmol,283,36,70,5,0.127208480565371,0.07142857142857142,0.5615079365079365
Sage 2.2.1 + AshGC,Secondary Aromatic Amine,Checkmol,283,24,86,4,0.08480565371024736,0.046511627906976744,0.5484496124031008
Sage 2.2.1 + AshGC,t5,ProperTorsions,283,6,86,1,0.02120141342756184,0.011627906976744186,0.5484496124031008
Sage 2.2.1 + AshGC,t122,ProperTorsions,283,6,86,1,0.02120141342756184,0.011627906976744186,0.5484496124031008
Sage 2.2.1 + AshGC,t147b,ProperTorsions,283,6,86,1,0.02120141342756184,0.011627906976744186,0.5484496124031008
Sage 2.2.1 + AshGC,b25,Bonds,283,6,86,1,0.02120141342756184,0.011627906976744186,0.5484496124031008
Sage 2.3.0rc2 + ELF10,t121,ProperTorsions,283,17,62,2,0.06007067137809187,0.03225806451612903,0.5370018975332068
Sage 2.3.0rc2 + AshGC,t166,ProperTorsions,283,38,70,5,0.13427561837455831,0.07142857142857142,0.5319548872180451
Sage 2.3.0rc2 + AshGC,a16,Angles,283,38,70,5,0.13427561837455831,0.07142857142857142,0.5319548872180451
Sage 2.3.0rc2 + AshGC,n15,vdW,283,38,70,5,0.13427561837455831,0.07142857142857142,0.5319548872180451
Sage 2.3.0rc2 + AshGC,t94,ProperTorsions,283,16,70,2,0.05653710247349823,0.02857142857142857,0.5053571428571428
Sage 2.3.0rc2 + AshGC,Secondary Aromatic Amine,Checkmol,283,24,70,3,0.08480565371024736,0.04285714285714286,0.5053571428571428
Sage 2.3.0rc2 + ELF10,Dialkylether,Checkmol,283,46,62,5,0.1625441696113074,0.08064516129032258,0.49614305750350635
Sage 2.3.0rc2 + ELF10,t96,ProperTorsions,283,46,62,5,0.1625441696113074,0.08064516129032258,0.49614305750350635
Sage 2.3.0rc2 + AshGC,b24,Bonds,283,34,70,4,0.12014134275618374,0.05714285714285714,0.47563025210084037
Sage 2.3.0rc2 + AshGC,t121,ProperTorsions,283,17,70,2,0.06007067137809187,0.02857142857142857,0.47563025210084037
Sage 2.3.0rc2 + AshGC,n19,vdW,283,27,70,3,0.09540636042402827,0.04285714285714286,0.4492063492063492
Sage 2.3.0rc2 + AshGC,a28a,Angles,283,27,70,3,0.09540636042402827,0.04285714285714286,0.4492063492063492
Sage 2.3.0rc2 + AshGC,Hydroxy,Checkmol,283,27,70,3,0.09540636042402827,0.04285714285714286,0.4492063492063492
Sage 2.3.0rc2 + AshGC,n12,vdW,283,27,70,3,0.09540636042402827,0.04285714285714286,0.4492063492063492
Sage 2.3.0rc2 + AshGC,b88,Bonds,283,27,70,3,0.09540636042402827,0.04285714285714286,0.4492063492063492
Sage 2.3.0rc2 + ELF10,a19,Angles,283,21,62,2,0.07420494699646643,0.03225806451612903,0.434715821812596
Sage 2.2.1 + ELF10,b69,Bonds,283,8,83,1,0.028268551236749116,0.012048192771084338,0.42620481927710846
Sage 2.3.0rc2 + AshGC,Primary Alcohol,Checkmol,283,20,70,2,0.0706713780918728,0.02857142857142857,0.40428571428571425
Sage 2.3.0rc2 + AshGC,t21,ProperTorsions,283,10,70,1,0.0353356890459364,0.014285714285714285,0.40428571428571425
Sage 2.3.0rc2 + AshGC,t77,ProperTorsions,283,73,70,7,0.2579505300353357,0.1,0.38767123287671235
Sage 2.2.1 + AshGC,b24,Bonds,283,34,86,4,0.12014134275618374,0.046511627906976744,0.387140902872777
Sage 2.3.0rc2 + AshGC,a19,Angles,283,21,70,2,0.07420494699646643,0.02857142857142857,0.38503401360544215
Sage 2.3.0rc2 + ELF10,b27,Bonds,283,36,62,3,0.127208480565371,0.04838709677419355,0.38037634408602156
Sage 2.3.0rc2 + ELF10,Nitrile,Checkmol,283,36,62,3,0.127208480565371,0.04838709677419355,0.38037634408602156
Sage 2.3.0rc2 + AshGC,t93,ProperTorsions,283,22,70,2,0.07773851590106007,0.02857142857142857,0.36753246753246754
Sage 2.3.0rc2 + AshGC,Carboxylic Acid Secondary Amide,Checkmol,283,66,70,6,0.2332155477031802,0.08571428571428572,0.36753246753246754
Sage 2.3.0rc2 + ELF10,t166,ProperTorsions,283,38,62,3,0.13427561837455831,0.04838709677419355,0.3603565365025467
Sage 2.3.0rc2 + ELF10,a16,Angles,283,38,62,3,0.13427561837455831,0.04838709677419355,0.3603565365025467
Sage 2.3.0rc2 + ELF10,n15,vdW,283,38,62,3,0.13427561837455831,0.04838709677419355,0.3603565365025467
Sage 2.3.0rc2 + AshGC,t78,ProperTorsions,283,68,70,6,0.24028268551236748,0.08571428571428572,0.35672268907563026
Sage 2.3.0rc2 + AshGC,Alcohol,Checkmol,283,23,70,2,0.0812720848056537,0.02857142857142857,0.3515527950310559
Sage 2.3.0rc2 + AshGC,b14,Bonds,283,23,70,2,0.0812720848056537,0.02857142857142857,0.3515527950310559
Sage 2.2.1 + AshGC,n15,vdW,283,38,86,4,0.13427561837455831,0.046511627906976744,0.34638922888616885
Sage 2.2.1 + AshGC,a16,Angles,283,38,86,4,0.13427561837455831,0.046511627906976744,0.34638922888616885
Sage 2.2.1 + AshGC,t166,ProperTorsions,283,38,86,4,0.13427561837455831,0.046511627906976744,0.34638922888616885
Sage 2.3.0rc2 + ELF10,t50,ProperTorsions,283,14,62,1,0.04946996466431095,0.016129032258064516,0.326036866359447
Sage 2.3.0rc2 + ELF10,Primary Aliphatic Amine,Checkmol,283,14,62,1,0.04946996466431095,0.016129032258064516,0.326036866359447
Sage 2.3.0rc2 + ELF10,n6,vdW,283,14,62,1,0.04946996466431095,0.016129032258064516,0.326036866359447
Sage 2.2.1 + ELF10,a19,Angles,283,21,83,2,0.07420494699646643,0.024096385542168676,0.3247274813539874
Sage 2.2.1 + AshGC,t77,ProperTorsions,283,73,86,7,0.2579505300353357,0.08139534883720931,0.3155463523415101
Sage 2.3.0rc2 + AshGC,t19,ProperTorsions,283,66,70,5,0.2332155477031802,0.07142857142857142,0.30627705627705626
Sage 2.2.1 + ELF10,b24,Bonds,283,34,83,3,0.12014134275618374,0.03614457831325301,0.3008504606661942
Sage 2.2.1 + AshGC,t19,ProperTorsions,283,66,86,6,0.2332155477031802,0.06976744186046512,0.29915433403805497
Sage 2.3.0rc2 + AshGC,t50,ProperTorsions,283,14,70,1,0.04946996466431095,0.014285714285714285,0.28877551020408165
Sage 2.3.0rc2 + AshGC,n6,vdW,283,14,70,1,0.04946996466431095,0.014285714285714285,0.28877551020408165
Sage 2.3.0rc2 + AshGC,Primary Aliphatic Amine,Checkmol,283,14,70,1,0.04946996466431095,0.014285714285714285,0.28877551020408165
Sage 2.3.0rc2 + ELF10,t66,ProperTorsions,283,16,62,1,0.05653710247349823,0.016129032258064516,0.2852822580645161
Sage 2.2.1 + ELF10,b27,Bonds,283,36,83,3,0.127208480565371,0.03614457831325301,0.284136546184739
Sage 2.2.1 + ELF10,Nitrile,Checkmol,283,36,83,3,0.127208480565371,0.03614457831325301,0.284136546184739
Sage 2.3.0rc2 + ELF10,Carboxylic Acid Secondary Amide,Checkmol,283,66,62,4,0.2332155477031802,0.06451612903225806,0.27663734115347016
Sage 2.2.1 + AshGC,b27,Bonds,283,36,86,3,0.127208480565371,0.03488372093023256,0.27422480620155043
Sage 2.2.1 + AshGC,Nitrile,Checkmol,283,36,86,3,0.127208480565371,0.03488372093023256,0.27422480620155043
Sage 2.2.1 + ELF10,t166,ProperTorsions,283,38,83,3,0.13427561837455831,0.03614457831325301,0.2691819911223842
Sage 2.2.1 + ELF10,n15,vdW,283,38,83,3,0.13427561837455831,0.03614457831325301,0.2691819911223842
Sage 2.2.1 + ELF10,a16,Angles,283,38,83,3,0.13427561837455831,0.03614457831325301,0.2691819911223842
Sage 2.3.0rc2 + ELF10,b24,Bonds,283,34,62,2,0.12014134275618374,0.03225806451612903,0.2685009487666034
Sage 2.3.0rc2 + ELF10,t78,ProperTorsions,283,68,62,4,0.24028268551236748,0.06451612903225806,0.2685009487666034
Sage 2.3.0rc2 + AshGC,t66,ProperTorsions,283,16,70,1,0.05653710247349823,0.014285714285714285,0.2526785714285714
Sage 2.3.0rc2 + ELF10,t77,ProperTorsions,283,73,62,4,0.2579505300353357,0.06451612903225806,0.25011047282368537
Sage 2.2.1 + ELF10,t50,ProperTorsions,283,14,83,1,0.04946996466431095,0.012048192771084338,0.24354561101549055
Sage 2.2.1 + ELF10,n6,vdW,283,14,83,1,0.04946996466431095,0.012048192771084338,0.24354561101549055
Sage 2.2.1 + ELF10,Primary Aliphatic Amine,Checkmol,283,14,83,1,0.04946996466431095,0.012048192771084338,0.24354561101549055
Sage 2.2.1 + ELF10,t66,ProperTorsions,283,16,83,1,0.05653710247349823,0.012048192771084338,0.21310240963855423
Sage 2.2.1 + ELF10,t19,ProperTorsions,283,66,83,4,0.2332155477031802,0.04819277108433735,0.20664476086162836
Sage 2.2.1 + AshGC,t66,ProperTorsions,283,16,86,1,0.05653710247349823,0.011627906976744186,0.2056686046511628
Sage 2.2.1 + ELF10,t77,ProperTorsions,283,73,83,4,0.2579505300353357,0.04819277108433735,0.18682950982010232
Sage 2.2.1 + AshGC,a19,Angles,283,21,86,1,0.07420494699646643,0.011627906976744186,0.1566998892580288
Sage 2.2.1 + ELF10,Carboxylic Acid Secondary Amide,Checkmol,283,66,83,3,0.2332155477031802,0.03614457831325301,0.15498357064622126
Sage 2.2.1 + ELF10,t78,ProperTorsions,283,68,83,3,0.24028268551236748,0.03614457831325301,0.1504252303330971
Sage 2.2.1 + AshGC,Carboxylic Acid Secondary Amide,Checkmol,283,66,86,3,0.2332155477031802,0.03488372093023256,0.14957716701902748
Sage 2.2.1 + AshGC,t78,ProperTorsions,283,68,86,3,0.24028268551236748,0.03488372093023256,0.14517783857729138
Sage 2.3.0rc2 + ELF10,t19,ProperTorsions,283,66,62,2,0.2332155477031802,0.03225806451612903,0.13831867057673508
Sage 2.2.1 + AshGC,t122a,ProperTorsions,283,5,86,0,0.0176678445229682,0.0,0.0
Sage 2.2.1 + AshGC,t121a,ProperTorsions,283,5,86,0,0.0176678445229682,0.0,0.0
Sage 2.2.1 + AshGC,t118a,ProperTorsions,283,5,86,0,0.0176678445229682,0.0,0.0
Sage 2.2.1 + AshGC,t116,ProperTorsions,283,4,86,0,0.014134275618374558,0.0,0.0
Sage 2.2.1 + AshGC,t83a,ProperTorsions,283,2,86,0,0.007067137809187279,0.0,0.0
Sage 2.2.1 + AshGC,t106,ProperTorsions,283,4,86,0,0.014134275618374558,0.0,0.0
Sage 2.3.0rc2 + ELF10,Alkyne,Checkmol,283,2,62,0,0.007067137809187279,0.0,0.0
Sage 2.3.0rc2 + ELF10,t83a,ProperTorsions,283,2,62,0,0.007067137809187279,0.0,0.0
Sage 2.2.1 + AshGC,t50,ProperTorsions,283,14,86,0,0.04946996466431095,0.0,0.0
Sage 2.2.1 + AshGC,Alkyl Chloride,Checkmol,283,2,86,0,0.007067137809187279,0.0,0.0
Sage 2.2.1 + AshGC,Alkyl Fluoride,Checkmol,283,3,86,0,0.01060070671378092,0.0,0.0
Sage 2.2.1 + AshGC,Aryl Iodide,Checkmol,283,2,86,0,0.007067137809187279,0.0,0.0
Sage 2.2.1 + AshGC,Carboxylic Acid Primary Amide,Checkmol,283,2,86,0,0.007067137809187279,0.0,0.0
Sage 2.2.1 + AshGC,Nitro Compound,Checkmol,283,2,86,0,0.007067137809187279,0.0,0.0
Sage 2.2.1 + AshGC,Phenol,Checkmol,283,4,86,0,0.014134275618374558,0.0,0.0
Sage 2.2.1 + AshGC,Primary Aliphatic Amine,Checkmol,283,14,86,0,0.04946996466431095,0.0,0.0
Sage 2.2.1 + AshGC,Sulfoxide,Checkmol,283,5,86,0,0.0176678445229682,0.0,0.0
Sage 2.2.1 + AshGC,a25,Angles,283,2,86,0,0.007067137809187279,0.0,0.0
Sage 2.2.1 + AshGC,a26,Angles,283,2,86,0,0.007067137809187279,0.0,0.0
Sage 2.3.0rc2 + ELF10,t165,ProperTorsions,283,2,62,0,0.007067137809187279,0.0,0.0
Sage 2.2.1 + AshGC,a33,Angles,283,5,86,0,0.0176678445229682,0.0,0.0
Sage 2.2.1 + AshGC,a33a,Angles,283,5,86,0,0.0176678445229682,0.0,0.0
Sage 2.2.1 + AshGC,a38,Angles,283,2,86,0,0.007067137809187279,0.0,0.0
Sage 2.3.0rc2 + ELF10,t147b,ProperTorsions,283,6,62,0,0.02120141342756184,0.0,0.0
Sage 2.2.1 + AshGC,b8a,Bonds,283,2,86,0,0.007067137809187279,0.0,0.0
Sage 2.2.1 + AshGC,b18,Bonds,283,4,86,0,0.014134275618374558,0.0,0.0
Sage 2.3.0rc2 + ELF10,t122a,ProperTorsions,283,5,62,0,0.0176678445229682,0.0,0.0
Sage 2.3.0rc2 + ELF10,t122,ProperTorsions,283,6,62,0,0.02120141342756184,0.0,0.0
Sage 2.3.0rc2 + ELF10,t118a,ProperTorsions,283,5,62,0,0.0176678445229682,0.0,0.0
Sage 2.2.1 + AshGC,b42,Bonds,283,2,86,0,0.007067137809187279,0.0,0.0
Sage 2.2.1 + AshGC,b51,Bonds,283,2,86,0,0.007067137809187279,0.0,0.0
Sage 2.3.0rc2 + ELF10,t116,ProperTorsions,283,4,62,0,0.014134275618374558,0.0,0.0
Sage 2.2.1 + AshGC,b71,Bonds,283,2,86,0,0.007067137809187279,0.0,0.0
Sage 2.2.1 + AshGC,b74,Bonds,283,2,86,0,0.007067137809187279,0.0,0.0
Sage 2.3.0rc2 + ELF10,t106,ProperTorsions,283,4,62,0,0.014134275618374558,0.0,0.0
Sage 2.2.1 + AshGC,t25,ProperTorsions,283,2,86,0,0.007067137809187279,0.0,0.0
Sage 2.2.1 + AshGC,t27,ProperTorsions,283,7,86,0,0.024734982332155476,0.0,0.0
Sage 2.2.1 + AshGC,t42,ProperTorsions,283,7,86,0,0.024734982332155476,0.0,0.0
Sage 2.3.0rc2 + ELF10,t121a,ProperTorsions,283,5,62,0,0.0176678445229682,0.0,0.0
Sage 2.2.1 + ELF10,t25,ProperTorsions,283,2,83,0,0.007067137809187279,0.0,0.0
Sage 2.2.1 + AshGC,n6,vdW,283,14,86,0,0.04946996466431095,0.0,0.0
Sage 2.3.0rc2 + AshGC,b28,Bonds,283,2,70,0,0.007067137809187279,0.0,0.0
Sage 2.3.0rc2 + ELF10,a26,Angles,283,2,62,0,0.007067137809187279,0.0,0.0
Sage 2.3.0rc2 + AshGC,a7a,Angles,283,4,70,0,0.014134275618374558,0.0,0.0
Sage 2.3.0rc2 + AshGC,a9,Angles,283,4,70,0,0.014134275618374558,0.0,0.0
Sage 2.3.0rc2 + AshGC,a8,Angles,283,4,70,0,0.014134275618374558,0.0,0.0
Sage 2.3.0rc2 + ELF10,a33,Angles,283,5,62,0,0.0176678445229682,0.0,0.0
Sage 2.3.0rc2 + ELF10,a33a,Angles,283,5,62,0,0.0176678445229682,0.0,0.0
Sage 2.3.0rc2 + ELF10,a37,Angles,283,2,62,0,0.007067137809187279,0.0,0.0
Sage 2.3.0rc2 + ELF10,a38,Angles,283,2,62,0,0.007067137809187279,0.0,0.0
Sage 2.3.0rc2 + AshGC,a38,Angles,283,2,70,0,0.007067137809187279,0.0,0.0
Sage 2.3.0rc2 + AshGC,a37,Angles,283,2,70,0,0.007067137809187279,0.0,0.0
Sage 2.3.0rc2 + AshGC,Thioether,Checkmol,283,4,70,0,0.014134275618374558,0.0,0.0
Sage 2.3.0rc2 + AshGC,Tertiary Alcohol,Checkmol,283,3,70,0,0.01060070671378092,0.0,0.0
Sage 2.3.0rc2 + AshGC,Secondary Alcohol,Checkmol,283,4,70,0,0.014134275618374558,0.0,0.0
Sage 2.3.0rc2 + AshGC,Carboxylic Acid Primary Amide,Checkmol,283,2,70,0,0.007067137809187279,0.0,0.0
Sage 2.3.0rc2 + AshGC,Aryl Iodide,Checkmol,283,2,70,0,0.007067137809187279,0.0,0.0
Sage 2.3.0rc2 + ELF10,a25,Angles,283,2,62,0,0.007067137809187279,0.0,0.0
Sage 2.3.0rc2 + AshGC,b51,Bonds,283,2,70,0,0.007067137809187279,0.0,0.0
Sage 2.3.0rc2 + AshGC,Alkyl Fluoride,Checkmol,283,3,70,0,0.01060070671378092,0.0,0.0
Sage 2.3.0rc2 + AshGC,b71,Bonds,283,2,70,0,0.007067137809187279,0.0,0.0
Sage 2.3.0rc2 + ELF10,Aryl Iodide,Checkmol,283,2,62,0,0.007067137809187279,0.0,0.0
Sage 2.3.0rc2 + ELF10,Alkyl Chloride,Checkmol,283,2,62,0,0.007067137809187279,0.0,0.0
Sage 2.3.0rc2 + ELF10,"1,2 Diol",Checkmol,283,2,62,0,0.007067137809187279,0.0,0.0
Sage 2.3.0rc2 + AshGC,n26,vdW,283,2,70,0,0.007067137809187279,0.0,0.0
Sage 2.3.0rc2 + ELF10,Carboxylic Acid Primary Amide,Checkmol,283,2,62,0,0.007067137809187279,0.0,0.0
Sage 2.3.0rc2 + AshGC,t165,ProperTorsions,283,2,70,0,0.007067137809187279,0.0,0.0
Sage 2.3.0rc2 + AshGC,t147b,ProperTorsions,283,6,70,0,0.02120141342756184,0.0,0.0
Sage 2.3.0rc2 + AshGC,t122,ProperTorsions,283,6,70,0,0.02120141342756184,0.0,0.0
Sage 2.3.0rc2 + ELF10,Nitro Compound,Checkmol,283,2,62,0,0.007067137809187279,0.0,0.0
Sage 2.3.0rc2 + ELF10,Phenol,Checkmol,283,4,62,0,0.014134275618374558,0.0,0.0
Sage 2.3.0rc2 + ELF10,Secondary Alcohol,Checkmol,283,4,62,0,0.014134275618374558,0.0,0.0
Sage 2.3.0rc2 + ELF10,Sulfoxide,Checkmol,283,5,62,0,0.0176678445229682,0.0,0.0
Sage 2.3.0rc2 + ELF10,Tertiary Alcohol,Checkmol,283,3,62,0,0.01060070671378092,0.0,0.0
Sage 2.3.0rc2 + ELF10,Thioether,Checkmol,283,4,62,0,0.014134275618374558,0.0,0.0
Sage 2.3.0rc2 + AshGC,b74,Bonds,283,2,70,0,0.007067137809187279,0.0,0.0
Sage 2.3.0rc2 + AshGC,Alkyne,Checkmol,283,2,70,0,0.007067137809187279,0.0,0.0
Sage 2.3.0rc2 + AshGC,Alkyl Chloride,Checkmol,283,2,70,0,0.007067137809187279,0.0,0.0
Sage 2.2.1 + AshGC,n26,vdW,283,2,86,0,0.007067137809187279,0.0,0.0
Sage 2.2.1 + ELF10,b51,Bonds,283,2,83,0,0.007067137809187279,0.0,0.0
Sage 2.2.1 + ELF10,b28,Bonds,283,2,83,0,0.007067137809187279,0.0,0.0
Sage 2.2.1 + ELF10,b25,Bonds,283,6,83,0,0.02120141342756184,0.0,0.0
Sage 2.2.1 + ELF10,b8a,Bonds,283,2,83,0,0.007067137809187279,0.0,0.0
Sage 2.3.0rc2 + ELF10,t5,ProperTorsions,283,6,62,0,0.02120141342756184,0.0,0.0
Sage 2.2.1 + ELF10,a38,Angles,283,2,83,0,0.007067137809187279,0.0,0.0
Sage 2.2.1 + ELF10,a26,Angles,283,2,83,0,0.007067137809187279,0.0,0.0
Sage 2.2.1 + ELF10,a25,Angles,283,2,83,0,0.007067137809187279,0.0,0.0
Sage 2.2.1 + ELF10,Nitro Compound,Checkmol,283,2,83,0,0.007067137809187279,0.0,0.0
Sage 2.2.1 + ELF10,Carboxylic Acid Primary Amide,Checkmol,283,2,83,0,0.007067137809187279,0.0,0.0
Sage 2.3.0rc2 + ELF10,t21,ProperTorsions,283,10,62,0,0.0353356890459364,0.0,0.0
Sage 2.2.1 + ELF10,Aryl Iodide,Checkmol,283,2,83,0,0.007067137809187279,0.0,0.0
Sage 2.3.0rc2 + ELF10,t25,ProperTorsions,283,2,62,0,0.007067137809187279,0.0,0.0
Sage 2.2.1 + ELF10,Alkyne,Checkmol,283,2,83,0,0.007067137809187279,0.0,0.0
Sage 2.2.1 + ELF10,Alkyl Fluoride,Checkmol,283,3,83,0,0.01060070671378092,0.0,0.0
Sage 2.2.1 + ELF10,Alkyl Chloride,Checkmol,283,2,83,0,0.007067137809187279,0.0,0.0
Sage 2.2.1 + ELF10,b42,Bonds,283,2,83,0,0.007067137809187279,0.0,0.0
Sage 2.2.1 + ELF10,b71,Bonds,283,2,83,0,0.007067137809187279,0.0,0.0
Sage 2.3.0rc2 + ELF10,b8a,Bonds,283,2,62,0,0.007067137809187279,0.0,0.0
Sage 2.2.1 + ELF10,b74,Bonds,283,2,83,0,0.007067137809187279,0.0,0.0
Sage 2.3.0rc2 + AshGC,"1,2 Diol",Checkmol,283,2,70,0,0.007067137809187279,0.0,0.0
Sage 2.2.1 + ELF10,n26,vdW,283,2,83,0,0.007067137809187279,0.0,0.0
Sage 2.3.0rc2 + ELF10,b18,Bonds,283,4,62,0,0.014134275618374558,0.0,0.0
Sage 2.2.1 + ELF10,t165,ProperTorsions,283,2,83,0,0.007067137809187279,0.0,0.0
Sage 2.2.1 + ELF10,t122,ProperTorsions,283,6,83,0,0.02120141342756184,0.0,0.0
Sage 2.3.0rc2 + ELF10,b28,Bonds,283,2,62,0,0.007067137809187279,0.0,0.0
Sage 2.2.1 + ELF10,t116,ProperTorsions,283,4,83,0,0.014134275618374558,0.0,0.0
Sage 2.3.0rc2 + ELF10,b42,Bonds,283,2,62,0,0.007067137809187279,0.0,0.0
Sage 2.3.0rc2 + ELF10,b51,Bonds,283,2,62,0,0.007067137809187279,0.0,0.0
Sage 2.2.1 + ELF10,t83a,ProperTorsions,283,2,83,0,0.007067137809187279,0.0,0.0
Sage 2.3.0rc2 + ELF10,b71,Bonds,283,2,62,0,0.007067137809187279,0.0,0.0
Sage 2.2.1 + ELF10,t42,ProperTorsions,283,7,83,0,0.024734982332155476,0.0,0.0
Sage 2.3.0rc2 + ELF10,b74,Bonds,283,2,62,0,0.007067137809187279,0.0,0.0
Sage 2.2.1 + ELF10,t27,ProperTorsions,283,7,83,0,0.024734982332155476,0.0,0.0
Sage 2.3.0rc2 + ELF10,Alkyl Fluoride,Checkmol,283,3,62,0,0.01060070671378092,0.0,0.0
Sage 2.3.0rc2 + ELF10,n26,vdW,283,2,62,0,0.007067137809187279,0.0,0.0
