,Id,Temperature (K),Pressure (kPa),Phase,N Components,Component 1,Role 1,Mole Fraction 1,Exact Amount 1,Component 2,Role 2,Mole Fraction 2,Exact Amount 2,EnthalpyOfMixing Value (kJ / mol),EnthalpyOfMixing Uncertainty (kJ / mol),Source
0,dhmix_592425981731704,313.15,101.0,Liquid,2,C1CCCCC1,Solvent,0.1003,,Cc1ccccc1,Solvent,0.8996999999999999,,0.2015,0.0015,10.1016/j.jct.2008.12.004
1,dhmix_997331474504366167,313.15,101.0,Liquid,2,C1CCCCC1,Solvent,0.6979,,Cc1ccccc1,Solvent,0.3021,,0.5221,0.0034,10.1016/j.jct.2008.12.004
2,dhmix_1586684551148150215,298.15,101.0,Liquid,2,C1CCCCC1,Solvent,0.3976,,Cc1ccccc1,Solvent,0.6024,,0.5887,0.0038,10.1016/j.jct.2008.12.004
3,dhmix_1261378482688431,298.15,101.0,Liquid,2,CCC(C)=O,Solvent,0.5106,,Nc1ccccc1,Solvent,0.4893999999999999,,-1.173,0.0125,10.1021/je200333p
4,dhmix_157258283975731553,298.15,101.0,Liquid,2,CCC(C)=O,Solvent,0.9018,,Nc1ccccc1,Solvent,0.0981999999999999,,-0.469,0.005,10.1021/je200333p
5,dhmix_1389656513678923263,298.15,101.0,Liquid,2,CCC(C)=O,Solvent,0.2099,,Nc1ccccc1,Solvent,0.7901,,-0.648,0.007,10.1021/je200333p
6,dhmix_575991096898484441,298.15,100.0,Liquid,2,CC#N,Solvent,0.4886,,CCCCOCCCC,Solvent,0.5114000000000001,,1.26543,0.00796,10.1021/acs.jced.5b00838
7,dhmix_1182924089945476872,298.15,100.0,Liquid,2,CC#N,Solvent,0.2416,,CCCCOCCCC,Solvent,0.7584,,0.94593,0.00601,10.1021/acs.jced.5b00838
8,dhmix_1244492966201685063,298.15,100.0,Liquid,2,CC#N,Solvent,0.7952,,CCCCOCCCC,Solvent,0.2047999999999999,,0.94289,0.005995,10.1021/acs.jced.5b00838
9,dhmix_1335365307191460458,308.15,101.0,Liquid,2,C1CCCCC1,Solvent,0.7518,,CN1CCCC1=O,Solvent,0.2482,,1.1998,0.01285,10.1016/j.jct.2010.12.016
10,dhmix_1563298635135474599,308.15,101.0,Liquid,2,C1CCCCC1,Solvent,0.2789,,CN1CCCC1=O,Solvent,0.7211,,1.2061,0.0129,10.1016/j.jct.2010.12.016
11,dhmix_1683219349338278021,308.15,101.0,Liquid,2,C1CCCCC1,Solvent,0.4734,,CN1CCCC1=O,Solvent,0.5266,,1.4691,0.0157,10.1016/j.jct.2010.12.016
12,dhmix_369816950910078034,298.15,101.0,Liquid,2,BrCCCCBr,Solvent,0.7782,,COC=O,Solvent,0.2218,,0.6355,0.0057,10.1016/j.jct.2006.05.004
13,dhmix_1496821399278454353,298.15,101.0,Liquid,2,BrCCCCBr,Solvent,0.2653999999999999,,COC=O,Solvent,0.7346,,0.8185,0.00715,10.1016/j.jct.2006.05.004
14,dhmix_1802862930607761431,298.15,101.0,Liquid,2,BrCCCCBr,Solvent,0.482,,COC=O,Solvent,0.518,,1.0243,0.0087,10.1016/j.jct.2006.05.004
15,dhmix_8447570649359775,308.15,101.32,Liquid,2,OCCO,Solvent,0.4817,,OCc1ccccc1,Solvent,0.5183,,0.201,0.00465,10.1021/je0342062
16,dhmix_1362282802315816638,308.15,101.32,Liquid,2,OCCO,Solvent,0.7361,,OCc1ccccc1,Solvent,0.2639,,0.1383,0.0037,10.1021/je0342062
17,dhmix_1666683879028583081,308.15,101.32,Liquid,2,OCCO,Solvent,0.2365,,OCc1ccccc1,Solvent,0.7635000000000001,,0.209,0.0048,10.1021/je0342062
18,dhmix_820491025608256793,298.15,101.0,Liquid,2,CCOC(C)(C)C,Solvent,0.5019,,Cc1ccccc1,Solvent,0.4981,,-0.046,0.00055,10.1016/j.jct.2008.12.004
19,dhmix_1374163681483564129,298.15,101.0,Liquid,2,CCOC(C)(C)C,Solvent,0.2489,,Cc1ccccc1,Solvent,0.7511,,-0.0324,0.0005,10.1016/j.jct.2008.12.004
20,dhmix_1982853461678580310,298.15,101.0,Liquid,2,CCOC(C)(C)C,Solvent,0.7495,,Cc1ccccc1,Solvent,0.2504999999999999,,-0.0348,0.0005,10.1016/j.jct.2008.12.004
21,dhmix_13624411991961099,308.15,101.0,Liquid,2,C1CCOCC1,Solvent,0.2379,,Cc1ccccc1N,Solvent,0.7621,,-0.3658,0.004,10.1021/je1005196
22,dhmix_510299013171775812,308.15,101.0,Liquid,2,C1CCOCC1,Solvent,0.741,,Cc1ccccc1N,Solvent,0.259,,-0.4892,0.0053,10.1021/je1005196
23,dhmix_1337006691942958969,308.15,101.0,Liquid,2,C1CCOCC1,Solvent,0.4901,,Cc1ccccc1N,Solvent,0.5099,,-0.5715,0.0062,10.1021/je1005196
24,dhmix_1315230298567753558,298.15,101.0,Liquid,2,CCCCCl,Solvent,0.793,,CN(C)C=O,Solvent,0.207,,0.404,0.003,10.1016/j.jct.2007.01.017
25,dhmix_1929975181819720491,298.15,101.0,Liquid,2,CCCCCl,Solvent,0.493,,CN(C)C=O,Solvent,0.507,,0.571,0.003,10.1016/j.jct.2007.01.017
26,dhmix_1976787548784045784,298.15,101.0,Liquid,2,CCCCCl,Solvent,0.295,,CN(C)C=O,Solvent,0.705,,0.467,0.003,10.1016/j.jct.2007.01.017
27,dhmix_1909144841681931250,308.15,101.0,Liquid,2,Cc1ccccc1N,Solvent,0.4882,,Cc1ccccn1,Solvent,0.5118,,-1.4976,0.0305,10.1016/j.jct.2010.12.028
28,dhmix_2038606904928978856,308.15,101.0,Liquid,2,Cc1ccccc1N,Solvent,0.7821,,Cc1ccccn1,Solvent,0.2178999999999999,,-0.8656,0.01775,10.1016/j.jct.2010.12.028
29,dhmix_2125558080831870503,308.15,101.0,Liquid,2,Cc1ccccc1N,Solvent,0.2736,,Cc1ccccn1,Solvent,0.7263999999999999,,-1.2462,0.0254,10.1016/j.jct.2010.12.028
30,dhmix_1453612193040378117,298.2,100.0,Liquid,2,CN(C)CCO,Solvent,0.4972,,CO,Solvent,0.5028,,-0.8673,0.00935,10.1021/je800334m
31,dhmix_2113387918969192804,298.2,100.0,Liquid,2,CN(C)CCO,Solvent,0.2479,,CO,Solvent,0.7521,,-0.8057,0.0087,10.1021/je800334m
32,dhmix_2220842061395014218,298.2,100.0,Liquid,2,CN(C)CCO,Solvent,0.7506,,CO,Solvent,0.2493999999999999,,-0.5322,0.00585,10.1021/je800334m
33,dhmix_21994921667950318,298.15,101.0,Liquid,2,C=CCCCC,Solvent,0.5001,,CCCO,Solvent,0.4999,,0.595,0.0055,10.1021/je5004912
34,dhmix_829065315899278784,298.15,101.0,Liquid,2,C=CCCCC,Solvent,0.75,,CCCO,Solvent,0.25,,0.682,0.006,10.1021/je5004912
35,dhmix_2167083041249157622,298.15,101.0,Liquid,2,C=CCCCC,Solvent,0.1501,,CCCO,Solvent,0.8499,,0.192,0.005,10.1021/je5004912
36,dhmix_22428169890990447,298.15,101.0,Liquid,2,CC1(C)C(=O)[C@]2(C)CC[C@H]1C2,Solvent,0.286,,CCO,Solvent,0.714,,0.876,0.0265,10.1016/j.jct.2013.09.024
37,dhmix_57626661746168078,298.15,101.0,Liquid,2,CC1(C)C(=O)[C@]2(C)CC[C@H]1C2,Solvent,0.701,,CCO,Solvent,0.299,,1.0,0.0305,10.1016/j.jct.2013.09.024
38,dhmix_287041928444283276,298.15,101.0,Liquid,2,CC1(C)C(=O)[C@]2(C)CC[C@H]1C2,Solvent,0.488,,CCO,Solvent,0.512,,1.109,0.0335,10.1016/j.jct.2013.09.024
39,dhmix_24700325920498635,298.15,101.0,Liquid,2,CCC(C)(C)O,Solvent,0.7994,,CCOC(C)(C)CC,Solvent,0.2006,,0.448,0.0073,10.1021/je300670n
40,dhmix_252628078473967793,298.15,101.0,Liquid,2,CCC(C)(C)O,Solvent,0.2996999999999999,,CCOC(C)(C)CC,Solvent,0.7003,,0.9727,0.0132,10.1021/je300670n
41,dhmix_980734994193955874,298.15,101.0,Liquid,2,CCC(C)(C)O,Solvent,0.4987,,CCOC(C)(C)CC,Solvent,0.5013,,0.8937,0.01225,10.1021/je300670n
42,dhmix_1373657903424456878,298.15,101.0,Liquid,2,CCCCCC,Solvent,0.1586,,Cc1ccccc1,Solvent,0.8414,,0.3163,0.0043,10.1016/j.jct.2006.08.011
43,dhmix_1383995974797334848,298.15,101.0,Liquid,2,CCCCCC,Solvent,0.4723,,Cc1ccccc1,Solvent,0.5277000000000001,,0.5467,0.00715,10.1016/j.jct.2006.08.011
44,dhmix_1412344026798360911,298.15,101.0,Liquid,2,CCCCCC,Solvent,0.7484,,Cc1ccccc1,Solvent,0.2516,,0.393,0.00525,10.1016/j.jct.2006.08.011
45,dhmix_674882857451857086,308.15,100.0,Liquid,2,CN(C)C=O,Solvent,0.5118,,Cc1ccccc1Cl,Solvent,0.4882,,0.545,0.006,10.1016/j.jct.2013.12.006
46,dhmix_1670364528496870559,308.15,100.0,Liquid,2,CN(C)C=O,Solvent,0.7679,,Cc1ccccc1Cl,Solvent,0.2321,,0.436,0.005,10.1016/j.jct.2013.12.006
47,dhmix_1992689527814967541,308.15,100.0,Liquid,2,CN(C)C=O,Solvent,0.2743,,Cc1ccccc1Cl,Solvent,0.7257,,0.373,0.004,10.1016/j.jct.2013.12.006
48,dhmix_384619296407103076,298.15,101.0,Liquid,2,CC(=O)N(C)C,Solvent,0.504,,ClCCCCCCCl,Solvent,0.496,,0.09,0.002,10.1016/j.jct.2007.06.017
49,dhmix_1114659247517686326,298.15,101.0,Liquid,2,CC(=O)N(C)C,Solvent,0.798,,ClCCCCCCCl,Solvent,0.2019999999999999,,0.067,0.002,10.1016/j.jct.2007.06.017
50,dhmix_1410583096030633514,298.15,101.0,Liquid,2,CC(=O)N(C)C,Solvent,0.212,,ClCCCCCCCl,Solvent,0.788,,0.04,0.002,10.1016/j.jct.2007.06.017
51,dhmix_35301006695188726,303.15,100.0,Liquid,2,CCOC(=O)C(C)C,Solvent,0.289,,CO,Solvent,0.7110000000000001,,0.488,0.0035,10.1016/j.jct.2019.105884
52,dhmix_1951183536432642425,303.15,100.0,Liquid,2,CCOC(=O)C(C)C,Solvent,0.48,,CO,Solvent,0.52,,0.671,0.0045,10.1016/j.jct.2019.105884
53,dhmix_2200604492347455092,303.15,100.0,Liquid,2,CCOC(=O)C(C)C,Solvent,0.771,,CO,Solvent,0.2289999999999999,,0.632,0.0045,10.1016/j.jct.2019.105884
54,dhmix_39159150320919359,298.15,101.0,Liquid,2,CCO,Solvent,0.7997,,Cc1cccc(O)c1,Solvent,0.2003,,-0.79199,0.011965,10.1016/j.fluid.2017.09.008
55,dhmix_1115402835538407874,298.15,101.0,Liquid,2,CCO,Solvent,0.2125,,Cc1cccc(O)c1,Solvent,0.7875,,-0.68742,0.01275,10.1016/j.fluid.2017.09.008
56,dhmix_1871939727966182523,298.15,101.0,Liquid,2,CCO,Solvent,0.4139,,Cc1cccc(O)c1,Solvent,0.5861,,-1.14624,0.00985,10.1016/j.fluid.2017.09.008
57,dhmix_524477957640851666,308.15,101.0,Liquid,2,CN1CCCC1=O,Solvent,0.2356,,c1ccccc1,Solvent,0.7644,,-0.3684,0.00405,10.1016/j.jct.2010.12.016
58,dhmix_1475629358723962160,308.15,101.0,Liquid,2,CN1CCCC1=O,Solvent,0.5467,,c1ccccc1,Solvent,0.4533,,-0.4943,0.00535,10.1016/j.jct.2010.12.016
59,dhmix_2156508970935294660,308.15,101.0,Liquid,2,CN1CCCC1=O,Solvent,0.7411,,c1ccccc1,Solvent,0.2589,,-0.3841,0.0042,10.1016/j.jct.2010.12.016
60,dhmix_44217680865702366,298.15,100.0,Liquid,2,CC(=O)c1ccccc1,Solvent,0.2001,,CC(C)O,Solvent,0.7999,,1.1352,0.0124,10.1021/je7006633
61,dhmix_1214494501247401592,298.15,100.0,Liquid,2,CC(=O)c1ccccc1,Solvent,0.4996,,CC(C)O,Solvent,0.5004,,1.5703,0.0169,10.1021/je7006633
62,dhmix_1482394504883204224,298.15,100.0,Liquid,2,CC(=O)c1ccccc1,Solvent,0.7006,,CC(C)O,Solvent,0.2994,,1.3758,0.01485,10.1021/je7006633
63,dhmix_47323681380989568,298.15,101.0,Liquid,2,CCCCCCCCCl,Solvent,0.498,,CN(C)C=O,Solvent,0.502,,1.087,0.0045,10.1016/j.jct.2007.01.017
64,dhmix_620291288515939248,298.15,101.0,Liquid,2,CCCCCCCCCl,Solvent,0.79,,CN(C)C=O,Solvent,0.21,,0.68,0.0045,10.1016/j.jct.2007.01.017
65,dhmix_2175249209874409534,298.15,101.0,Liquid,2,CCCCCCCCCl,Solvent,0.2049999999999999,,CN(C)C=O,Solvent,0.795,,0.79,0.0045,10.1016/j.jct.2007.01.017
66,dhmix_1440467239786579925,298.15,101.0,Liquid,2,BrCCCBr,Solvent,0.7354,,COC=O,Solvent,0.2646,,0.7435,0.00655,10.1016/j.jct.2006.05.004
67,dhmix_2252268161220427112,298.15,101.0,Liquid,2,BrCCCBr,Solvent,0.4852999999999999,,COC=O,Solvent,0.5147,,0.9249,0.00795,10.1016/j.jct.2006.05.004
68,dhmix_2289960806584862127,298.15,101.0,Liquid,2,BrCCCBr,Solvent,0.2395,,COC=O,Solvent,0.7605,,0.6669,0.00595,10.1016/j.jct.2006.05.004
69,dhmix_202225007451030020,298.15,101.0,Liquid,2,CC(=O)CC(C)C,Solvent,0.2017,,CCC(C)(C)O,Solvent,0.7983,,0.8181,0.01135,10.1021/je300678r
70,dhmix_998794233701009996,298.15,101.0,Liquid,2,CC(=O)CC(C)C,Solvent,0.5008,,CCC(C)(C)O,Solvent,0.4992,,1.3674,0.0185,10.1021/je300678r
71,dhmix_1565593158104493647,298.15,101.0,Liquid,2,CC(=O)CC(C)C,Solvent,0.7009,,CCC(C)(C)O,Solvent,0.2991,,1.2068,0.0164,10.1021/je300678r
72,dhmix_281987656487279026,298.15,101.0,Liquid,2,OC1=NCCC1,Solvent,0.5256,,c1ccncc1,Solvent,0.4744,,0.2031,0.0508,10.1016/j.jct.2013.09.015
73,dhmix_658699797311871042,298.15,101.0,Liquid,2,OC1=NCCC1,Solvent,0.2615,,c1ccncc1,Solvent,0.7384999999999999,,0.165,0.04125,10.1016/j.jct.2013.09.015
74,dhmix_774470106511868908,298.15,101.0,Liquid,2,OC1=NCCC1,Solvent,0.8311,,c1ccncc1,Solvent,0.1689,,0.0972,0.0243,10.1016/j.jct.2013.09.015
75,dhmix_150384853762728924,298.15,101.0,Liquid,2,NCCCO,Solvent,0.7515,,O,Solvent,0.2485,,-1.531,0.031,10.1016/j.jct.2007.03.010
76,dhmix_1448036989335532298,298.15,101.0,Liquid,2,NCCCO,Solvent,0.2982,,O,Solvent,0.7018,,-2.501,0.051,10.1016/j.jct.2007.03.010
77,dhmix_1551692974855642379,298.15,101.0,Liquid,2,NCCCO,Solvent,0.4989,,O,Solvent,0.5011,,-2.462,0.05,10.1016/j.jct.2007.03.010
78,dhmix_65921650414250861,298.15,100.0,Liquid,2,CCO,Solvent,0.5005,,CCOC(=O)CC(C)=O,Solvent,0.4995,,1.7079,0.0183,10.1016/j.fluid.2008.03.012
79,dhmix_546962203716710778,298.15,100.0,Liquid,2,CCO,Solvent,0.7006,,CCOC(=O)CC(C)=O,Solvent,0.2994,,1.4925,0.01605,10.1016/j.fluid.2008.03.012
80,dhmix_2221487218644783272,298.15,100.0,Liquid,2,CCO,Solvent,0.2992,,CCOC(=O)CC(C)=O,Solvent,0.7008,,1.478,0.0159,10.1016/j.fluid.2008.03.012
81,dhmix_68947190908856741,298.15,101.3,Liquid,2,C1COCCO1,Solvent,0.25,,O=C1CCCC1,Solvent,0.75,,0.04589,0.00057,10.1021/je034037l
82,dhmix_415496698649060745,298.15,101.3,Liquid,2,C1COCCO1,Solvent,0.5,,O=C1CCCC1,Solvent,0.5,,0.07457,0.00068,10.1021/je034037l
83,dhmix_1852349497898107924,298.15,101.3,Liquid,2,C1COCCO1,Solvent,0.75,,O=C1CCCC1,Solvent,0.25,,0.07097,0.000665,10.1021/je034037l
84,dhmix_71170350241685196,303.0,101.0,Liquid,2,COC(C)(C)C,Solvent,0.749,,ClC(Cl)Cl,Solvent,0.251,,-1.9,0.077,10.1021/je100821g
85,dhmix_1691495556773848750,303.0,101.0,Liquid,2,COC(C)(C)C,Solvent,0.484,,ClC(Cl)Cl,Solvent,0.516,,-2.1,0.0845,10.1021/je100821g
86,dhmix_2232264038422377060,303.0,101.0,Liquid,2,COC(C)(C)C,Solvent,0.2199999999999999,,ClC(Cl)Cl,Solvent,0.78,,-1.5,0.0605,10.1021/je100821g
87,dhmix_73322629991074290,298.15,100.0,Liquid,2,CCC(C)=O,Solvent,0.2124,,CCN(CC)CC,Solvent,0.7876,,0.57,0.006,10.1016/j.fluid.2013.07.037
88,dhmix_690665189446107141,298.15,100.0,Liquid,2,CCC(C)=O,Solvent,0.4967,,CCN(CC)CC,Solvent,0.5033,,0.746,0.008,10.1016/j.fluid.2013.07.037
89,dhmix_935249702283890201,298.15,100.0,Liquid,2,CCC(C)=O,Solvent,0.7893,,CCN(CC)CC,Solvent,0.2107,,0.455,0.005,10.1016/j.fluid.2013.07.037
90,dhmix_76833325524040726,298.2,100.0,Liquid,2,C1CCCCC1,Solvent,0.2606,,c1ccccc1,Solvent,0.7394,,0.6282,0.00695,10.1016/j.jct.2014.05.020
91,dhmix_460305358266375837,298.2,100.0,Liquid,2,C1CCCCC1,Solvent,0.7668,,c1ccccc1,Solvent,0.2332,,0.5517,0.00725,10.1016/j.jct.2014.05.020
92,dhmix_1824194485055356086,298.2,100.0,Liquid,2,C1CCCCC1,Solvent,0.5012,,c1ccccc1,Solvent,0.4988,,0.7893,0.00655,10.1016/j.jct.2014.05.020
93,dhmix_750283179383190388,313.15,101.0,Liquid,2,CN(CCO)CCO,Solvent,0.7411,,O,Solvent,0.2589,,-1.154,0.0125,10.1016/j.jct.2015.06.006
94,dhmix_1537351248216247854,313.15,101.0,Liquid,2,CN(CCO)CCO,Solvent,0.2593,,O,Solvent,0.7407,,-2.271,0.046,10.1016/j.jct.2007.03.010
95,dhmix_1761290393567900831,313.15,101.0,Liquid,2,CN(CCO)CCO,Solvent,0.4941,,O,Solvent,0.5059,,-2.072,0.042,10.1016/j.jct.2007.03.010
96,dhmix_81883535492439507,298.15,101.3,Liquid,2,C1COCO1,Solvent,0.2,,O=C1CCCC1,Solvent,0.8,,-0.00853,0.000425,10.1021/je034223r
97,dhmix_309530351940031317,298.15,101.3,Liquid,2,C1COCO1,Solvent,0.7,,O=C1CCCC1,Solvent,0.3,,-0.02292,0.00048,10.1021/je034223r
98,dhmix_1480225642523009634,298.15,101.3,Liquid,2,C1COCO1,Solvent,0.5,,O=C1CCCC1,Solvent,0.5,,-0.02181,0.000475,10.1021/je034223r
99,dhmix_582184351339863568,298.15,101.0,Liquid,2,c1cc[nH]c1,Solvent,0.7602,,c1ccncc1,Solvent,0.2398,,-1.6452,0.01075,10.1016/j.fluid.2013.10.029
100,dhmix_809205277185290719,298.15,101.0,Liquid,2,c1cc[nH]c1,Solvent,0.5095,,c1ccncc1,Solvent,0.4905,,-2.649,0.01645,10.1016/j.fluid.2013.10.029
101,dhmix_2302696180464118683,298.15,101.0,Liquid,2,c1cc[nH]c1,Solvent,0.2395,,c1ccncc1,Solvent,0.7605,,-1.7662,0.01145,10.1016/j.fluid.2013.10.029
102,dhmix_84488753175979819,298.15,101.3,Liquid,2,C1CCOCC1,Solvent,0.5,,CCO,Solvent,0.5,,0.8491,0.00794,10.1021/je049852v
103,dhmix_923986751684807715,298.15,101.3,Liquid,2,C1CCOCC1,Solvent,0.75,,CCO,Solvent,0.25,,0.75364,0.007115,10.1021/je049852v
104,dhmix_927648698725704337,298.15,101.3,Liquid,2,C1CCOCC1,Solvent,0.25,,CCO,Solvent,0.75,,0.57017,0.00553,10.1021/je049852v
105,dhmix_1461699545612032563,298.15,101.0,Liquid,2,CC(C)=O,Solvent,0.2145,,Nc1ccccc1,Solvent,0.7855,,-0.746,0.008,10.1021/je200333p
106,dhmix_1577476208805542019,298.15,101.0,Liquid,2,CC(C)=O,Solvent,0.6991,,Nc1ccccc1,Solvent,0.3008999999999999,,-1.076,0.0115,10.1021/je200333p
107,dhmix_2267661763264899390,298.15,101.0,Liquid,2,CC(C)=O,Solvent,0.4107,,Nc1ccccc1,Solvent,0.5892999999999999,,-1.165,0.0125,10.1021/je200333p
108,dhmix_90851537891129625,308.15,101.0,Liquid,2,C1CCOCC1,Solvent,0.2683,,Cc1ccccn1,Solvent,0.7317,,0.1057,0.00105,10.1016/j.tca.2011.02.002
109,dhmix_975790739707505549,308.15,101.0,Liquid,2,C1CCOCC1,Solvent,0.4822,,Cc1ccccn1,Solvent,0.5178,,0.1728,0.00135,10.1016/j.tca.2011.02.002
110,dhmix_1841520238596708010,308.15,101.0,Liquid,2,C1CCOCC1,Solvent,0.8216,,Cc1ccccn1,Solvent,0.1784,,0.1352,0.0012,10.1016/j.tca.2011.02.002
111,dhmix_93676522673462266,298.15,101.0,Liquid,2,CC(=O)N(C)C,Solvent,0.702,,ClCCCl,Solvent,0.298,,-0.706,0.004,10.1016/j.jct.2007.06.017
112,dhmix_504891727488256514,298.15,101.0,Liquid,2,CC(=O)N(C)C,Solvent,0.202,,ClCCCl,Solvent,0.798,,-0.586,0.004,10.1016/j.jct.2007.06.017
113,dhmix_2201663021806040380,298.15,101.0,Liquid,2,CC(=O)N(C)C,Solvent,0.5,,ClCCCl,Solvent,0.5,,-0.885,0.004,10.1016/j.jct.2007.06.017
114,dhmix_101847702994296892,298.15,101.0,Liquid,2,CCCCCCCl,Solvent,0.79,,CN1CCCC1=O,Solvent,0.21,,0.232,0.0025,10.1016/j.jct.2008.01.024
115,dhmix_275814181113182192,298.15,101.0,Liquid,2,CCCCCCCl,Solvent,0.497,,CN1CCCC1=O,Solvent,0.503,,0.416,0.0025,10.1016/j.jct.2008.01.024
116,dhmix_840847840731542643,298.15,101.0,Liquid,2,CCCCCCCl,Solvent,0.2029999999999999,,CN1CCCC1=O,Solvent,0.797,,0.319,0.0025,10.1016/j.jct.2008.01.024
117,dhmix_107460606439569535,308.15,100.0,Liquid,2,C1COCCO1,Solvent,0.5725,,O=C1CCCCCC1,Solvent,0.4275,,0.1032,0.00125,10.1021/acs.jced.6b00606
118,dhmix_1101001475632451077,308.15,100.0,Liquid,2,C1COCCO1,Solvent,0.2252,,O=C1CCCCCC1,Solvent,0.7747999999999999,,0.0783,0.001,10.1021/acs.jced.6b00606
119,dhmix_2239035738396328121,308.15,100.0,Liquid,2,C1COCCO1,Solvent,0.7716,,O=C1CCCCCC1,Solvent,0.2284,,0.0694,0.0009,10.1021/acs.jced.6b00606
120,dhmix_110368175234083214,298.4,101.0,Liquid,2,CC#N,Solvent,0.2016,,CCOC(C)(C)CC,Solvent,0.7984,,0.6411,0.0087,10.1021/je301238f
121,dhmix_565046024644834395,298.4,101.0,Liquid,2,CC#N,Solvent,0.7004,,CCOC(C)(C)CC,Solvent,0.2996,,0.8397,0.0113,10.1021/je301238f
122,dhmix_1131176031733024874,298.41,101.0,Liquid,2,CC#N,Solvent,0.5024,,CCOC(C)(C)CC,Solvent,0.4976,,0.9514,0.01285,10.1021/je301238f
123,dhmix_112729391186229967,298.15,101.0,Liquid,2,CCC(C)=O,Solvent,0.509,,CNc1ccccc1,Solvent,0.491,,-0.816,0.009,10.1021/je200333p
124,dhmix_1637459312398636454,298.15,101.0,Liquid,2,CCC(C)=O,Solvent,0.2283,,CNc1ccccc1,Solvent,0.7717,,-0.54,0.006,10.1021/je200333p
125,dhmix_1933605864237207151,298.15,101.0,Liquid,2,CCC(C)=O,Solvent,0.7055,,CNc1ccccc1,Solvent,0.2945,,-0.672,0.0075,10.1021/je200333p
126,dhmix_112832411362526364,298.15,101.0,Liquid,2,C=CCCCC,Solvent,0.25,,CCCCO,Solvent,0.75,,0.2829,0.00333,10.1016/j.fluid.2011.11.005
127,dhmix_385937725855980509,298.15,101.0,Liquid,2,C=CCCCC,Solvent,0.7499,,CCCCO,Solvent,0.2501,,0.63978,0.00696,10.1016/j.fluid.2011.11.005
128,dhmix_1436053809694490847,298.15,101.0,Liquid,2,C=CCCCC,Solvent,0.5003,,CCCCO,Solvent,0.4997,,0.56098,0.00616,10.1016/j.fluid.2011.11.005
129,dhmix_113202719214912577,303.15,100.0,Liquid,2,CCN(CC)CCO,Solvent,0.7003,,O,Solvent,0.2996999999999999,,-1.75,0.019,10.1016/j.jct.2015.04.030
130,dhmix_450200897960931857,303.15,100.0,Liquid,2,CCN(CC)CCO,Solvent,0.5002,,O,Solvent,0.4998,,-2.504,0.027,10.1016/j.jct.2015.04.030
131,dhmix_1628408668678458098,303.15,100.0,Liquid,2,CCN(CC)CCO,Solvent,0.2008,,O,Solvent,0.7992,,-2.185,0.0235,10.1016/j.jct.2015.04.030
132,dhmix_728030976573858762,298.15,101.0,Liquid,2,C1CCCCC1,Solvent,0.4832,,CCCCCC,Solvent,0.5167999999999999,,0.2144,0.00155,10.1016/j.jct.2008.12.004
133,dhmix_1406519609852245638,298.15,101.0,Liquid,2,C1CCCCC1,Solvent,0.219,,CCCCCC,Solvent,0.781,,0.1264,0.00105,10.1016/j.jct.2008.12.004
134,dhmix_1819992223413741006,298.15,101.0,Liquid,2,C1CCCCC1,Solvent,0.7255,,CCCCCC,Solvent,0.2744999999999999,,0.199,0.00145,10.1016/j.jct.2008.12.004
135,dhmix_114464856611254095,308.15,101.0,Liquid,2,COc1ccccc1,Solvent,0.7398,,OCc1ccccc1,Solvent,0.2602,,1.0539,0.0113,10.1021/je050085p
136,dhmix_1342325728364187329,308.15,101.0,Liquid,2,COc1ccccc1,Solvent,0.2401,,OCc1ccccc1,Solvent,0.7599,,0.6199,0.0067,10.1021/je050085p
137,dhmix_1596550872819493971,308.15,101.0,Liquid,2,COc1ccccc1,Solvent,0.4866,,OCc1ccccc1,Solvent,0.5134000000000001,,0.9688,0.0104,10.1021/je050085p
138,dhmix_129373600931207498,303.15,100.0,Liquid,2,NCCNCCN,Solvent,0.702,,O,Solvent,0.298,,-3.393,0.036,10.1016/j.jct.2015.04.030
139,dhmix_313570094367316478,303.15,100.0,Liquid,2,NCCNCCN,Solvent,0.2416,,O,Solvent,0.7584,,-6.523,0.0695,10.1016/j.jct.2015.04.030
140,dhmix_1565087976771168604,303.15,100.0,Liquid,2,NCCNCCN,Solvent,0.501,,O,Solvent,0.499,,-5.417,0.0575,10.1016/j.jct.2015.04.030
141,dhmix_135176730945124637,298.15,101.0,Liquid,2,CCCCNCCCC,Solvent,0.7518,,CN(C)C=O,Solvent,0.2482,,0.782,0.025,10.1016/j.fluid.2019.112283
142,dhmix_1537913365058000269,298.15,101.0,Liquid,2,CCCCNCCCC,Solvent,0.2493999999999999,,CN(C)C=O,Solvent,0.7506,,0.921,0.029,10.1016/j.fluid.2019.112283
143,dhmix_1965420976556284821,298.15,101.0,Liquid,2,CCCCNCCCC,Solvent,0.5018,,CN(C)C=O,Solvent,0.4982,,1.113,0.0335,10.1016/j.fluid.2019.112283
144,dhmix_693792312882226719,298.15,101.0,Liquid,2,CN(C)C=O,Solvent,0.498,,ClCCCl,Solvent,0.502,,-0.663,0.0035,10.1016/j.jct.2007.06.017
145,dhmix_1364024895663592301,298.15,101.0,Liquid,2,CN(C)C=O,Solvent,0.299,,ClCCCl,Solvent,0.7010000000000001,,-0.575,0.0035,10.1016/j.jct.2007.06.017
146,dhmix_1965344541223753593,298.15,101.0,Liquid,2,CN(C)C=O,Solvent,0.702,,ClCCCl,Solvent,0.298,,-0.531,0.003,10.1016/j.jct.2007.06.017
147,dhmix_958757583081250655,298.15,101.0,Liquid,2,CN1CCCC1=O,Solvent,0.703,,ClCCCCCl,Solvent,0.297,,-0.583,0.0035,10.1016/j.jct.2008.01.024
148,dhmix_1448185356234442909,298.15,101.0,Liquid,2,CN1CCCC1=O,Solvent,0.21,,ClCCCCCl,Solvent,0.79,,-0.406,0.003,10.1016/j.jct.2008.01.024
149,dhmix_1623586299486793214,298.15,101.0,Liquid,2,CN1CCCC1=O,Solvent,0.505,,ClCCCCCl,Solvent,0.495,,-0.678,0.0035,10.1016/j.jct.2008.01.024
150,dhmix_638869206909151198,308.15,101.32,Liquid,2,OCCOCCO,Solvent,0.7658,,OCc1ccccc1,Solvent,0.2341999999999999,,-0.3712,0.0073,10.1021/je0342062
151,dhmix_884415658126351430,308.15,101.32,Liquid,2,OCCOCCO,Solvent,0.2665,,OCc1ccccc1,Solvent,0.7335,,-0.4216,0.0081,10.1021/je0342062
152,dhmix_925385148369690502,308.15,101.32,Liquid,2,OCCOCCO,Solvent,0.5216,,OCc1ccccc1,Solvent,0.4784,,-0.4574,0.00865,10.1021/je0342062
153,dhmix_549211977118470640,298.15,101.3,Liquid,2,CC(C)CO,Solvent,0.2938,,CCCCBr,Solvent,0.7061999999999999,,1.248,0.0135,10.1021/je020110g
154,dhmix_1400807466047438160,298.15,101.3,Liquid,2,CC(C)CO,Solvent,0.499,,CCCCBr,Solvent,0.501,,1.207,0.013,10.1021/je020110g
155,dhmix_1959880980464917582,298.15,101.3,Liquid,2,CC(C)CO,Solvent,0.7021,,CCCCBr,Solvent,0.2979,,0.891,0.0095,10.1021/je020110g
156,dhmix_155924436295918663,298.15,101.0,Liquid,2,O,Solvent,0.4987,,OCCCO,Solvent,0.5013,,-0.992,0.0125,10.1016/j.jct.2005.06.018
157,dhmix_2191722776959064631,298.15,101.0,Liquid,2,O,Solvent,0.257,,OCCCO,Solvent,0.743,,-0.633,0.008,10.1016/j.jct.2005.06.018
158,dhmix_2210594516320705991,298.15,101.0,Liquid,2,O,Solvent,0.7913,,OCCCO,Solvent,0.2087,,-0.924,0.012,10.1016/j.jct.2005.06.018
159,dhmix_156929898609376763,303.15,100.0,Liquid,2,CN(C)CCCO,Solvent,0.8001,,O,Solvent,0.1998999999999999,,-1.26,0.0135,10.1016/j.jct.2015.04.030
160,dhmix_786210276753247951,303.15,100.0,Liquid,2,CN(C)CCCO,Solvent,0.1998,,O,Solvent,0.8002,,-2.514,0.027,10.1016/j.jct.2015.04.030
161,dhmix_1330584538745399524,303.15,100.0,Liquid,2,CN(C)CCCO,Solvent,0.5019,,O,Solvent,0.4981,,-2.706,0.029,10.1016/j.jct.2015.04.030
162,dhmix_157983773008192768,298.15,101.0,Liquid,2,BrCCCBr,Solvent,0.7432000000000001,,CCCCOC(=O)CCC,Solvent,0.2568,,0.032,0.0005,10.1016/j.jct.2009.05.006
163,dhmix_1090642624443832057,298.15,101.0,Liquid,2,BrCCCBr,Solvent,0.2411999999999999,,CCCCOC(=O)CCC,Solvent,0.7588,,-0.094,0.001,10.1016/j.jct.2009.05.006
164,dhmix_1649688325270115073,298.15,101.0,Liquid,2,BrCCCBr,Solvent,0.4667,,CCCCOC(=O)CCC,Solvent,0.5333,,-0.091,0.001,10.1016/j.jct.2009.05.006
165,dhmix_158101159957898775,298.15,101.0,Liquid,2,CCCCCl,Solvent,0.49,,CN1CCCC1=O,Solvent,0.51,,0.152,0.002,10.1016/j.jct.2008.01.024
166,dhmix_586880142396707079,298.15,101.0,Liquid,2,CCCCCl,Solvent,0.294,,CN1CCCC1=O,Solvent,0.706,,0.145,0.002,10.1016/j.jct.2008.01.024
167,dhmix_1769887717174104485,298.15,101.0,Liquid,2,CCCCCl,Solvent,0.787,,CN1CCCC1=O,Solvent,0.213,,0.081,0.002,10.1016/j.jct.2008.01.024
168,dhmix_1485547099225054006,298.15,101.3,Liquid,2,Clc1ccccc1,Solvent,0.7777,,c1ccccc1,Solvent,0.2223,,-0.0036,0.0004,10.1021/je7002447
169,dhmix_1808283008183194060,298.15,101.3,Liquid,2,Clc1ccccc1,Solvent,0.2258,,c1ccccc1,Solvent,0.7742,,-0.0046,0.0004,10.1021/je7002447
170,dhmix_2008892820486470381,298.15,101.3,Liquid,2,Clc1ccccc1,Solvent,0.4666,,c1ccccc1,Solvent,0.5334,,-0.0057,0.0004,10.1021/je7002447
171,dhmix_166527628917371560,298.15,101.0,Liquid,2,CCCCCC(C)=O,Solvent,0.5006999999999999,,CCCNCCC,Solvent,0.4993,,0.162,0.002,10.1016/j.fluid.2013.01.011
172,dhmix_181797488552739205,298.15,101.0,Liquid,2,CCCCCC(C)=O,Solvent,0.2131999999999999,,CCCNCCC,Solvent,0.7868,,0.137,0.0015,10.1016/j.fluid.2013.01.011
173,dhmix_1180133264815330249,298.15,101.0,Liquid,2,CCCCCC(C)=O,Solvent,0.788,,CCCNCCC,Solvent,0.212,,0.088,0.001,10.1016/j.fluid.2013.01.011
174,dhmix_897092526028522426,298.15,101.0,Liquid,2,BrCCBr,Solvent,0.7537,,CCOC(=O)CC,Solvent,0.2463,,0.0052,0.0008,10.1016/j.jct.2005.07.009
175,dhmix_1078383344298013541,298.15,101.0,Liquid,2,BrCCBr,Solvent,0.0840999999999999,,CCOC(=O)CC,Solvent,0.9159,,-0.0683,0.0014,10.1016/j.jct.2005.07.009
176,dhmix_1103515663691342839,298.15,101.0,Liquid,2,BrCCBr,Solvent,0.514,,CCOC(=O)CC,Solvent,0.486,,-0.1259,0.00205,10.1016/j.jct.2005.07.009
177,dhmix_1209838039340638454,313.15,101.0,Liquid,2,CCCCOCCO,Solvent,0.7297,,c1ccccc1,Solvent,0.2703,,0.3037,0.00335,10.1021/je060026r
178,dhmix_1416395432810708431,313.15,101.0,Liquid,2,CCCCOCCO,Solvent,0.2665,,c1ccccc1,Solvent,0.7335,,0.6895,0.00745,10.1021/je060026r
179,dhmix_1775479338186698605,313.15,101.0,Liquid,2,CCCCOCCO,Solvent,0.503,,c1ccccc1,Solvent,0.497,,0.5563,0.00605,10.1021/je060026r
180,dhmix_796570713446660029,298.2,101.3,Liquid,2,CCOC(=O)CC(=O)OCC,Solvent,0.7453,,CO,Solvent,0.2547,,1.184,0.013,10.1021/je9003806
181,dhmix_1053189657313504079,298.2,101.3,Liquid,2,CCOC(=O)CC(=O)OCC,Solvent,0.4993,,CO,Solvent,0.5006999999999999,,1.426,0.0155,10.1021/je9003806
182,dhmix_1394433819711651760,298.2,101.3,Liquid,2,CCOC(=O)CC(=O)OCC,Solvent,0.2515,,CO,Solvent,0.7484999999999999,,1.083,0.0115,10.1021/je9003806
183,dhmix_176700813960387714,298.15,101.0,Liquid,2,CC(=O)N(C)C,Solvent,0.211,,ClCCCCCl,Solvent,0.789,,-0.188,0.0025,10.1016/j.jct.2007.06.017
184,dhmix_422276068008732896,298.15,101.0,Liquid,2,CC(=O)N(C)C,Solvent,0.506,,ClCCCCCl,Solvent,0.494,,-0.314,0.0025,10.1016/j.jct.2007.06.017
185,dhmix_591740475541975327,298.15,101.0,Liquid,2,CC(=O)N(C)C,Solvent,0.705,,ClCCCCCl,Solvent,0.295,,-0.281,0.0025,10.1016/j.jct.2007.06.017
186,dhmix_1624213860575299641,303.15,101.0,Liquid,2,C1CCCCC1,Solvent,0.4928,,C1COCCO1,Solvent,0.5072,,1.588,0.008,10.1016/j.fluid.2006.03.020
187,dhmix_1900199136965747019,303.15,101.0,Liquid,2,C1CCCCC1,Solvent,0.2393999999999999,,C1COCCO1,Solvent,0.7606,,1.124,0.007,10.1016/j.fluid.2006.03.020
188,dhmix_2022274493214392184,303.15,101.0,Liquid,2,C1CCCCC1,Solvent,0.7442,,C1COCCO1,Solvent,0.2558,,1.262,0.007,10.1016/j.fluid.2006.03.020
189,dhmix_182795551078530810,308.15,101.0,Liquid,2,C1COCCO1,Solvent,0.4911999999999999,,Cc1ccccc1Cl,Solvent,0.5088,,0.356,0.002,10.1021/je400722h
190,dhmix_1949119093643648586,308.15,101.0,Liquid,2,C1COCCO1,Solvent,0.2461999999999999,,Cc1ccccc1Cl,Solvent,0.7538,,0.206,0.001,10.1021/je400722h
191,dhmix_2190589845176325501,308.15,101.0,Liquid,2,C1COCCO1,Solvent,0.8357,,Cc1ccccc1Cl,Solvent,0.1643,,0.244,0.0015,10.1021/je400722h
192,dhmix_438833720470542962,298.15,101.0,Liquid,2,CCCOC=O,Solvent,0.7385,,ClCCCl,Solvent,0.2614999999999999,,-0.205,0.0025,10.1016/j.jct.2008.10.007
193,dhmix_1971772628311560569,298.15,101.0,Liquid,2,CCCOC=O,Solvent,0.5035,,ClCCCl,Solvent,0.4965,,-0.254,0.003,10.1016/j.jct.2008.10.007
194,dhmix_2087301877194561078,298.15,101.0,Liquid,2,CCCOC=O,Solvent,0.2733,,ClCCCl,Solvent,0.7267,,-0.154,0.002,10.1016/j.jct.2008.10.007
195,dhmix_935690434592096067,298.15,101.3,Liquid,2,CCC(C)(C)O,Solvent,0.4607,,CCO,Solvent,0.5393,,-0.95,0.00405,10.1021/je101031j
196,dhmix_1167190373485301023,298.15,101.3,Liquid,2,CCC(C)(C)O,Solvent,0.7306,,CCO,Solvent,0.2694,,-0.7709,0.00335,10.1021/je101031j
197,dhmix_1275914601266938667,298.15,101.3,Liquid,2,CCC(C)(C)O,Solvent,0.2807,,CCO,Solvent,0.7193,,-0.7056,0.0031,10.1021/je101031j
198,dhmix_204758826312645465,298.15,101.0,Liquid,2,O,Solvent,0.5014000000000001,,OCCCCO,Solvent,0.4986,,-0.882,0.011,10.1016/j.jct.2005.06.018
199,dhmix_1424462945700338266,298.15,101.0,Liquid,2,O,Solvent,0.2053,,OCCCCO,Solvent,0.7947,,-0.513,0.007,10.1016/j.jct.2005.06.018
200,dhmix_2166372532060643622,298.15,101.0,Liquid,2,O,Solvent,0.7342,,OCCCCO,Solvent,0.2658,,-0.896,0.0115,10.1016/j.jct.2005.06.018
201,dhmix_199788824133179829,298.15,101.0,Liquid,2,CNc1ccccc1,Solvent,0.4973,,Cc1ccccc1,Solvent,0.5026999999999999,,0.497,0.0055,10.1016/j.jct.2012.07.006
202,dhmix_1213795502778853356,298.15,101.0,Liquid,2,CNc1ccccc1,Solvent,0.2952,,Cc1ccccc1,Solvent,0.7048,,0.459,0.005,10.1016/j.jct.2012.07.006
203,dhmix_1321810550349826496,298.15,101.0,Liquid,2,CNc1ccccc1,Solvent,0.7892,,Cc1ccccc1,Solvent,0.2108,,0.287,0.003,10.1016/j.jct.2012.07.006
204,dhmix_217315956534335620,298.15,101.0,Liquid,2,CC#N,Solvent,0.7715,,c1ccccc1,Solvent,0.2285,,0.3988,0.00815,10.1021/je100489z
205,dhmix_730497723685339496,298.15,101.0,Liquid,2,CC#N,Solvent,0.2196,,c1ccccc1,Solvent,0.7804,,0.2399,0.00495,10.1021/je100489z
206,dhmix_1038591828122641798,298.15,101.0,Liquid,2,CC#N,Solvent,0.5295,,c1ccccc1,Solvent,0.4705,,0.4415,0.00905,10.1021/je100489z
207,dhmix_371477530823830451,303.15,101.0,Liquid,2,CC(C)CC(C)(C)C,Solvent,0.7617,,CCO,Solvent,0.2383,,0.634022,0.006851,10.1021/je7005743
208,dhmix_1127868571780691876,303.15,101.0,Liquid,2,CC(C)CC(C)(C)C,Solvent,0.5158,,CCO,Solvent,0.4842,,0.638973,0.006903,10.1021/je7005743
209,dhmix_1870637719976274804,303.15,101.0,Liquid,2,CC(C)CC(C)(C)C,Solvent,0.0815,,CCO,Solvent,0.9185,,0.197762,0.0022405,10.1021/je7005743
210,dhmix_801664072836508009,298.43,101.0,Liquid,2,CCC#N,Solvent,0.3017999999999999,,CCOC(C)(C)C,Solvent,0.6982,,0.4557,0.0062,10.1021/je301238f
211,dhmix_1220778152018571786,298.43,101.0,Liquid,2,CCC#N,Solvent,0.5014000000000001,,CCOC(C)(C)C,Solvent,0.4986,,0.5053,0.00685,10.1021/je301238f
212,dhmix_1838699488178562925,298.43,101.0,Liquid,2,CCC#N,Solvent,0.7014,,CCOC(C)(C)C,Solvent,0.2986,,0.4078,0.0056,10.1021/je301238f
213,dhmix_901910638840590393,298.15,101.0,Liquid,2,CCCC#N,Solvent,0.5037,,c1ccccc1,Solvent,0.4962999999999999,,-0.0659,0.00145,10.1021/je100489z
214,dhmix_1123099162248680479,298.15,101.0,Liquid,2,CCCC#N,Solvent,0.7528,,c1ccccc1,Solvent,0.2471999999999999,,-0.0312,0.0008,10.1021/je100489z
215,dhmix_1318990508180847616,298.15,101.0,Liquid,2,CCCC#N,Solvent,0.2528,,c1ccccc1,Solvent,0.7472,,-0.0571,0.00125,10.1021/je100489z
216,dhmix_207411229673186667,298.15,101.0,Liquid,2,CC(C)(C)Cl,Solvent,0.7747,,CC(C)OC(C)C,Solvent,0.2252999999999999,,0.0035,0.0004,10.1016/j.fluid.2011.06.001
217,dhmix_263164663491745943,298.15,101.0,Liquid,2,CC(C)(C)Cl,Solvent,0.5512,,CC(C)OC(C)C,Solvent,0.4488,,0.0071,0.0004,10.1016/j.fluid.2011.06.001
218,dhmix_2101531043492089277,298.15,101.0,Liquid,2,CC(C)(C)Cl,Solvent,0.2192,,CC(C)OC(C)C,Solvent,0.7807999999999999,,0.007,0.0004,10.1016/j.fluid.2011.06.001
219,dhmix_503329310014436107,298.15,101.3,Liquid,2,C1COCO1,Solvent,0.75,,CCCCCC(C)=O,Solvent,0.25,,0.37402,0.001955,10.1021/je034223r
220,dhmix_1519451899562488304,298.15,101.3,Liquid,2,C1COCO1,Solvent,0.25,,CCCCCC(C)=O,Solvent,0.75,,0.2754,0.00155,10.1021/je034223r
221,dhmix_1874814461447958752,298.15,101.3,Liquid,2,C1COCO1,Solvent,0.5,,CCCCCC(C)=O,Solvent,0.5,,0.43148,0.00217,10.1021/je034223r
222,dhmix_219236717194413479,308.15,101.0,Liquid,2,CCOc1ccccc1,Solvent,0.7625,,OCCCc1ccccc1,Solvent,0.2375,,1.1164,0.01195,10.1021/je050085p
223,dhmix_1297428070131435744,308.15,101.0,Liquid,2,CCOc1ccccc1,Solvent,0.5169,,OCCCc1ccccc1,Solvent,0.4831,,0.989,0.0106,10.1021/je050085p
224,dhmix_2058966624473104004,308.15,101.0,Liquid,2,CCOc1ccccc1,Solvent,0.2629,,OCCCc1ccccc1,Solvent,0.7371,,0.7,0.00755,10.1021/je050085p
225,dhmix_224977805525763267,298.15,101.0,Liquid,2,O,Solvent,0.4807,,OCCO,Solvent,0.5193,,-0.64,0.0035,10.1016/j.tca.2009.06.004
226,dhmix_454389511592218960,298.15,101.0,Liquid,2,O,Solvent,0.2091,,OCCO,Solvent,0.7908999999999999,,-0.347,0.0025,10.1016/j.tca.2009.06.004
227,dhmix_997365299263661959,298.15,101.0,Liquid,2,O,Solvent,0.7949,,OCCO,Solvent,0.2050999999999999,,-0.681,0.004,10.1016/j.tca.2009.06.004
228,dhmix_230261418136264651,298.15,101.0,Liquid,2,CCCCOC(C)=O,Solvent,0.7007,,CCOC(C)=O,Solvent,0.2993,,0.0594,0.001,10.1021/je400036b
229,dhmix_287092636460772443,298.15,101.0,Liquid,2,CCCCOC(C)=O,Solvent,0.5018,,CCOC(C)=O,Solvent,0.4982,,0.076,0.0012,10.1021/je400036b
230,dhmix_1951544232160779982,298.15,101.0,Liquid,2,CCCCOC(C)=O,Solvent,0.2012,,CCOC(C)=O,Solvent,0.7988,,0.0524,0.0009,10.1021/je400036b
231,dhmix_569544738684419327,298.15,101.0,Liquid,2,CN(C)CCO,Solvent,0.5365,,O,Solvent,0.4635,,-2.575,0.0525,10.1016/j.jct.2007.03.010
232,dhmix_1669606825693628140,298.15,101.0,Liquid,2,CN(C)CCO,Solvent,0.2052,,O,Solvent,0.7948,,-2.587,0.0525,10.1016/j.jct.2007.03.010
233,dhmix_1723343163215510297,298.15,101.0,Liquid,2,CN(C)CCO,Solvent,0.7996,,O,Solvent,0.2004,,-1.247,0.0255,10.1016/j.jct.2007.03.010
234,dhmix_465541682585001245,298.15,101.0,Liquid,2,CC(C)CC(C)(C)C,Solvent,0.2004,,CCCCOCCCC,Solvent,0.7996,,0.07397,0.00099,10.1016/j.fluid.2009.11.010
235,dhmix_1505777056782392294,298.15,101.0,Liquid,2,CC(C)CC(C)(C)C,Solvent,0.4004,,CCCCOCCCC,Solvent,0.5996,,0.11538,0.001385,10.1016/j.fluid.2009.11.010
236,dhmix_1595104467389948583,298.15,101.0,Liquid,2,CC(C)CC(C)(C)C,Solvent,0.7005,,CCCCOCCCC,Solvent,0.2995,,0.10948,0.00133,10.1016/j.fluid.2009.11.010
237,dhmix_1595997756227951615,298.15,101.0,Liquid,2,CC#N,Solvent,0.2355,,CCCCCO,Solvent,0.7645,,1.451,0.006,10.1016/j.tca.2006.08.007
238,dhmix_1745037615762894827,298.15,101.0,Liquid,2,CC#N,Solvent,0.5166999999999999,,CCCCCO,Solvent,0.4833,,2.017,0.008,10.1016/j.tca.2006.08.007
239,dhmix_2294048253872291609,298.15,101.0,Liquid,2,CC#N,Solvent,0.7711,,CCCCCO,Solvent,0.2289,,1.656,0.007,10.1016/j.tca.2006.08.007
240,dhmix_951401191616771155,298.15,101.3,Liquid,2,C1COCCO1,Solvent,0.75,,CCCC(C)=O,Solvent,0.25,,0.23761,0.00135,10.1021/je034037l
241,dhmix_2166059870593139530,298.15,101.3,Liquid,2,C1COCCO1,Solvent,0.5,,CCCC(C)=O,Solvent,0.5,,0.26523,0.001455,10.1021/je034037l
242,dhmix_2196150660196365471,298.15,101.3,Liquid,2,C1COCCO1,Solvent,0.25,,CCCC(C)=O,Solvent,0.75,,0.1704,0.001085,10.1021/je034037l
243,dhmix_243334109655928306,308.15,101.0,Liquid,2,C1CCOCC1,Solvent,0.7832,,c1ccccc1,Solvent,0.2168,,-0.1399,0.00165,10.1016/j.jct.2010.07.016
244,dhmix_604341867718608333,308.15,101.0,Liquid,2,C1CCOCC1,Solvent,0.2425,,c1ccccc1,Solvent,0.7575000000000001,,-0.1608,0.00185,10.1016/j.jct.2010.07.016
245,dhmix_1407142629314355761,308.15,101.0,Liquid,2,C1CCOCC1,Solvent,0.4982,,c1ccccc1,Solvent,0.5018,,-0.2365,0.00265,10.1016/j.jct.2010.07.016
246,dhmix_266800455813556356,298.15,101.0,Liquid,2,CO,Solvent,0.7272000000000001,,OCc1ccccc1,Solvent,0.2728,,-0.0792,0.001,10.1021/je100095p
247,dhmix_949671607207910651,298.15,101.0,Liquid,2,CO,Solvent,0.5005,,OCc1ccccc1,Solvent,0.4995,,-0.1408,0.00165,10.1021/je100095p
248,dhmix_1388744759732522219,298.15,101.0,Liquid,2,CO,Solvent,0.2002,,OCc1ccccc1,Solvent,0.7998,,-0.1081,0.0013,10.1021/je100095p
249,dhmix_390107187187002597,308.15,101.0,Liquid,2,C1CCOCC1,Solvent,0.5319,,Cc1ccccc1,Solvent,0.4680999999999999,,-0.2225,0.0025,10.1016/j.jct.2010.07.016
250,dhmix_1070320975529400325,308.15,101.0,Liquid,2,C1CCOCC1,Solvent,0.2806,,Cc1ccccc1,Solvent,0.7194,,-0.1687,0.00195,10.1016/j.jct.2010.07.016
251,dhmix_1508130989501940613,308.15,101.0,Liquid,2,C1CCOCC1,Solvent,0.7413,,Cc1ccccc1,Solvent,0.2587,,-0.1629,0.0019,10.1016/j.jct.2010.07.016
252,dhmix_271732469428717581,308.15,101.0,Liquid,2,COc1ccccc1,Solvent,0.2374,,OCCCc1ccccc1,Solvent,0.7626,,0.6076,0.0066,10.1021/je050085p
253,dhmix_1174392275991455181,308.15,101.0,Liquid,2,COc1ccccc1,Solvent,0.5547,,OCCCc1ccccc1,Solvent,0.4453,,1.0293,0.01105,10.1021/je050085p
254,dhmix_1179341622676685107,308.15,101.0,Liquid,2,COc1ccccc1,Solvent,0.7136,,OCCCc1ccccc1,Solvent,0.2864,,1.1088,0.0119,10.1021/je050085p
255,dhmix_754807126845437364,308.15,101.3,Liquid,2,CCCCOC(C)=O,Solvent,0.4958,,c1ccccc1,Solvent,0.5042,,-0.0245,0.001,10.1016/j.fluid.2005.06.011
256,dhmix_1349932525480083284,308.15,101.3,Liquid,2,CCCCOC(C)=O,Solvent,0.2523,,c1ccccc1,Solvent,0.7477,,-0.014,0.0009,10.1016/j.fluid.2005.06.011
257,dhmix_1597992980658352112,308.15,101.3,Liquid,2,CCCCOC(C)=O,Solvent,0.7714,,c1ccccc1,Solvent,0.2286,,-0.0245,0.001,10.1016/j.fluid.2005.06.011
258,dhmix_818597523255588519,308.15,101.0,Liquid,2,C1CCOCC1,Solvent,0.7533,,Cc1ccccc1Cl,Solvent,0.2467,,-0.154,0.001,10.1021/je400722h
259,dhmix_849121557716978550,308.15,101.0,Liquid,2,C1CCOCC1,Solvent,0.5175000000000001,,Cc1ccccc1Cl,Solvent,0.4825,,-0.22,0.0015,10.1021/je400722h
260,dhmix_997266220336132741,308.15,101.0,Liquid,2,C1CCOCC1,Solvent,0.2632,,Cc1ccccc1Cl,Solvent,0.7368,,-0.175,0.001,10.1021/je400722h
261,dhmix_278334692660393021,298.15,101.0,Liquid,2,CCCCCCC,Solvent,0.2058999999999999,,CNc1ccccc1,Solvent,0.7941,,1.126,0.012,10.1016/j.jct.2012.07.006
262,dhmix_898293423987680187,298.15,101.0,Liquid,2,CCCCCCC,Solvent,0.5017,,CNc1ccccc1,Solvent,0.4983,,1.676,0.018,10.1016/j.jct.2012.07.006
263,dhmix_1680546488782143957,298.15,101.0,Liquid,2,CCCCCCC,Solvent,0.7032,,CNc1ccccc1,Solvent,0.2968,,1.539,0.0165,10.1016/j.jct.2012.07.006
264,dhmix_493117160214491795,298.15,101.0,Liquid,2,CCCCN,Solvent,0.2440999999999999,,CN(C)C=O,Solvent,0.7559,,0.245,0.008,10.1016/j.fluid.2019.112283
265,dhmix_789225002934078019,298.15,101.0,Liquid,2,CCCCN,Solvent,0.7502,,CN(C)C=O,Solvent,0.2498,,0.32,0.01,10.1016/j.fluid.2019.112283
266,dhmix_941321571782058819,298.15,101.0,Liquid,2,CCCCN,Solvent,0.4992,,CN(C)C=O,Solvent,0.5008,,0.384,0.0115,10.1016/j.fluid.2019.112283
267,dhmix_453866769634566853,298.15,101.3,Liquid,2,CN1CCCC1=O,Solvent,0.2531,,ClCCCl,Solvent,0.7469,,-0.8118,0.01525,10.1021/je020065c
268,dhmix_536206650470008584,298.15,101.0,Liquid,2,CN1CCCC1=O,Solvent,0.5,,ClCCCl,Solvent,0.5,,-1.264,0.0055,10.1016/j.jct.2008.01.024
269,dhmix_1620571823529677157,298.15,101.3,Liquid,2,CN1CCCC1=O,Solvent,0.7367,,ClCCCl,Solvent,0.2633,,-0.8587,0.01605,10.1021/je020065c
270,dhmix_444785917463403590,298.15,101.0,Liquid,2,CC(=O)N(C)C,Solvent,0.703,,CCCCCCCCCl,Solvent,0.297,,0.751,0.004,10.1016/j.jct.2007.01.017
271,dhmix_705168937124106402,298.15,101.0,Liquid,2,CC(=O)N(C)C,Solvent,0.215,,CCCCCCCCCl,Solvent,0.785,,0.519,0.0035,10.1016/j.jct.2007.01.017
272,dhmix_1732161251827083272,298.15,101.0,Liquid,2,CC(=O)N(C)C,Solvent,0.508,,CCCCCCCCCl,Solvent,0.492,,0.829,0.004,10.1016/j.jct.2007.01.017
273,dhmix_545996968666061076,298.15,101.0,Liquid,2,BrCCBr,Solvent,0.7209,,COC(C)=O,Solvent,0.2791,,0.2594,0.0028,10.1016/j.jct.2006.05.004
274,dhmix_1222511035002547253,298.15,101.0,Liquid,2,BrCCBr,Solvent,0.4855,,COC(C)=O,Solvent,0.5145,,0.2577,0.00275,10.1016/j.jct.2006.05.004
275,dhmix_1418101673429653456,298.15,101.0,Liquid,2,BrCCBr,Solvent,0.2508,,COC(C)=O,Solvent,0.7492,,0.1202,0.0017,10.1016/j.jct.2006.05.004
276,dhmix_355399496844187096,298.15,101.0,Liquid,2,CC(C)CCl,Solvent,0.5453,,CC(C)OC(C)C,Solvent,0.4547,,-0.0957,0.0012,10.1016/j.fluid.2011.06.001
277,dhmix_1411881046585885461,298.15,101.0,Liquid,2,CC(C)CCl,Solvent,0.0907,,CC(C)OC(C)C,Solvent,0.9093,,-0.0302,0.00055,10.1016/j.fluid.2011.06.001
278,dhmix_2302865667781063708,298.15,101.0,Liquid,2,CC(C)CCl,Solvent,0.727,,CC(C)OC(C)C,Solvent,0.273,,-0.0791,0.001,10.1016/j.fluid.2011.06.001
279,dhmix_600625644134907580,298.15,101.3,Liquid,2,C1COCCO1,Solvent,0.5,,CCCCCC(C)=O,Solvent,0.5,,0.4509,0.002255,10.1021/je034037l
280,dhmix_2028813035406256788,298.15,101.3,Liquid,2,C1COCCO1,Solvent,0.75,,CCCCCC(C)=O,Solvent,0.25,,0.4064,0.00209,10.1021/je034037l
281,dhmix_2222211577832383320,298.15,101.3,Liquid,2,C1COCCO1,Solvent,0.25,,CCCCCC(C)=O,Solvent,0.75,,0.2911,0.00164,10.1021/je034037l
282,dhmix_325212618372456630,303.15,101.0,Liquid,2,CCCCCCC,Solvent,0.5,,c1ccccc1,Solvent,0.5,,0.9235,0.0051,10.1016/j.tca.2013.01.028
283,dhmix_409350268177199962,303.15,101.0,Liquid,2,CCCCCCC,Solvent,0.7519,,c1ccccc1,Solvent,0.2481,,0.6047,0.0035,10.1016/j.tca.2013.01.028
284,dhmix_2296565820723783732,303.15,101.0,Liquid,2,CCCCCCC,Solvent,0.2423999999999999,,c1ccccc1,Solvent,0.7576,,0.7775,0.0044,10.1016/j.tca.2013.01.028
285,dhmix_1410129135672303476,298.15,101.0,Liquid,2,BrCCBr,Solvent,0.4913999999999999,,CCC(=O)OC,Solvent,0.5086,,0.0195,0.00185,10.1016/j.jct.2006.05.004
286,dhmix_1551714230583118668,298.15,101.0,Liquid,2,BrCCBr,Solvent,0.7554,,CCC(=O)OC,Solvent,0.2446,,0.09,0.00295,10.1016/j.jct.2006.05.004
287,dhmix_1596310059176209101,298.15,101.0,Liquid,2,BrCCBr,Solvent,0.2148,,CCC(=O)OC,Solvent,0.7852,,-0.0281,0.002,10.1016/j.jct.2006.05.004
288,dhmix_334328961632702336,308.15,101.0,Liquid,2,Cc1ccccc1N,Solvent,0.4926,,Cc1cccnc1,Solvent,0.5074000000000001,,-1.4091,0.0287,10.1016/j.jct.2010.12.028
289,dhmix_382843935535082222,308.15,101.0,Liquid,2,Cc1ccccc1N,Solvent,0.2323,,Cc1cccnc1,Solvent,0.7677,,-1.1196,0.02285,10.1016/j.jct.2010.12.028
290,dhmix_1057104304179164775,308.15,101.0,Liquid,2,Cc1ccccc1N,Solvent,0.7789,,Cc1cccnc1,Solvent,0.2210999999999999,,-0.8735,0.01785,10.1016/j.jct.2010.12.028
291,dhmix_551451232292287572,298.15,101.0,Liquid,2,CCC(C)=O,Solvent,0.2154,,CCCCNCCCC,Solvent,0.7846,,0.417,0.0045,10.1016/j.fluid.2013.01.011
292,dhmix_1210431916849512476,298.15,101.0,Liquid,2,CCC(C)=O,Solvent,0.5044,,CCCCNCCCC,Solvent,0.4956,,0.619,0.0065,10.1016/j.fluid.2013.01.011
293,dhmix_1503682496766473076,298.15,101.0,Liquid,2,CCC(C)=O,Solvent,0.7922,,CCCCNCCCC,Solvent,0.2078,,0.425,0.0045,10.1016/j.fluid.2013.01.011
294,dhmix_335934546122425398,298.15,101.0,Liquid,2,C1CCOCC1,Solvent,0.55,,O=C1CCCC1,Solvent,0.4499999999999999,,0.15813,0.001,10.1021/je025649t
295,dhmix_337659115721770978,298.15,101.0,Liquid,2,C1CCOCC1,Solvent,0.25,,O=C1CCCC1,Solvent,0.75,,0.11325,0.00084,10.1021/je025649t
296,dhmix_1706969020375394315,298.15,101.0,Liquid,2,C1CCOCC1,Solvent,0.75,,O=C1CCCC1,Solvent,0.25,,0.12811,0.000895,10.1021/je025649t
297,dhmix_344305070199657817,298.15,101.0,Liquid,2,CC(C)CC(C)(C)C,Solvent,0.2003,,CCCO,Solvent,0.7997,,0.308,0.0055,10.1021/je5004912
298,dhmix_1376194238727172922,298.15,101.0,Liquid,2,CC(C)CC(C)(C)C,Solvent,0.4998,,CCCO,Solvent,0.5002,,0.6025,0.0027,10.1016/j.fluid.2012.06.031
299,dhmix_1868873434415785592,298.15,101.0,Liquid,2,CC(C)CC(C)(C)C,Solvent,0.6999,,CCCO,Solvent,0.3001,,0.6544,0.0029,10.1016/j.fluid.2012.06.031
300,dhmix_772935681699310364,308.15,101.0,Liquid,2,C1CCOCC1,Solvent,0.4803,,Cc1cccnc1,Solvent,0.5197,,0.1271,0.00115,10.1016/j.tca.2011.02.002
301,dhmix_1594947441282636711,308.15,101.0,Liquid,2,C1CCOCC1,Solvent,0.7355,,Cc1cccnc1,Solvent,0.2644999999999999,,0.0924,0.00095,10.1016/j.tca.2011.02.002
302,dhmix_2075643137470349800,308.15,101.0,Liquid,2,C1CCOCC1,Solvent,0.2732,,Cc1cccnc1,Solvent,0.7268,,0.1036,0.001,10.1016/j.tca.2011.02.002
303,dhmix_346841872844739570,298.41,101.0,Liquid,2,CC#N,Solvent,0.7007,,CCOC(C)(C)C,Solvent,0.2993,,0.6176,0.0084,10.1021/je301238f
304,dhmix_840136828933604757,298.42,101.0,Liquid,2,CC#N,Solvent,0.1989999999999999,,CCOC(C)(C)C,Solvent,0.801,,0.4418,0.006,10.1021/je301238f
305,dhmix_1934525864391020215,298.42,101.0,Liquid,2,CC#N,Solvent,0.5016,,CCOC(C)(C)C,Solvent,0.4984,,0.7098,0.00965,10.1021/je301238f
306,dhmix_355078149157572999,298.15,101.0,Liquid,2,O,Solvent,0.2094,,OCCOCCO,Solvent,0.7906,,-0.521,0.003,10.1016/j.tca.2009.06.004
307,dhmix_514261244195159379,298.15,101.0,Liquid,2,O,Solvent,0.6996,,OCCOCCO,Solvent,0.3004,,-1.245,0.0065,10.1016/j.tca.2009.06.004
308,dhmix_1512634639127890343,298.15,101.0,Liquid,2,O,Solvent,0.499,,OCCOCCO,Solvent,0.501,,-1.149,0.0065,10.1021/je400158p
309,dhmix_355690558520209737,303.15,101.0,Liquid,2,CC(C)CC(C)(C)C,Solvent,0.7747999999999999,,CC(C)OC(C)C,Solvent,0.2252,,0.132161,0.001556,10.1021/je9001416
310,dhmix_1819714300540494359,303.15,101.0,Liquid,2,CC(C)CC(C)(C)C,Solvent,0.5125,,CC(C)OC(C)C,Solvent,0.4875,,0.197047,0.002233,10.1021/je9001416
311,dhmix_2031984064821599856,303.15,101.0,Liquid,2,CC(C)CC(C)(C)C,Solvent,0.2693,,CC(C)OC(C)C,Solvent,0.7307,,0.158983,0.0018345,10.1021/je9001416
312,dhmix_1485904869507380555,298.15,101.0,Liquid,2,C1CCOCC1,Solvent,0.5,,CCCCCC(C)=O,Solvent,0.5,,0.05773,0.000615,10.1021/je025649t
313,dhmix_1931504734279468677,298.15,101.0,Liquid,2,C1CCOCC1,Solvent,0.25,,CCCCCC(C)=O,Solvent,0.75,,0.03429,0.00053,10.1021/je025649t
314,dhmix_2296263041755700053,298.15,101.0,Liquid,2,C1CCOCC1,Solvent,0.75,,CCCCCC(C)=O,Solvent,0.25,,0.05587,0.00061,10.1021/je025649t
315,dhmix_357499987240135169,298.15,101.0,Liquid,2,CCCCC,Solvent,0.7726999999999999,,CCCCOC=O,Solvent,0.2273,,0.87,0.004,10.1016/j.fluid.2013.11.026
316,dhmix_869493303716364153,298.15,101.0,Liquid,2,CCCCC,Solvent,0.4905,,CCCCOC=O,Solvent,0.5095,,0.959,0.004,10.1016/j.fluid.2013.11.026
317,dhmix_1188548276416925178,298.15,101.0,Liquid,2,CCCCC,Solvent,0.246,,CCCCOC=O,Solvent,0.754,,0.632,0.003,10.1016/j.fluid.2013.11.026
318,dhmix_357740737126275220,298.15,101.0,Liquid,2,CC(=O)N(C)C,Solvent,0.212,,CCCCCl,Solvent,0.788,,0.244,0.0025,10.1016/j.jct.2007.01.017
319,dhmix_1487887746912587509,298.15,101.0,Liquid,2,CC(=O)N(C)C,Solvent,0.708,,CCCCCl,Solvent,0.292,,0.305,0.0025,10.1016/j.jct.2007.01.017
320,dhmix_2085343422065298965,298.15,101.0,Liquid,2,CC(=O)N(C)C,Solvent,0.511,,CCCCCl,Solvent,0.489,,0.363,0.0025,10.1016/j.jct.2007.01.017
321,dhmix_359626193748497849,298.15,101.0,Liquid,2,C1CCOCC1,Solvent,0.75,,O=C1CCCCC1,Solvent,0.25,,0.07698,0.00069,10.1021/je025649t
322,dhmix_709905971434026360,298.15,101.0,Liquid,2,C1CCOCC1,Solvent,0.25,,O=C1CCCCC1,Solvent,0.75,,0.05827,0.00062,10.1021/je025649t
323,dhmix_1617652800437548554,298.15,101.0,Liquid,2,C1CCOCC1,Solvent,0.5,,O=C1CCCCC1,Solvent,0.5,,0.08658,0.000725,10.1021/je025649t
324,dhmix_573570621261992547,298.15,101.0,Liquid,2,COC=O,Solvent,0.7674,,ClCCCCl,Solvent,0.2326,,0.2841,0.0015,10.1016/j.jct.2006.10.008
325,dhmix_2050640017895200777,298.15,101.0,Liquid,2,COC=O,Solvent,0.5024,,ClCCCCl,Solvent,0.4976,,0.3503,0.00175,10.1016/j.jct.2006.10.008
326,dhmix_2121310957223924646,298.15,101.0,Liquid,2,COC=O,Solvent,0.2024,,ClCCCCl,Solvent,0.7976,,0.2064,0.0012,10.1016/j.jct.2006.10.008
327,dhmix_396839331496923568,298.15,101.0,Liquid,2,CCCOC(=O)CC,Solvent,0.2376,,ClCCCl,Solvent,0.7624,,-0.317,0.0035,10.1016/j.jct.2008.10.007
328,dhmix_1840109043188951916,298.15,101.0,Liquid,2,CCCOC(=O)CC,Solvent,0.5177,,ClCCCl,Solvent,0.4822999999999999,,-0.557,0.006,10.1016/j.jct.2008.10.007
329,dhmix_1924188358781329171,298.15,101.0,Liquid,2,CCCOC(=O)CC,Solvent,0.7874,,ClCCCl,Solvent,0.2126,,-0.357,0.004,10.1016/j.jct.2008.10.007
330,dhmix_408170436877433675,298.15,101.0,Liquid,2,CCCCC,Solvent,0.2298,,CCOC=O,Solvent,0.7702,,1.016,0.0045,10.1016/j.fluid.2013.11.026
331,dhmix_1897634982824334825,298.15,101.0,Liquid,2,CCCCC,Solvent,0.5001,,CCOC=O,Solvent,0.4999,,1.354,0.0055,10.1016/j.fluid.2013.11.026
332,dhmix_2117998354372981576,298.15,101.0,Liquid,2,CCCCC,Solvent,0.7779,,CCOC=O,Solvent,0.2221,,1.051,0.0045,10.1016/j.fluid.2013.11.026
333,dhmix_607563797490786343,298.15,101.0,Liquid,2,NCCO,Solvent,0.5593600000000001,,c1ccncc1,Solvent,0.44064,,0.824,0.0035,10.1021/je400184t
334,dhmix_783614050589043390,298.15,101.0,Liquid,2,NCCO,Solvent,0.24812,,c1ccncc1,Solvent,0.75188,,0.779,0.0035,10.1021/je400184t
335,dhmix_1092036220949585875,298.15,101.0,Liquid,2,NCCO,Solvent,0.74678,,c1ccncc1,Solvent,0.25322,,0.612,0.003,10.1021/je400184t
336,dhmix_1137774316856842141,298.15,101.0,Liquid,2,CCCCC(=O)OCC,Solvent,0.7376,,CCOC(C)=O,Solvent,0.2623999999999999,,0.114,0.0015,10.1016/j.jct.2012.03.011
337,dhmix_1322441082145072072,298.15,101.0,Liquid,2,CCCCC(=O)OCC,Solvent,0.2799,,CCOC(C)=O,Solvent,0.7201,,0.139,0.0015,10.1016/j.jct.2012.03.011
338,dhmix_2161842751879945948,298.15,101.0,Liquid,2,CCCCC(=O)OCC,Solvent,0.5198,,CCOC(C)=O,Solvent,0.4801999999999999,,0.154,0.002,10.1016/j.jct.2012.03.011
339,dhmix_419593950323214290,298.15,100.0,Liquid,2,CCCCCC(C)=O,Solvent,0.7804,,CCN(CC)CC,Solvent,0.2196,,0.216,0.0025,10.1016/j.fluid.2013.07.037
340,dhmix_1001984601109558110,298.15,100.0,Liquid,2,CCCCCC(C)=O,Solvent,0.492,,CCN(CC)CC,Solvent,0.508,,0.419,0.0045,10.1016/j.fluid.2013.07.037
341,dhmix_2085744568401562111,298.15,100.0,Liquid,2,CCCCCC(C)=O,Solvent,0.2939,,CCN(CC)CC,Solvent,0.7061,,0.412,0.0045,10.1016/j.fluid.2013.07.037
342,dhmix_731680623269260416,298.15,101.0,Liquid,2,COC=O,Solvent,0.2508,,ClCCCl,Solvent,0.7492,,0.0793,0.0007,10.1016/j.jct.2006.10.008
343,dhmix_2170321998768851974,298.15,101.0,Liquid,2,COC=O,Solvent,0.7322,,ClCCCl,Solvent,0.2678,,0.0733,0.00065,10.1016/j.jct.2006.10.008
344,dhmix_2249001225536869896,298.15,101.0,Liquid,2,COC=O,Solvent,0.4874,,ClCCCl,Solvent,0.5126,,0.1028,0.0008,10.1016/j.jct.2006.10.008
345,dhmix_442816374747487477,303.15,100.0,Liquid,2,NCCCNCCCN,Solvent,0.8015,,O,Solvent,0.1985,,-2.233,0.024,10.1016/j.jct.2015.04.030
346,dhmix_1795382205757805615,303.15,100.0,Liquid,2,NCCCNCCCN,Solvent,0.3005,,O,Solvent,0.6995,,-6.588,0.07,10.1016/j.jct.2015.04.030
347,dhmix_1814950732748396893,303.15,100.0,Liquid,2,NCCCNCCCN,Solvent,0.4998,,O,Solvent,0.5002,,-5.544,0.059,10.1016/j.jct.2015.04.030
348,dhmix_446869196417408130,298.15,101.0,Liquid,2,NCCNCCO,Solvent,0.77,,O,Solvent,0.2299999999999999,,-1.711,0.035,10.1016/j.jct.2007.03.010
349,dhmix_673839467313503071,298.15,101.0,Liquid,2,NCCNCCO,Solvent,0.0699,,O,Solvent,0.9301,,-1.713,0.035,10.1016/j.jct.2007.03.010
350,dhmix_1682883323293489147,313.15,101.0,Liquid,2,NCCNCCO,Solvent,0.4001,,O,Solvent,0.5999,,-4.15,0.0845,10.1016/j.jct.2007.03.010
351,dhmix_1150917243327149472,298.15,101.0,Liquid,2,CCCCCCCl,Solvent,0.5,,CN(C)C=O,Solvent,0.5,,0.847,0.004,10.1016/j.jct.2007.01.017
352,dhmix_1166656674614639609,298.15,101.0,Liquid,2,CCCCCCCl,Solvent,0.2039999999999999,,CN(C)C=O,Solvent,0.796,,0.583,0.004,10.1016/j.jct.2007.01.017
353,dhmix_1262474968830454367,298.15,101.0,Liquid,2,CCCCCCCl,Solvent,0.795,,CN(C)C=O,Solvent,0.205,,0.542,0.0035,10.1016/j.jct.2007.01.017
354,dhmix_457000181442392641,308.15,101.0,Liquid,2,CCOCCO,Solvent,0.2411,,c1ccccc1,Solvent,0.7589,,0.6303,0.00815,10.1016/j.fluid.2006.04.016
355,dhmix_501726034520661035,308.15,101.0,Liquid,2,CCOCCO,Solvent,0.7336,,c1ccccc1,Solvent,0.2663999999999999,,0.2326,0.0033,10.1016/j.fluid.2006.04.016
356,dhmix_1801594081157333975,308.15,101.0,Liquid,2,CCOCCO,Solvent,0.4786,,c1ccccc1,Solvent,0.5214,,0.4912,0.00645,10.1016/j.fluid.2006.04.016
357,dhmix_466383569529620932,298.15,101.0,Liquid,2,CC(=O)N(C)C,Solvent,0.505,,CCCCCCCl,Solvent,0.495,,0.61,0.003,10.1016/j.jct.2007.01.017
358,dhmix_493694362228351572,298.15,101.0,Liquid,2,CC(=O)N(C)C,Solvent,0.798,,CCCCCCCl,Solvent,0.2019999999999999,,0.425,0.003,10.1016/j.jct.2007.01.017
359,dhmix_626564461179097700,298.15,101.0,Liquid,2,CC(=O)N(C)C,Solvent,0.211,,CCCCCCCl,Solvent,0.789,,0.38,0.003,10.1016/j.jct.2007.01.017
360,dhmix_553135124490085656,298.39,101.0,Liquid,2,CCC#N,Solvent,0.5025,,CCOC(C)(C)CC,Solvent,0.4975,,0.7023,0.00955,10.1021/je301238f
361,dhmix_1961082112686431376,298.4,101.0,Liquid,2,CCC#N,Solvent,0.2008999999999999,,CCOC(C)(C)CC,Solvent,0.7991,,0.502,0.00685,10.1021/je301238f
362,dhmix_2005765786246998093,298.39,101.0,Liquid,2,CCC#N,Solvent,0.7012,,CCOC(C)(C)CC,Solvent,0.2988,,0.5863,0.008,10.1021/je301238f
363,dhmix_471514663464011364,298.15,101.0,Liquid,2,C1CCOCC1,Solvent,0.722,,CCCCCO,Solvent,0.278,,0.8628,0.00745,10.1021/je060368x
364,dhmix_1936206883965149188,298.15,101.0,Liquid,2,C1CCOCC1,Solvent,0.526,,CCCCCO,Solvent,0.474,,0.97,0.00615,10.1021/je060368x
365,dhmix_1992318015190346725,298.15,101.0,Liquid,2,C1CCOCC1,Solvent,0.217,,CCCCCO,Solvent,0.783,,0.6006,0.00455,10.1021/je060368x
366,dhmix_472822428299818953,298.15,101.0,Liquid,2,CC(C)CC(C)(C)C,Solvent,0.7005,,CCCCO,Solvent,0.2995,,0.6228,0.0028,10.1016/j.fluid.2012.06.031
367,dhmix_628387028768654403,298.15,101.0,Liquid,2,CC(C)CC(C)(C)C,Solvent,0.4999,,CCCCO,Solvent,0.5001,,0.5938,0.0027,10.1016/j.fluid.2012.06.031
368,dhmix_2302589146189152767,298.15,101.0,Liquid,2,CC(C)CC(C)(C)C,Solvent,0.2002,,CCCCO,Solvent,0.7998000000000001,,0.27646,0.003235,10.1016/j.fluid.2009.11.010
369,dhmix_1113631207235753369,298.15,100.0,Liquid,2,CO,Solvent,0.2822,,COC=O,Solvent,0.7178,,1.105,0.012,10.1016/j.jct.2015.02.019
370,dhmix_2143911117683117531,298.15,100.0,Liquid,2,CO,Solvent,0.4872999999999999,,COC=O,Solvent,0.5127,,1.179,0.0125,10.1016/j.jct.2015.02.019
371,dhmix_2205254965267695203,298.15,100.0,Liquid,2,CO,Solvent,0.9167,,COC=O,Solvent,0.0833,,0.311,0.0035,10.1016/j.jct.2015.02.019
372,dhmix_497300242003673148,298.15,101.0,Liquid,2,BrCCBr,Solvent,0.2841,,CCCCOC(=O)CCC,Solvent,0.7159,,-0.054,0.001,10.1016/j.jct.2009.05.006
373,dhmix_712261179736749495,298.15,101.0,Liquid,2,BrCCBr,Solvent,0.5153,,CCCCOC(=O)CCC,Solvent,0.4847,,-0.027,0.0005,10.1016/j.jct.2009.05.006
374,dhmix_2153957437015117204,298.15,101.0,Liquid,2,BrCCBr,Solvent,0.7639,,CCCCOC(=O)CCC,Solvent,0.2361,,0.051,0.001,10.1016/j.jct.2009.05.006
375,dhmix_1128968771311392860,298.15,101.0,Liquid,2,O,Solvent,0.2307,,OC1=NCCC1,Solvent,0.7693,,-0.678,0.1695,10.1016/j.jct.2013.09.015
376,dhmix_1775375132531538271,298.15,101.0,Liquid,2,O,Solvent,0.5217,,OC1=NCCC1,Solvent,0.4783,,-0.8384,0.20965,10.1016/j.jct.2013.09.015
377,dhmix_1895825007089845103,298.15,101.0,Liquid,2,O,Solvent,0.7681,,OC1=NCCC1,Solvent,0.2319,,-0.5238,0.13095,10.1016/j.jct.2013.09.015
378,dhmix_523129341332875255,298.15,101.0,Liquid,2,BrCCBr,Solvent,0.0595,,COC=O,Solvent,0.9405,,0.1715,0.00215,10.1016/j.jct.2006.05.004
379,dhmix_1521152703631810888,298.15,101.0,Liquid,2,BrCCBr,Solvent,0.7574,,COC=O,Solvent,0.2426,,0.653,0.00585,10.1016/j.jct.2006.05.004
380,dhmix_1685647138770344206,298.15,101.0,Liquid,2,BrCCBr,Solvent,0.5281,,COC=O,Solvent,0.4719,,0.8123,0.00705,10.1016/j.jct.2006.05.004
381,dhmix_1055456388735168345,298.2,100.0,Liquid,2,CCO,Solvent,0.5084,,CN(C)CCO,Solvent,0.4916,,-0.4044,0.0044,10.1021/je800334m
382,dhmix_1132835222292135012,298.2,100.0,Liquid,2,CCO,Solvent,0.2685999999999999,,CN(C)CCO,Solvent,0.7314,,-0.2783,0.0031,10.1021/je800334m
383,dhmix_2011138895468245368,298.2,100.0,Liquid,2,CCO,Solvent,0.7335,,CN(C)CCO,Solvent,0.2665,,-0.3657,0.004,10.1021/je800334m
384,dhmix_517287783481256565,298.15,101.0,Liquid,2,CN(C)C=O,Solvent,0.701,,ClCCCCCl,Solvent,0.299,,-0.052,0.002,10.1016/j.jct.2007.06.017
385,dhmix_1989422051580285053,298.15,101.0,Liquid,2,CN(C)C=O,Solvent,0.501,,ClCCCCCl,Solvent,0.499,,-0.056,0.002,10.1016/j.jct.2007.06.017
386,dhmix_2190775305913174779,298.15,101.0,Liquid,2,CN(C)C=O,Solvent,0.204,,ClCCCCCl,Solvent,0.796,,-0.039,0.002,10.1016/j.jct.2007.06.017
387,dhmix_524376395520217080,298.15,100.0,Liquid,2,CC(C)CC(C)(C)C,Solvent,0.4407,,CCCC(=O)OC,Solvent,0.5593,,1.053,0.0115,10.1021/acs.jced.5b00813
388,dhmix_1614087501371550297,298.15,100.0,Liquid,2,CC(C)CC(C)(C)C,Solvent,0.7629,,CCCC(=O)OC,Solvent,0.2370999999999999,,0.789,0.0085,10.1021/acs.jced.5b00813
389,dhmix_2246911102339588209,298.15,100.0,Liquid,2,CC(C)CC(C)(C)C,Solvent,0.2982,,CCCC(=O)OC,Solvent,0.7018,,0.884,0.0095,10.1021/acs.jced.5b00813
390,dhmix_536798507677319129,308.15,101.0,Liquid,2,C1COCO1,Solvent,0.2679,,Cc1ccccc1Cl,Solvent,0.7321,,0.272,0.0015,10.1021/je400722h
391,dhmix_1308085019204784636,308.15,101.0,Liquid,2,C1COCO1,Solvent,0.5009,,Cc1ccccc1Cl,Solvent,0.4991,,0.393,0.002,10.1021/je400722h
392,dhmix_1924685013370154802,308.15,101.0,Liquid,2,C1COCO1,Solvent,0.7604,,Cc1ccccc1Cl,Solvent,0.2396,,0.313,0.0015,10.1021/je400722h
393,dhmix_549919019055097043,298.15,101.0,Liquid,2,C1CCCCC1,Solvent,0.7991,,CC(C)O,Solvent,0.2009,,0.702,0.017,10.1016/j.jct.2015.01.013
394,dhmix_1101575580592240663,298.15,101.0,Liquid,2,C1CCCCC1,Solvent,0.1995,,CC(C)O,Solvent,0.8005,,0.438,0.011,10.1016/j.jct.2015.01.013
395,dhmix_1262965345724899699,298.15,101.0,Liquid,2,C1CCCCC1,Solvent,0.4983999999999999,,CC(C)O,Solvent,0.5016,,0.801,0.0195,10.1016/j.jct.2015.01.013
396,dhmix_814771684244180933,298.15,100.0,Liquid,2,CCCCC(=O)OC,Solvent,0.7339,,COC(C)=O,Solvent,0.2661,,0.178,0.002,10.1021/acs.jced.5b00813
397,dhmix_915202362324204655,298.15,100.0,Liquid,2,CCCCC(=O)OC,Solvent,0.5055,,COC(C)=O,Solvent,0.4945,,0.238,0.0025,10.1021/acs.jced.5b00813
398,dhmix_935892165648195197,298.15,100.0,Liquid,2,CCCCC(=O)OC,Solvent,0.2347,,COC(C)=O,Solvent,0.7653,,0.173,0.002,10.1021/acs.jced.5b00813
399,dhmix_563342363018905515,298.15,101.3,Liquid,2,CCOC(=O)CC(C)=O,Solvent,0.7514,,O,Solvent,0.2486,,1.128,0.012,10.1021/je800889y
400,dhmix_1385095028103136291,298.15,101.3,Liquid,2,CCOC(=O)CC(C)=O,Solvent,0.4491,,O,Solvent,0.5509,,0.684,0.0075,10.1021/je800889y
401,dhmix_1609967394780907654,298.15,101.3,Liquid,2,CCOC(=O)CC(C)=O,Solvent,0.2994,,O,Solvent,0.7006,,0.428,0.005,10.1021/je800889y
402,dhmix_566259260175961973,298.15,101.0,Liquid,2,CCCCO,Solvent,0.1447,,OC1=NCCC1,Solvent,0.8553,,0.0949,0.0012,10.1021/je801006q
403,dhmix_1601732489230179724,298.15,101.0,Liquid,2,CCCCO,Solvent,0.4978,,OC1=NCCC1,Solvent,0.5022,,0.2326,0.0026,10.1021/je801006q
404,dhmix_1661138478850718837,298.15,101.0,Liquid,2,CCCCO,Solvent,0.7548,,OC1=NCCC1,Solvent,0.2452,,0.2356,0.00265,10.1021/je801006q
405,dhmix_569012254773025696,298.15,101.0,Liquid,2,CC(C)(C)O,Solvent,0.5057,,OC1=NCCC1,Solvent,0.4943,,0.4323,0.0047,10.1021/je801006q
406,dhmix_1408261346335628114,298.15,101.0,Liquid,2,CC(C)(C)O,Solvent,0.7449,,OC1=NCCC1,Solvent,0.2551,,0.3774,0.00415,10.1021/je801006q
407,dhmix_1466823939183874689,298.15,101.0,Liquid,2,CC(C)(C)O,Solvent,0.2578,,OC1=NCCC1,Solvent,0.7422,,0.2874,0.0032,10.1021/je801006q
408,dhmix_686402805609192969,303.15,101.0,Liquid,2,CC(C)OC(C)C,Solvent,0.228,,Cc1ccccc1,Solvent,0.772,,0.0593,0.00515,10.1016/j.fluid.2007.03.017
409,dhmix_1045652173440309018,303.15,101.0,Liquid,2,CC(C)OC(C)C,Solvent,0.752,,Cc1ccccc1,Solvent,0.248,,-0.0091,0.00505,10.1016/j.fluid.2007.03.017
410,dhmix_1690461453403165745,303.15,101.0,Liquid,2,CC(C)OC(C)C,Solvent,0.455,,Cc1ccccc1,Solvent,0.5449999999999999,,0.0323,0.0051,10.1016/j.fluid.2007.03.017
411,dhmix_578047845607378963,298.15,101.0,Liquid,2,CN1CCCC1=O,Solvent,0.6359,,c1ccncc1,Solvent,0.3641,,-0.4013,0.10035,10.1016/j.jct.2013.09.015
412,dhmix_625120262301063359,298.15,101.0,Liquid,2,CN1CCCC1=O,Solvent,0.2312,,c1ccncc1,Solvent,0.7688,,-0.3157,0.07895,10.1016/j.jct.2013.09.015
413,dhmix_1933003504821603087,298.15,101.0,Liquid,2,CN1CCCC1=O,Solvent,0.4995,,c1ccncc1,Solvent,0.5005,,-0.4356,0.1089,10.1016/j.jct.2013.09.015
414,dhmix_1101447260293284221,298.15,101.0,Liquid,2,c1cc[nH]c1,Solvent,0.494,,c1ccccc1,Solvent,0.506,,0.609,0.00395,10.1016/j.fluid.2013.10.029
415,dhmix_2080652523589171296,298.15,101.0,Liquid,2,c1cc[nH]c1,Solvent,0.8208,,c1ccccc1,Solvent,0.1792,,0.3441,0.00245,10.1016/j.fluid.2013.10.029
416,dhmix_2101365800313583195,298.15,101.0,Liquid,2,c1cc[nH]c1,Solvent,0.314,,c1ccccc1,Solvent,0.6859999999999999,,0.5893,0.00385,10.1016/j.fluid.2013.10.029
417,dhmix_598563182385523239,297.15,101.0,Liquid,2,C1CCNCC1,Solvent,0.75,,O,Solvent,0.25,,-1.4628,0.02995,10.1016/j.fluid.2009.10.018
418,dhmix_2023343497633678069,297.15,101.0,Liquid,2,C1CCNCC1,Solvent,0.5,,O,Solvent,0.5,,-2.1379,0.04355,10.1016/j.fluid.2009.10.018
419,dhmix_2169709193905404129,297.15,101.0,Liquid,2,C1CCNCC1,Solvent,0.25,,O,Solvent,0.75,,-1.9642,0.04065,10.1016/j.fluid.2009.10.018
420,dhmix_597694390671293228,298.15,101.0,Liquid,2,C1CCCCC1,Solvent,0.495,,c1cc[nH]c1,Solvent,0.505,,1.4275,0.00895,10.1016/j.fluid.2013.10.029
421,dhmix_1650717903260721901,298.15,101.0,Liquid,2,C1CCCCC1,Solvent,0.9248,,c1cc[nH]c1,Solvent,0.0752,,0.7315,0.00535,10.1016/j.fluid.2013.10.029
422,dhmix_1709124910710738018,298.15,101.0,Liquid,2,C1CCCCC1,Solvent,0.2818,,c1cc[nH]c1,Solvent,0.7182,,1.245,0.00795,10.1016/j.fluid.2013.10.029
423,dhmix_602003453564252918,308.15,101.0,Liquid,2,COc1ccccc1,Solvent,0.767,,OCCc1ccccc1,Solvent,0.2329999999999999,,1.1154,0.01195,10.1021/je050085p
424,dhmix_831666159864093343,308.15,101.0,Liquid,2,COc1ccccc1,Solvent,0.2678,,OCCc1ccccc1,Solvent,0.7322,,0.688,0.00745,10.1021/je050085p
425,dhmix_1415130215717622630,308.15,101.0,Liquid,2,COc1ccccc1,Solvent,0.5232,,OCCc1ccccc1,Solvent,0.4768,,1.0457,0.0112,10.1021/je050085p
426,dhmix_607389561715885318,298.2,101.3,Liquid,2,CC(C)O,Solvent,0.7505999999999999,,CCOC(=O)CC(=O)OCC,Solvent,0.2494,,1.955,0.021,10.1021/je9003806
427,dhmix_970997719035766241,298.2,101.3,Liquid,2,CC(C)O,Solvent,0.2491999999999999,,CCOC(=O)CC(=O)OCC,Solvent,0.7508,,1.804,0.0195,10.1021/je9003806
428,dhmix_2225069850502215858,298.2,101.3,Liquid,2,CC(C)O,Solvent,0.4997,,CCOC(=O)CC(=O)OCC,Solvent,0.5003,,2.369,0.0255,10.1021/je9003806
429,dhmix_614525131410782877,298.15,101.0,Liquid,2,CCCCCC(C)=O,Solvent,0.4912999999999999,,CCCCNCCCC,Solvent,0.5087,,0.278,0.003,10.1016/j.fluid.2013.01.011
430,dhmix_1051001364116056564,298.15,101.0,Liquid,2,CCCCCC(C)=O,Solvent,0.7811,,CCCCNCCCC,Solvent,0.2189,,0.164,0.002,10.1016/j.fluid.2013.01.011
431,dhmix_2131918011494960609,298.15,101.0,Liquid,2,CCCCCC(C)=O,Solvent,0.2946999999999999,,CCCCNCCCC,Solvent,0.7053,,0.256,0.003,10.1016/j.fluid.2013.01.011
432,dhmix_618866445574413387,308.15,101.0,Liquid,2,C1CCOCC1,Solvent,0.4425,,Cc1ccccc1C,Solvent,0.5575,,-0.0342,0.0006,10.1016/j.jct.2010.07.016
433,dhmix_1129414916141538177,308.15,101.0,Liquid,2,C1CCOCC1,Solvent,0.7443,,Cc1ccccc1C,Solvent,0.2557,,0.0421,0.00065,10.1016/j.jct.2010.07.016
434,dhmix_2268256048157488415,308.15,101.0,Liquid,2,C1CCOCC1,Solvent,0.2454,,Cc1ccccc1C,Solvent,0.7545999999999999,,-0.0613,0.00085,10.1016/j.jct.2010.07.016
435,dhmix_773913810754342365,298.15,101.0,Liquid,2,C1COCCN1,Solvent,0.7149,,O,Solvent,0.2851,,-1.753,0.019,10.1016/j.jct.2015.06.006
436,dhmix_1012297674499495059,298.15,101.0,Liquid,2,C1COCCN1,Solvent,0.201,,O,Solvent,0.7989999999999999,,-2.758,0.0295,10.1016/j.jct.2015.06.006
437,dhmix_1871930573512426354,298.15,101.0,Liquid,2,C1COCCN1,Solvent,0.4911,,O,Solvent,0.5089,,-3.131,0.0335,10.1016/j.jct.2015.06.006
438,dhmix_749228177959685874,298.15,101.0,Liquid,2,CCC(C)=O,Solvent,0.2352999999999999,,CCCNCCC,Solvent,0.7647,,0.299,0.0035,10.1016/j.fluid.2013.01.011
439,dhmix_1706960823617656563,298.15,101.0,Liquid,2,CCC(C)=O,Solvent,0.6984,,CCCNCCC,Solvent,0.3016,,0.334,0.0035,10.1016/j.fluid.2013.01.011
440,dhmix_2102794241345605516,298.15,101.0,Liquid,2,CCC(C)=O,Solvent,0.505,,CCCNCCC,Solvent,0.495,,0.397,0.0045,10.1016/j.fluid.2013.01.011
441,dhmix_628329103086906726,298.15,100.0,Liquid,2,CC1CCCCC1,Solvent,0.2504,,CCCO,Solvent,0.7496,,0.321,0.0055,10.1016/j.jct.2016.10.005
442,dhmix_989207392771680315,298.15,100.0,Liquid,2,CC1CCCCC1,Solvent,0.7505,,CCCO,Solvent,0.2495,,0.574,0.0055,10.1016/j.jct.2016.10.005
443,dhmix_2109805019413953371,298.15,100.0,Liquid,2,CC1CCCCC1,Solvent,0.5004,,CCCO,Solvent,0.4996,,0.533,0.0055,10.1016/j.jct.2016.10.005
444,dhmix_634764080264908666,298.15,101.0,Liquid,2,O,Solvent,0.5011,,OCCN1CCOCC1,Solvent,0.4989,,-2.2633,0.02415,10.1016/j.jct.2015.06.006
445,dhmix_1064373607860850902,298.15,101.0,Liquid,2,O,Solvent,0.3051,,OCCN1CCOCC1,Solvent,0.6949,,-1.7936,0.01915,10.1016/j.jct.2015.06.006
446,dhmix_1846281306963870091,298.15,101.0,Liquid,2,O,Solvent,0.6998,,OCCN1CCOCC1,Solvent,0.3002,,-2.426,0.026,10.1016/j.jct.2015.06.006
447,dhmix_636778454546345333,298.15,101.0,Liquid,2,C1CCCCC1,Solvent,0.5063,,CNc1ccccc1,Solvent,0.4937,,1.628,0.0175,10.1016/j.jct.2012.07.006
448,dhmix_1832297119731463766,298.15,101.0,Liquid,2,C1CCCCC1,Solvent,0.2047,,CNc1ccccc1,Solvent,0.7953,,0.972,0.0105,10.1016/j.jct.2012.07.006
449,dhmix_1889368397403208807,298.15,101.0,Liquid,2,C1CCCCC1,Solvent,0.7066,,CNc1ccccc1,Solvent,0.2934,,1.521,0.0165,10.1016/j.jct.2012.07.006
450,dhmix_637657437173907469,298.15,101.0,Liquid,2,CC(C)=O,Solvent,0.7097,,CNc1ccccc1,Solvent,0.2903,,-0.525,0.0055,10.1021/je200333p
451,dhmix_817594693007274900,298.15,101.0,Liquid,2,CC(C)=O,Solvent,0.2316,,CNc1ccccc1,Solvent,0.7684,,-0.5,0.0055,10.1021/je200333p
452,dhmix_1052042310023734389,298.15,101.0,Liquid,2,CC(C)=O,Solvent,0.5086,,CNc1ccccc1,Solvent,0.4913999999999999,,-0.672,0.0075,10.1021/je200333p
453,dhmix_986100941633296124,298.15,100.0,Liquid,2,CC(C)CC(C)(C)C,Solvent,0.4818,,CCCCC(=O)OC,Solvent,0.5182,,0.866,0.0095,10.1021/acs.jced.5b00813
454,dhmix_1505455794590867712,298.15,100.0,Liquid,2,CC(C)CC(C)(C)C,Solvent,0.1589,,CCCCC(=O)OC,Solvent,0.8411,,0.438,0.005,10.1021/acs.jced.5b00813
455,dhmix_1888614200283593194,298.15,100.0,Liquid,2,CC(C)CC(C)(C)C,Solvent,0.7813,,CCCCC(=O)OC,Solvent,0.2187,,0.658,0.007,10.1021/acs.jced.5b00813
456,dhmix_657900975986635712,308.15,101.0,Liquid,2,Cc1ccccc1N,Solvent,0.7827,,Cc1ccncc1,Solvent,0.2173,,-0.8885,0.0182,10.1016/j.jct.2010.12.028
457,dhmix_727678512066874384,308.15,101.0,Liquid,2,Cc1ccccc1N,Solvent,0.4783,,Cc1ccncc1,Solvent,0.5217,,-1.4295,0.0291,10.1016/j.jct.2010.12.028
458,dhmix_860941552641107708,308.15,101.0,Liquid,2,Cc1ccccc1N,Solvent,0.2715,,Cc1ccncc1,Solvent,0.7284999999999999,,-1.1791,0.02405,10.1016/j.jct.2010.12.028
459,dhmix_791979567859859400,298.15,101.0,Liquid,2,CCCCCCN,Solvent,0.7478,,CN(C)C=O,Solvent,0.2522,,0.461,0.015,10.1016/j.fluid.2019.112283
460,dhmix_1553880519684715156,298.15,101.0,Liquid,2,CCCCCCN,Solvent,0.2497,,CN(C)C=O,Solvent,0.7503,,0.51,0.0165,10.1016/j.fluid.2019.112283
461,dhmix_2271922176351407084,298.15,101.0,Liquid,2,CCCCCCN,Solvent,0.4997,,CN(C)C=O,Solvent,0.5003,,0.661,0.02,10.1016/j.fluid.2019.112283
462,dhmix_676105854791415053,303.0,101.0,Liquid,2,C=C(C)[C@H]1CC=C(C)CC1,Solvent,0.54,,CCCCCO,Solvent,0.46,,0.858,0.0345,10.1016/j.fluid.2010.03.001
463,dhmix_865539540276734208,303.0,101.0,Liquid,2,C=C(C)[C@H]1CC=C(C)CC1,Solvent,0.766,,CCCCCO,Solvent,0.234,,0.782,0.0315,10.1016/j.fluid.2010.03.001
464,dhmix_2293008983270202716,303.0,101.0,Liquid,2,C=C(C)[C@H]1CC=C(C)CC1,Solvent,0.272,,CCCCCO,Solvent,0.728,,0.532,0.0215,10.1016/j.fluid.2010.03.001
465,dhmix_979415629850644100,298.15,101.0,Liquid,2,CN1CCNCC1,Solvent,0.1998,,O,Solvent,0.8002,,-4.495,0.048,10.1016/j.jct.2015.06.006
466,dhmix_1386641258873877278,298.15,101.0,Liquid,2,CN1CCNCC1,Solvent,0.7926,,O,Solvent,0.2074,,-1.753,0.019,10.1016/j.jct.2015.06.006
467,dhmix_1572121970391530461,298.15,101.0,Liquid,2,CN1CCNCC1,Solvent,0.55,,O,Solvent,0.4499999999999999,,-3.547,0.038,10.1016/j.jct.2015.06.006
468,dhmix_681274412655414068,298.15,101.0,Liquid,2,CCCOC(=O)CC,Solvent,0.7394,,Cc1ccccc1,Solvent,0.2606,,-0.1135,0.0033,10.1016/j.jct.2006.08.011
469,dhmix_720914323963600437,298.15,101.0,Liquid,2,CCCOC(=O)CC,Solvent,0.2389,,Cc1ccccc1,Solvent,0.7611,,-0.1404,0.0037,10.1016/j.jct.2006.08.011
470,dhmix_1646061995263935606,298.15,101.0,Liquid,2,CCCOC(=O)CC,Solvent,0.5486,,Cc1ccccc1,Solvent,0.4514,,-0.1583,0.004,10.1016/j.jct.2006.08.011
471,dhmix_686592400130667234,298.15,101.0,Liquid,2,BrCCCBr,Solvent,0.2312999999999999,,COC(C)=O,Solvent,0.7687,,0.2115,0.0024,10.1016/j.jct.2006.05.004
472,dhmix_691866222529030049,298.15,101.0,Liquid,2,BrCCCBr,Solvent,0.5042,,COC(C)=O,Solvent,0.4958,,0.3912,0.0038,10.1016/j.jct.2006.05.004
473,dhmix_1380172638999588939,298.15,101.0,Liquid,2,BrCCCBr,Solvent,0.7594,,COC(C)=O,Solvent,0.2406,,0.313,0.0032,10.1016/j.jct.2006.05.004
474,dhmix_1759507684169085916,308.15,101.0,Liquid,2,CN1CCCC1=O,Solvent,0.7418,,Cc1ccccc1,Solvent,0.2582,,-0.2141,0.0024,10.1016/j.jct.2010.12.016
475,dhmix_1857599089574133884,308.15,101.0,Liquid,2,CN1CCCC1=O,Solvent,0.2231,,Cc1ccccc1,Solvent,0.7769,,-0.1889,0.00215,10.1016/j.jct.2010.12.016
476,dhmix_2238554893157725289,308.15,101.0,Liquid,2,CN1CCCC1=O,Solvent,0.4821,,Cc1ccccc1,Solvent,0.5179,,-0.2985,0.0033,10.1016/j.jct.2010.12.016
477,dhmix_859697969059379656,298.15,101.0,Liquid,2,CN1CCCC1=O,Solvent,0.503,,ClCCCCCCCl,Solvent,0.497,,-0.2,0.0025,10.1016/j.jct.2008.01.024
478,dhmix_916885053388204545,298.15,101.0,Liquid,2,CN1CCCC1=O,Solvent,0.212,,ClCCCCCCCl,Solvent,0.788,,-0.13,0.002,10.1016/j.jct.2008.01.024
479,dhmix_2039443272323887912,298.15,101.0,Liquid,2,CN1CCCC1=O,Solvent,0.797,,ClCCCCCCCl,Solvent,0.2029999999999999,,-0.123,0.002,10.1016/j.jct.2008.01.024
480,dhmix_729169544598225866,298.15,101.0,Liquid,2,CN(C)C=O,Solvent,0.203,,ClCCCCCCCl,Solvent,0.7969999999999999,,0.195,0.0025,10.1016/j.jct.2007.06.017
481,dhmix_1359105787212172230,298.15,101.0,Liquid,2,CN(C)C=O,Solvent,0.796,,ClCCCCCCCl,Solvent,0.2039999999999999,,0.24,0.0025,10.1016/j.jct.2007.06.017
482,dhmix_1534380829757525169,298.15,101.0,Liquid,2,CN(C)C=O,Solvent,0.498,,ClCCCCCCCl,Solvent,0.502,,0.34,0.0025,10.1016/j.jct.2007.06.017
483,dhmix_1171155554844966705,308.15,101.0,Liquid,2,C1CCCCC1,Solvent,0.2471,,C1CCOCC1,Solvent,0.7529,,0.3613,0.00395,10.1016/j.tca.2010.03.028
484,dhmix_2195791820105752985,308.15,101.0,Liquid,2,C1CCCCC1,Solvent,0.7266,,C1CCOCC1,Solvent,0.2734,,0.4424,0.00485,10.1016/j.tca.2010.03.028
485,dhmix_2296999979529762407,308.15,101.0,Liquid,2,C1CCCCC1,Solvent,0.499,,C1CCOCC1,Solvent,0.501,,0.526,0.0055,10.1021/je900077g
486,dhmix_744994939606384802,298.15,101.0,Liquid,2,CO,Solvent,0.3,,O,Solvent,0.7,,-0.85,0.005,10.1016/j.tca.2006.02.028
487,dhmix_1126710771921470495,298.15,101.0,Liquid,2,CO,Solvent,0.7,,O,Solvent,0.3,,-0.583,0.0035,10.1016/j.tca.2006.02.028
488,dhmix_1824296469249495553,298.15,101.0,Liquid,2,CO,Solvent,0.5,,O,Solvent,0.5,,-0.777,0.0045,10.1016/j.tca.2006.02.028
489,dhmix_753952445434773754,298.15,101.0,Liquid,2,CCCCCCCCCl,Solvent,0.493,,CN1CCCC1=O,Solvent,0.507,,0.638,0.0035,10.1016/j.jct.2008.01.024
490,dhmix_1273186684325800862,298.15,101.0,Liquid,2,CCCCCCCCCl,Solvent,0.783,,CN1CCCC1=O,Solvent,0.217,,0.371,0.003,10.1016/j.jct.2008.01.024
491,dhmix_1457789704046029008,298.15,101.0,Liquid,2,CCCCCCCCCl,Solvent,0.2019999999999999,,CN1CCCC1=O,Solvent,0.798,,0.5,0.0035,10.1016/j.jct.2008.01.024
492,dhmix_756380521637559100,298.15,101.3,Liquid,2,C1COCCO1,Solvent,0.5,,O=C1CCCCC1,Solvent,0.5,,0.28584,0.00154,10.1021/je034037l
493,dhmix_1367833850972054360,298.15,101.3,Liquid,2,C1COCCO1,Solvent,0.75,,O=C1CCCCC1,Solvent,0.25,,0.23662,0.001355,10.1021/je034037l
494,dhmix_1533665710565492443,298.15,101.3,Liquid,2,C1COCCO1,Solvent,0.25,,O=C1CCCCC1,Solvent,0.75,,0.20076,0.00121,10.1021/je034037l
495,dhmix_781473821930081125,308.15,101.0,Liquid,2,CCOc1ccccc1,Solvent,0.7651,,OCc1ccccc1,Solvent,0.2349,,1.083,0.0116,10.1021/je050085p
496,dhmix_966435122735090568,308.15,101.0,Liquid,2,CCOc1ccccc1,Solvent,0.0636,,OCc1ccccc1,Solvent,0.9364,,0.1901,0.00225,10.1021/je050085p
497,dhmix_1518701992890040137,308.15,101.0,Liquid,2,CCOc1ccccc1,Solvent,0.5499,,OCc1ccccc1,Solvent,0.4500999999999999,,1.0561,0.01135,10.1021/je050085p
498,dhmix_836757145941804043,308.15,101.0,Liquid,2,C1CCOCC1,Solvent,0.2915,,c1ccncc1,Solvent,0.7085,,0.0898,0.00095,10.1016/j.tca.2011.02.002
499,dhmix_1003039131395935786,308.15,101.0,Liquid,2,C1CCOCC1,Solvent,0.5363,,c1ccncc1,Solvent,0.4637,,0.1573,0.0013,10.1016/j.tca.2011.02.002
500,dhmix_2191254706131659314,308.15,101.0,Liquid,2,C1CCOCC1,Solvent,0.7344,,c1ccncc1,Solvent,0.2655999999999999,,0.1564,0.0013,10.1016/j.tca.2011.02.002
501,dhmix_1175081460677389458,298.15,101.0,Liquid,2,C1CCOCC1,Solvent,0.25,,CCCC(C)=O,Solvent,0.75,,0.06014,0.00063,10.1021/je025649t
502,dhmix_1531586108535895092,298.15,101.0,Liquid,2,C1CCOCC1,Solvent,0.75,,CCCC(C)=O,Solvent,0.25,,0.08245,0.000715,10.1021/je025649t
503,dhmix_2074691820693967219,298.15,101.0,Liquid,2,C1CCOCC1,Solvent,0.5,,CCCC(C)=O,Solvent,0.5,,0.09128,0.000745,10.1021/je025649t
504,dhmix_814516627068967115,298.15,101.0,Liquid,2,CCCOC=O,Solvent,0.2308,,ClCCCCl,Solvent,0.7692,,-0.054,0.001,10.1016/j.jct.2008.10.007
505,dhmix_1623640482466530427,298.15,101.0,Liquid,2,CCCOC=O,Solvent,0.7509,,ClCCCCl,Solvent,0.2491,,-0.088,0.001,10.1016/j.jct.2008.10.007
506,dhmix_2003217087101692001,298.15,101.0,Liquid,2,CCCOC=O,Solvent,0.5145,,ClCCCCl,Solvent,0.4855,,-0.114,0.0015,10.1016/j.jct.2008.10.007
507,dhmix_1288938247372010686,303.15,101.0,Liquid,2,C1CCCCC1,Solvent,0.7513,,CCCCCCCC,Solvent,0.2487,,0.23,0.005,10.1016/j.fluid.2006.03.020
508,dhmix_1429498464152515756,303.15,101.0,Liquid,2,C1CCCCC1,Solvent,0.5324,,CCCCCCCC,Solvent,0.4676,,0.258,0.005,10.1016/j.fluid.2006.03.020
509,dhmix_2289023418386220795,303.15,101.0,Liquid,2,C1CCCCC1,Solvent,0.2744,,CCCCCCCC,Solvent,0.7256,,0.18,0.005,10.1016/j.fluid.2006.03.020
510,dhmix_1107367594793013993,298.15,101.0,Liquid,2,CC(C)OC(C)C,Solvent,0.2727,,CCCCCl,Solvent,0.7273,,-0.0785,0.001,10.1016/j.fluid.2011.06.001
511,dhmix_1310204607958463222,298.15,101.0,Liquid,2,CC(C)OC(C)C,Solvent,0.4547,,CCCCCl,Solvent,0.5453,,-0.0954,0.0012,10.1016/j.fluid.2011.06.001
512,dhmix_1605157292498138629,298.15,101.0,Liquid,2,CC(C)OC(C)C,Solvent,0.7274,,CCCCCl,Solvent,0.2726,,-0.0732,0.00095,10.1016/j.fluid.2011.06.001
513,dhmix_1381513140604048573,298.15,101.0,Liquid,2,CN(CCO)CCO,Solvent,0.4737599999999999,,c1ccncc1,Solvent,0.52624,,-0.093,0.001,10.1021/je400184t
514,dhmix_2085036308089359597,298.15,101.0,Liquid,2,CN(CCO)CCO,Solvent,0.2306099999999999,,c1ccncc1,Solvent,0.76939,,-0.032,0.001,10.1021/je400184t
515,dhmix_2287943921901918379,298.15,101.0,Liquid,2,CN(CCO)CCO,Solvent,0.6695800000000001,,c1ccncc1,Solvent,0.33042,,-0.12,0.0015,10.1021/je400184t
516,dhmix_1093843275803987368,298.15,100.0,Liquid,2,CCCC(=O)OC,Solvent,0.4822,,COC(C)=O,Solvent,0.5178,,0.151,0.002,10.1021/acs.jced.5b00813
517,dhmix_1514470349370367756,298.15,100.0,Liquid,2,CCCC(=O)OC,Solvent,0.226,,COC(C)=O,Solvent,0.774,,0.102,0.0015,10.1021/acs.jced.5b00813
518,dhmix_1615966506855005599,298.15,100.0,Liquid,2,CCCC(=O)OC,Solvent,0.6958,,COC(C)=O,Solvent,0.3042,,0.122,0.0015,10.1021/acs.jced.5b00813
519,dhmix_1379448524788285045,298.15,101.0,Liquid,2,BrCCBr,Solvent,0.503,,CCOC=O,Solvent,0.497,,0.404,0.0054,10.1016/j.jct.2005.07.009
520,dhmix_1589211680683586133,298.15,101.0,Liquid,2,BrCCBr,Solvent,0.2475,,CCOC=O,Solvent,0.7525,,0.2492,0.0035,10.1016/j.jct.2005.07.009
521,dhmix_2225135654541562913,298.15,101.0,Liquid,2,BrCCBr,Solvent,0.7345999999999999,,CCOC=O,Solvent,0.2654,,0.3604,0.00485,10.1016/j.jct.2005.07.009
522,dhmix_933824509566848172,298.15,101.3,Liquid,2,C1COCO1,Solvent,0.35,,CCCC(C)=O,Solvent,0.65,,0.17755,0.001095,10.1021/je034223r
523,dhmix_1386053902220878259,298.15,101.3,Liquid,2,C1COCO1,Solvent,0.5,,CCCC(C)=O,Solvent,0.5,,0.21077,0.00122,10.1021/je034223r
524,dhmix_2113009728753201792,298.15,101.3,Liquid,2,C1COCO1,Solvent,0.75,,CCCC(C)=O,Solvent,0.25,,0.17046,0.00107,10.1021/je034223r
525,dhmix_962524540250306235,308.15,101.0,Liquid,2,Cc1ccccc1N,Solvent,0.2681,,c1ccncc1,Solvent,0.7319,,-0.8915,0.0182,10.1016/j.jct.2010.12.028
526,dhmix_1000930562998604270,308.15,101.0,Liquid,2,Cc1ccccc1N,Solvent,0.7735,,c1ccncc1,Solvent,0.2265,,-0.7828,0.016,10.1016/j.jct.2010.12.028
527,dhmix_1371524052813651708,308.15,101.0,Liquid,2,Cc1ccccc1N,Solvent,0.4826,,c1ccncc1,Solvent,0.5174000000000001,,-1.0329,0.02105,10.1016/j.jct.2010.12.028
528,dhmix_1091489740441728210,298.15,101.3,Liquid,2,CCCCCCCCC,Solvent,0.2601,,COC(C)(C)C,Solvent,0.7399,,0.371,0.0075,10.1016/j.fluid.2004.12.013
529,dhmix_1760873631242020891,298.15,101.3,Liquid,2,CCCCCCCCC,Solvent,0.7596,,COC(C)(C)C,Solvent,0.2404,,0.345,0.007,10.1016/j.fluid.2004.12.013
530,dhmix_2200368758776542578,298.15,101.3,Liquid,2,CCCCCCCCC,Solvent,0.5133,,COC(C)(C)C,Solvent,0.4867,,0.486,0.0095,10.1016/j.fluid.2004.12.013
531,dhmix_972091313059406932,298.15,101.0,Liquid,2,CCCNCCC,Solvent,0.2481999999999999,,CN(C)C=O,Solvent,0.7518,,0.613,0.0195,10.1016/j.fluid.2019.112283
532,dhmix_1037416167092316519,298.15,101.0,Liquid,2,CCCNCCC,Solvent,0.4995,,CN(C)C=O,Solvent,0.5005,,0.748,0.0225,10.1016/j.fluid.2019.112283
533,dhmix_1525975551610336413,298.15,101.0,Liquid,2,CCCNCCC,Solvent,0.7496,,CN(C)C=O,Solvent,0.2504,,0.529,0.017,10.1016/j.fluid.2019.112283
534,dhmix_1022139531284796266,298.15,101.325,Liquid,2,CCCO,Solvent,0.7302,,O=Cc1ccccc1,Solvent,0.2698,,1.3784,0.00585,10.1016/j.jct.2011.05.014
535,dhmix_1860362391399300385,298.15,101.325,Liquid,2,CCCO,Solvent,0.2374,,O=Cc1ccccc1,Solvent,0.7626,,1.2579,0.0055,10.1016/j.jct.2011.05.014
536,dhmix_2114980631721668598,298.15,101.325,Liquid,2,CCCO,Solvent,0.5178,,O=Cc1ccccc1,Solvent,0.4822,,1.6361,0.00675,10.1016/j.jct.2011.05.014
537,dhmix_1383192140212198237,298.15,101.0,Liquid,2,CNCCO,Solvent,0.7988,,O,Solvent,0.2012,,-1.219,0.025,10.1016/j.jct.2007.03.010
538,dhmix_1902240048183935170,298.15,101.0,Liquid,2,CNCCO,Solvent,0.5017,,O,Solvent,0.4982999999999999,,-2.508,0.051,10.1016/j.jct.2007.03.010
539,dhmix_2185888808838690563,298.15,101.0,Liquid,2,CNCCO,Solvent,0.1992,,O,Solvent,0.8008,,-2.243,0.0455,10.1016/j.jct.2007.03.010
540,dhmix_1468142552678388689,298.15,101.0,Liquid,2,CCC(C)=O,Solvent,0.4841,,CN1CCCC1=O,Solvent,0.5159,,-0.1675,0.00415,10.1021/je900262t
541,dhmix_1545004468946955771,298.15,101.0,Liquid,2,CCC(C)=O,Solvent,0.2461,,CN1CCCC1=O,Solvent,0.7539,,-0.0999,0.0031,10.1021/je900262t
542,dhmix_1746826813990258300,298.15,101.0,Liquid,2,CCC(C)=O,Solvent,0.7324,,CN1CCCC1=O,Solvent,0.2675999999999999,,-0.0861,0.0029,10.1021/je900262t
543,dhmix_1427533760370073434,308.15,101.0,Liquid,2,C1CCOCC1,Solvent,0.2416,,Cc1ccncc1,Solvent,0.7584,,0.0975,0.001,10.1016/j.tca.2011.02.002
544,dhmix_1681679230288000235,308.15,101.0,Liquid,2,C1CCOCC1,Solvent,0.4834,,Cc1ccncc1,Solvent,0.5166,,0.1741,0.00135,10.1016/j.tca.2011.02.002
545,dhmix_1854625047398559527,308.15,101.0,Liquid,2,C1CCOCC1,Solvent,0.8262,,Cc1ccncc1,Solvent,0.1737999999999999,,0.0948,0.001,10.1016/j.tca.2011.02.002
546,dhmix_1400067757990485972,308.15,101.0,Liquid,2,CCOc1ccccc1,Solvent,0.7388,,OCCc1ccccc1,Solvent,0.2612,,1.1427,0.01225,10.1021/je050085p
547,dhmix_1985234108792038812,308.15,101.0,Liquid,2,CCOc1ccccc1,Solvent,0.4852,,OCCc1ccccc1,Solvent,0.5147999999999999,,1.0249,0.011,10.1021/je050085p
548,dhmix_2203675640711482674,308.15,101.0,Liquid,2,CCOc1ccccc1,Solvent,0.2391,,OCCc1ccccc1,Solvent,0.7609,,0.6669,0.0072,10.1021/je050085p
549,dhmix_1491739683552461043,298.15,100.0,Liquid,2,CCCCC(=O)OC,Solvent,0.3486,,COC=O,Solvent,0.6514,,0.422,0.0045,10.1016/j.jct.2015.02.019
550,dhmix_1747049492522889097,298.15,100.0,Liquid,2,CCCCC(=O)OC,Solvent,0.5232,,COC=O,Solvent,0.4768,,0.409,0.0045,10.1016/j.jct.2015.02.019
551,dhmix_1990853348078771210,298.15,100.0,Liquid,2,CCCCC(=O)OC,Solvent,0.7968,,COC=O,Solvent,0.2032,,0.219,0.0025,10.1016/j.jct.2015.02.019
552,dhmix_1311251505653939236,298.15,100.0,Liquid,2,CC(=O)CC(C)=O,Solvent,0.5985,,O,Solvent,0.4014999999999999,,0.4905,0.00555,10.1016/j.fluid.2007.12.008
553,dhmix_1367092272310773702,298.15,100.0,Liquid,2,CC(=O)CC(C)=O,Solvent,0.7492,,O,Solvent,0.2508,,0.6211,0.00695,10.1016/j.fluid.2007.12.008
554,dhmix_2033109088651196860,298.15,100.0,Liquid,2,CC(=O)CC(C)=O,Solvent,0.2004,,O,Solvent,0.7996,,0.1562,0.0021,10.1016/j.fluid.2007.12.008
555,dhmix_1817161401911066523,298.15,101.0,Liquid,2,CC(C)CO,Solvent,0.7549,,OC1=NCCC1,Solvent,0.2451,,0.2989,0.0033,10.1021/je801006q
556,dhmix_2057245570503088562,298.15,101.0,Liquid,2,CC(C)CO,Solvent,0.2598,,OC1=NCCC1,Solvent,0.7402,,0.1798,0.00205,10.1021/je801006q
557,dhmix_2273039716774959551,298.15,101.0,Liquid,2,CC(C)CO,Solvent,0.4978,,OC1=NCCC1,Solvent,0.5022,,0.2775,0.0031,10.1021/je801006q
558,dhmix_1534218615961922445,298.15,100.0,Liquid,2,CC(C)CC(C)(C)C,Solvent,0.256,,COC(C)=O,Solvent,0.744,,1.385,0.015,10.1021/acs.jced.5b00813
559,dhmix_1663557420681143866,298.15,100.0,Liquid,2,CC(C)CC(C)(C)C,Solvent,0.5406,,COC(C)=O,Solvent,0.4594,,1.759,0.019,10.1021/acs.jced.5b00813
560,dhmix_1913788848230724771,298.15,100.0,Liquid,2,CC(C)CC(C)(C)C,Solvent,0.7833,,COC(C)=O,Solvent,0.2167,,1.149,0.0125,10.1021/acs.jced.5b00813
