FF,stat,n,mle,stderr,mean,low,high,group
Sage 2.3.0rc1,RMSE,87,1.1682206366822705,0.13139194421862457,1.305161453096524,1.0593928404339552,1.5747460881823978,All
Sage 2.3.0rc1,MUE,87,0.9073172798825336,0.09293152163556484,1.0118796107662482,0.8466377589051215,1.2137653048307124,All
Sage 2.3.0rc1,MSE,87,0.3458849548841556,0.1375547460068121,0.3404759176959369,0.06442494528198987,0.609480074937473,All
Sage 2.3.0rc1,R2,87,0.8865287026046733,0.037472706620552874,0.8537753479924511,0.7737727066825534,0.9193299783225817,All
Sage 2.3.0rc1,rho,87,0.9415565318156279,0.02012936004325232,0.9219714872080597,0.8798169477086264,0.9553789250021925,All
Sage 2.3.0rc1,RMSE,12,1.1185226350813584,0.16636088860993348,1.246476391352387,0.9436771011344216,1.5837680660411766,Alcohol
Sage 2.3.0rc1,MUE,12,1.107033061615821,0.16789757103411074,1.1307410387809904,0.7971163093329031,1.458270786817386,Alcohol
Sage 2.3.0rc1,MSE,12,1.107033061615821,0.18033771109733857,1.1069754141796355,0.7484441803051621,1.4661242502143406,Alcohol
Sage 2.3.0rc1,R2,12,0.9862681093936894,0.25090508629649916,0.7389867873460004,0.03204769424241629,0.9638105544193282,Alcohol
Sage 2.3.0rc1,rho,12,0.9931103208575011,0.21519734971516458,0.8260654798085741,0.22028379398603695,0.9818651989342406,Alcohol
Sage 2.3.0rc1,RMSE,7,0.8971713089527656,0.4080586733423321,1.2012393290950967,0.5672473880155031,2.1721829532951507,Aldehyde
Sage 2.3.0rc1,MUE,7,0.7272039818562669,0.30331698235213206,0.9611170090738838,0.43643311381006916,1.63362030477357,Aldehyde
Sage 2.3.0rc1,MSE,7,-0.3550598282461889,0.4800128215584065,-0.34249547604190494,-1.3621348742027017,0.5148831034156931,Aldehyde
Sage 2.3.0rc1,R2,7,0.9724264073648984,0.1851372367879784,0.8604399134573205,0.1677594561962787,0.9866078265490063,Aldehyde
Sage 2.3.0rc1,rho,7,0.9861168325127088,0.18865491131088022,0.9073738088167995,0.2956365036783063,0.9930856004147273,Aldehyde
Sage 2.3.0rc1,RMSE,6,0.3632129724056596,0.15905726288859864,0.5583264130714903,0.3098855087744585,0.9019606271159605,Alkane
Sage 2.3.0rc1,MUE,6,0.34043204197889826,0.12822468702869397,0.48286819005827236,0.25349613706758295,0.7688941388920628,Alkane
Sage 2.3.0rc1,MSE,6,0.2576241225339551,0.21416841927596506,0.2719236606418714,-0.16286287757431014,0.6589240568909586,Alkane
Sage 2.3.0rc1,R2,6,0.9816638868264291,0.2178382107212565,0.8150402855193832,0.10876545849552904,0.9915412711992811,Alkane
Sage 2.3.0rc1,rho,6,0.9907895270068356,0.25145686579103654,0.8623200831020225,0.1109699152940341,0.9951368574933965,Alkane
Sage 2.3.0rc1,RMSE,3,0.8886244600889954,0.3305309566295801,1.0100399944024478,0.40099001019481556,1.6899614934556266,Alkene
Sage 2.3.0rc1,MUE,3,0.8808189847438443,0.3154387961491331,0.9142185671414668,0.3524514043045244,1.5698113003158263,Alkene
Sage 2.3.0rc1,MSE,3,0.8808189847438443,0.34975444869144023,0.897253562887927,0.21614603782353883,1.5794547720195231,Alkene
Sage 2.3.0rc1,R2,3,0.9999026914818927,0.3119156370434833,0.8161647440697104,0.025383158472341273,0.999983611510369,Alkene
Sage 2.3.0rc1,rho,3,0.9999513445572701,0.6041453934914599,0.6812591791942448,-0.9677689107512893,0.9999809073246968,Alkene
Sage 2.3.0rc1,RMSE,14,1.3230837476753952,0.1879620938552314,1.4485979686795996,1.1119294201678633,1.8183615505661777,Amine
Sage 2.3.0rc1,MUE,14,1.1764550425108975,0.1945164225683114,1.2442310662368696,0.8731097834328475,1.6473737214872082,Amine
Sage 2.3.0rc1,MSE,14,0.7737079167910422,0.32808703819804175,0.7912025257069318,0.14965802228012498,1.4097182903309853,Amine
Sage 2.3.0rc1,R2,14,0.7985713182855199,0.19818479716478885,0.5617811622351494,0.11368658894243255,0.8660335373029157,Amine
Sage 2.3.0rc1,rho,14,0.8936281767522329,0.15683513279858702,0.7337712711640921,0.3546357316308212,0.935765629852391,Amine
Sage 2.3.0rc1,RMSE,87,1.1682206366822705,0.13184346650879522,1.3026222906107228,1.0625053490694896,1.579637911134945,Aqueous
Sage 2.3.0rc1,MUE,87,0.9073172798825336,0.08924043185931356,1.0150698392905722,0.8531487253568548,1.1905428079587956,Aqueous
Sage 2.3.0rc1,MSE,87,0.3458849548841556,0.13366745577023417,0.34924852061544165,0.07729598614357111,0.5929458021963978,Aqueous
Sage 2.3.0rc1,R2,87,0.8865287026046733,0.03865286363419244,0.8508077581414706,0.7690328488160738,0.9165180756082718,Aqueous
Sage 2.3.0rc1,rho,87,0.9415565318156279,0.02008183078971333,0.9245389289443463,0.8812723732098818,0.9602521213625187,Aqueous
Sage 2.3.0rc1,RMSE,33,0.8817443143354802,0.15049875682950925,1.0808191950068657,0.7953356676470256,1.413552530630304,Aromatic
Sage 2.3.0rc1,MUE,33,0.7318746108122868,0.1170445995881298,0.8632434900944452,0.6490068695890204,1.121670466400208,Aromatic
Sage 2.3.0rc1,MSE,33,-0.051570873832401096,0.18703418954873566,-0.05017778114238261,-0.44384198008945636,0.31568915802497205,Aromatic
Sage 2.3.0rc1,R2,33,0.931590015801667,0.0531635681100997,0.8882073459458559,0.7567520253997512,0.9571381886502606,Aromatic
Sage 2.3.0rc1,rho,33,0.9651891088287656,0.02774754025404681,0.9432132825305621,0.8743379903845307,0.9794611935222943,Aromatic
Sage 2.3.0rc1,RMSE,4,1.1847938799920485,0.36043054033189154,1.3031098190944912,0.5962038323143719,1.9805998293993627,Aryl Bromide
Sage 2.3.0rc1,MUE,4,1.033990179542363,0.3598189105993424,1.1333506126561166,0.4662639167879791,1.8885297018682805,Aryl Bromide
Sage 2.3.0rc1,MSE,4,0.6598987749909936,0.5788271575279447,0.6386756680676124,-0.576495105772211,1.6631319579047221,Aryl Bromide
Sage 2.3.0rc1,R2,4,0.981318486098841,0.16096057663757432,0.9279842822903939,0.30932376856424,0.9995395088889962,Aryl Bromide
Sage 2.3.0rc1,rho,4,0.9906152058689797,0.3536085974241332,0.8968561526339982,-0.6215910156345732,0.9998291174139864,Aryl Bromide
Sage 2.3.0rc1,RMSE,13,0.7798107976328278,0.276576864762679,1.0653062182468642,0.6459187477357027,1.7669645553654307,Carbonyl
Sage 2.3.0rc1,MUE,13,0.661498006697138,0.1875147271673722,0.8493972526765682,0.5379690405702063,1.2574760145238755,Carbonyl
Sage 2.3.0rc1,MSE,13,-0.0009387575835995826,0.3083362947782577,-0.011868734047994007,-0.6460882673910588,0.5800094177071671,Carbonyl
Sage 2.3.0rc1,R2,13,0.9631250045115647,0.2062934312545985,0.8102414756027158,0.12947383881058172,0.9666039698441597,Carbonyl
Sage 2.3.0rc1,rho,13,0.9813893236180862,0.15386203210827715,0.8912432645323365,0.4128795813277844,0.9820643050857938,Carbonyl
Sage 2.3.0rc1,RMSE,3,1.5449626953602835,0.4050418346104292,1.6006550873291259,0.8392897294019209,2.3959050337349717,Carboxylic Acid Amide
Sage 2.3.0rc1,MUE,3,1.4777014154737687,0.3894978332042799,1.46753642664148,0.7951250720446073,2.3198248141161755,Carboxylic Acid Amide
Sage 2.3.0rc1,MSE,3,1.4777014154737687,0.3998659558268635,1.4997980806295172,0.8188631417709278,2.3132345466722843,Carboxylic Acid Amide
Sage 2.3.0rc1,R2,3,0.9944758859112297,0.23792413170185256,0.8580680783767209,0.06301809886939327,0.999949649484453,Carboxylic Acid Amide
Sage 2.3.0rc1,rho,3,0.9972341179037297,0.3958116709449825,0.8430313675467543,-0.7667558476164916,0.9999840574444078,Carboxylic Acid Amide
Sage 2.3.0rc1,RMSE,11,0.8739027513832931,0.23749329196241376,1.0216504875357362,0.5931756928243503,1.4978239781236973,Carboxylic Acid Derivative
Sage 2.3.0rc1,MUE,11,0.6291412258621799,0.19403292603174,0.8295466695094361,0.4797916443315129,1.2286054935370476,Carboxylic Acid Derivative
Sage 2.3.0rc1,MSE,11,0.17687772803260302,0.30902605992715804,0.19724698076264377,-0.3870523443595646,0.813057689403169,Carboxylic Acid Derivative
Sage 2.3.0rc1,R2,11,0.9581075581039172,0.12263819005959074,0.9046994546755461,0.4793452958148378,0.9854509322425807,Carboxylic Acid Derivative
Sage 2.3.0rc1,rho,11,0.9788296879968018,0.10512277851471159,0.9449998388534533,0.750215170029264,0.9923839494987838,Carboxylic Acid Derivative
Sage 2.3.0rc1,RMSE,8,0.393706270184933,0.18292865367013322,0.6903365951934345,0.36798143143933615,1.0661350830631888,Carboxylic Acid Ester
Sage 2.3.0rc1,MUE,8,0.31093115475783406,0.15110140259653065,0.5757029870884941,0.3030904568231004,0.900959499026605,Carboxylic Acid Ester
Sage 2.3.0rc1,MSE,8,-0.31093115475783406,0.22684879184226114,-0.3037050273575459,-0.7493965745772283,0.16359208629455402,Carboxylic Acid Ester
Sage 2.3.0rc1,R2,8,0.9299309364152196,0.25806192036829273,0.3613144655665447,0.0012502341083377208,0.8565198950035011,Carboxylic Acid Ester
Sage 2.3.0rc1,rho,8,0.9643292676338406,0.29322425331088964,0.5314633850948091,-0.2066481240828391,0.9115476635984077,Carboxylic Acid Ester
Sage 2.3.0rc1,RMSE,3,1.4790311758057086,0.3252912108784869,1.555296658858692,0.952669698408626,2.2398270218357252,Dialkylether
Sage 2.3.0rc1,MUE,3,1.4675547485780758,0.3374130209327996,1.4796803257405493,0.8369361740729208,2.1438697158484383,Dialkylether
Sage 2.3.0rc1,MSE,3,1.4675547485780758,0.32891888917256973,1.459758145796999,0.8430973552738714,2.1384844069822604,Dialkylether
Sage 2.3.0rc1,R2,3,0.9980767573435065,0.2257962624140904,0.8567910066388512,0.10363093751685169,0.9998994816900465,Dialkylether
Sage 2.3.0rc1,rho,3,0.9990379158688152,0.394582496961365,0.843884795048774,-0.7775319382987297,0.9999605703049557,Dialkylether
Sage 2.3.0rc1,RMSE,4,1.296979927218998,0.33052710975426325,1.3925741616673843,0.7344765269088906,2.032778750164661,Ether
Sage 2.3.0rc1,MUE,4,1.2025324167171885,0.33785295042692187,1.2552749759040043,0.6337620474490322,1.9196321925282056,Ether
Sage 2.3.0rc1,MSE,4,0.9987997061499253,0.5013980434599183,0.9980047013211573,0.05068608025872745,1.8943699293603713,Ether
Sage 2.3.0rc1,R2,4,0.745862148416861,0.2520710599608676,0.7401067140404609,0.054768733518201364,0.9963096357241397,Ether
Sage 2.3.0rc1,rho,4,0.8636331098428669,0.3753017280336937,0.7794498844493453,-0.5959412985622584,0.9979263482903888,Ether
Sage 2.3.0rc1,RMSE,6,0.9692070640832162,0.30951209202543173,1.12443926651616,0.5316975196780237,1.7230823293688478,Halogen Derivative
Sage 2.3.0rc1,MUE,6,0.717400933016756,0.2880409076214931,0.9271577232378813,0.4036964889891988,1.5436642403219347,Halogen Derivative
Sage 2.3.0rc1,MSE,6,0.4597104608281984,0.42606491472400154,0.45042562153718285,-0.3467492391082076,1.2906420042172855,Halogen Derivative
Sage 2.3.0rc1,R2,6,0.9846574243042816,0.22770478077832318,0.8909972316212396,0.023574348398638076,0.9984903560616953,Halogen Derivative
Sage 2.3.0rc1,rho,6,0.9922990599130297,0.33999033031057163,0.8834365757176247,-0.47283863709810126,0.9992515537974572,Halogen Derivative
Sage 2.3.0rc1,RMSE,13,1.252166557569565,0.19131936758091178,1.3604591154723662,0.9991412751848607,1.7389606976386534,Heterocycle
Sage 2.3.0rc1,MUE,13,1.1617423201359978,0.1936298456665772,1.1940319070324756,0.826125297821943,1.5808386334654227,Heterocycle
Sage 2.3.0rc1,MSE,13,0.7467106402103968,0.3183667199068496,0.7569675779955951,0.09838130358986535,1.3448308787559067,Heterocycle
Sage 2.3.0rc1,R2,13,0.9321217013648769,0.1579522267765989,0.8425256570322589,0.40667003158127524,0.9828197458001762,Heterocycle
Sage 2.3.0rc1,rho,13,0.9654645003131275,0.10834513768339982,0.9055226394588883,0.6069904820361295,0.9908257981286345,Heterocycle
Sage 2.3.0rc1,RMSE,18,1.0476135567301672,0.1977979596168813,1.2541056277826037,0.9191564364715114,1.7146744351078402,Hydroxy
Sage 2.3.0rc1,MUE,18,0.9697339844082222,0.16576229636657097,1.0517870094357238,0.7559827666439543,1.3943727097227379,Hydroxy
Sage 2.3.0rc1,MSE,18,0.5238919926207913,0.26664457054014407,0.5386604970973926,0.021574393962049656,1.0326780593351952,Hydroxy
Sage 2.3.0rc1,R2,18,0.9066236789950649,0.11549636172503323,0.7740973105617661,0.47521545896910344,0.9182079414417009,Hydroxy
Sage 2.3.0rc1,rho,18,0.9521678838288263,0.07308644022525976,0.8729000499008216,0.6820191957483082,0.956441693624824,Hydroxy
Sage 2.3.0rc1,RMSE,6,0.6152166201300672,0.19065968777024037,0.805571422702154,0.46646140070307524,1.2042821065651128,Ketone
Sage 2.3.0rc1,MUE,6,0.584841035678154,0.18515626455182702,0.6983337873310524,0.3723318492415087,1.0923315929338377,Ketone
Sage 2.3.0rc1,MSE,6,0.4122024915227547,0.28872258565048087,0.4245714221626097,-0.1742664786421062,0.9524642168446379,Ketone
Sage 2.3.0rc1,R2,6,0.8447393403671641,0.2849337503883177,0.44307205307864517,0.0023891955122835318,0.9294134112932675,Ketone
Sage 2.3.0rc1,rho,6,0.9190970244577905,0.3690025908290175,0.5457131505070716,-0.46594184279530365,0.9563194271904599,Ketone
Sage 2.3.0rc1,RMSE,6,0.8889863454270838,0.46085479642886124,1.2154558060683396,0.3831442920651574,2.1663206148395906,Phenol
Sage 2.3.0rc1,MUE,6,0.6951358299930249,0.37123206887923055,0.9157193350215923,0.3036198716232385,1.7681297192501548,Phenol
Sage 2.3.0rc1,MSE,6,-0.6423901453692676,0.4657481207569841,-0.641368828345186,-1.5670584842882749,0.22238692738716961,Phenol
Sage 2.3.0rc1,R2,6,0.9413400646951183,0.23186623189653816,0.7453097954656962,0.05927937301485615,0.9844036783510549,Phenol
Sage 2.3.0rc1,rho,6,0.9702268109545924,0.24549355169926415,0.8153999808489136,0.05258998575578455,0.9919184579234418,Phenol
Sage 2.3.0rc1,RMSE,10,1.15550479466735,0.17437590981617943,1.2803592961778172,0.9243170548883043,1.6127265943401277,Primary Alcohol
Sage 2.3.0rc1,MUE,10,1.150344638636715,0.1771702919977851,1.166447966164787,0.8223090092250451,1.5200206418516233,Primary Alcohol
Sage 2.3.0rc1,MSE,10,1.150344638636715,0.18175623145685244,1.1552845362923099,0.800431232068781,1.5151866971428194,Primary Alcohol
Sage 2.3.0rc1,R2,10,0.9949358372955845,0.23185036702140963,0.7699487213046741,0.10633403572046041,0.9723302545751512,Primary Alcohol
Sage 2.3.0rc1,rho,10,0.9974647047868835,0.20827807393602205,0.8459417744553904,0.1674951791389845,0.9851296205987374,Primary Alcohol
Sage 2.3.0rc1,RMSE,4,1.6528520752118965,0.29455023654710755,1.729369639252457,1.1468591559381527,2.3093382198441823,Primary Aliphatic Amine
Sage 2.3.0rc1,MUE,4,1.6507506547704387,0.29926956221963735,1.6535139639378715,1.0627173228046303,2.2333048406492635,Primary Aliphatic Amine
Sage 2.3.0rc1,MSE,4,1.6507506547704387,0.3090128866085107,1.648605312301679,1.050688183392106,2.297998129274397,Primary Aliphatic Amine
Sage 2.3.0rc1,R2,4,0.5174310384816263,0.3048864056475062,0.3406255434635124,0.001076402516864029,0.9638036998769409,Primary Aliphatic Amine
Sage 2.3.0rc1,rho,4,0.7193267953313198,0.5772789118269285,0.12652695204483258,-0.9370122042683465,0.9747751187399745,Primary Aliphatic Amine
Sage 2.3.0rc1,RMSE,7,1.2689276649148213,0.2812670480614716,1.3713567466316154,0.7712840283033272,1.8999803829964907,Primary Amine
Sage 2.3.0rc1,MUE,7,1.071326692406718,0.29192725372291495,1.1731715341400124,0.622551776202359,1.7995038070257998,Primary Amine
Sage 2.3.0rc1,MSE,7,0.8152454844737835,0.4236487763092918,0.8238301683230566,0.03221486124231702,1.6414717319630359,Primary Amine
Sage 2.3.0rc1,R2,7,0.9771056183777792,0.2490149667361357,0.5013200103402641,0.016999428376697306,0.9034858580583477,Primary Amine
Sage 2.3.0rc1,rho,7,0.9884865291837716,0.2663792666841641,0.6504397686395041,-0.09986545809132683,0.9531246433179483,Primary Amine
Sage 2.3.0rc1,RMSE,3,0.33840902340913737,0.2798225923066981,0.6423970883354886,0.1655759275087432,1.245369176149483,Primary Aromatic Amine
Sage 2.3.0rc1,MUE,3,0.2987614092550901,0.23470077250155255,0.5646251510169339,0.17640077418990488,1.0799686376495614,Primary Aromatic Amine
Sage 2.3.0rc1,MSE,3,-0.2987614092550901,0.36574264642800886,-0.3095423135543238,-1.0322081980531619,0.4413362900611701,Primary Aromatic Amine
Sage 2.3.0rc1,R2,3,0.0070263353323795985,0.3515974033671801,0.49793168855307574,0.0021725951267747927,0.9979738175595269,Primary Aromatic Amine
Sage 2.3.0rc1,rho,3,0.08382323861781762,0.7080446609602935,0.0028930688015065638,-0.9978043028349763,0.9964033039560702,Primary Aromatic Amine
Sage 2.3.0rc1,RMSE,5,1.5742731817824402,0.2883707589585148,1.6368875202817732,1.0814723508189679,2.2125024330525327,Secondary Aliphatic Amine
Sage 2.3.0rc1,MUE,5,1.5465394403597408,0.289629453617989,1.5659946738340258,0.9973133776375154,2.155224421429351,Secondary Aliphatic Amine
Sage 2.3.0rc1,MSE,5,1.1040248885398867,0.5610253231195538,1.104016225154948,-0.09871185452541668,2.0992739750717138,Secondary Aliphatic Amine
Sage 2.3.0rc1,R2,5,0.9500761661584834,0.25768191781653993,0.7475384788428489,0.03664593457669456,0.9888835335561741,Secondary Aliphatic Amine
Sage 2.3.0rc1,rho,5,0.974718506112654,0.2782046179515896,0.8066407919498515,0.015405112704844404,0.9944159522223546,Secondary Aliphatic Amine
Sage 2.3.0rc1,RMSE,6,1.4752746988342693,0.2723600328639696,1.5603886878514417,1.031794136554625,2.126005471990563,Secondary Amine
Sage 2.3.0rc1,MUE,6,1.4248927457537974,0.27451785005904994,1.4327169104725646,0.9090915452330739,1.9924760753742443,Secondary Amine
Sage 2.3.0rc1,MSE,6,0.7839108616625589,0.5674291891008566,0.7575073450290223,-0.40908605963043065,1.8383326278030863,Secondary Amine
Sage 2.3.0rc1,R2,6,0.8376937094872658,0.2993325784005511,0.6293508475577395,0.008421660615191163,0.9663517694878403,Secondary Amine
Sage 2.3.0rc1,rho,6,0.9152560895657926,0.3146093231670336,0.7150413361713408,-0.1957059664925733,0.984833875498889,Secondary Amine
Sage 2.3.0rc1,RMSE,41,1.2588305077197035,0.21012590903347944,1.3529327767983765,0.9959687650458874,1.8187074050283258,b1
Sage 2.3.0rc1,MUE,41,0.9744483307882261,0.13681729290013941,1.0573130654123875,0.8057277149276444,1.3359661445440218,b1
Sage 2.3.0rc1,MSE,41,0.5941558993754182,0.1886145794391379,0.6003535392514951,0.20202495263274148,0.9402897943681364,b1
Sage 2.3.0rc1,R2,41,0.858907911621715,0.059734982253443765,0.8304044442543624,0.7048744044603212,0.9302012307328349,b1
Sage 2.3.0rc1,rho,41,0.9267728479091925,0.0323059466293116,0.9115381088762635,0.8402617613608733,0.9653826680107118,b1
Sage 2.3.0rc1,RMSE,13,0.7971951115474181,0.19008811420362698,0.9495563638281609,0.5803787434654014,1.3243589389971104,b2
Sage 2.3.0rc1,MUE,13,0.68486111466194,0.16025048097825656,0.7687301219557121,0.4611808501089631,1.0958786979386557,b2
Sage 2.3.0rc1,MSE,13,0.24015713204991038,0.2644278485471378,0.24337143860743726,-0.2651853511971771,0.7717527266765466,b2
Sage 2.3.0rc1,R2,13,0.9381606486611257,0.12128528113583513,0.8688273576404631,0.46743717006365176,0.9720988082979843,b2
Sage 2.3.0rc1,rho,13,0.9685869339719203,0.08439835567762412,0.9285412061068443,0.6971871122627531,0.985697883286379,b2
Sage 2.3.0rc1,RMSE,17,0.5856486789094851,0.1420415501859099,0.820088407323313,0.5670930905480254,1.1192126260019304,b3
Sage 2.3.0rc1,MUE,17,0.47046385658302253,0.12026317235883788,0.6609583992355063,0.43659026322862937,0.9022986290625002,b3
Sage 2.3.0rc1,MSE,17,0.22210435420448593,0.1937191614356158,0.22581343643625665,-0.14522507106664992,0.6131358718267409,b3
Sage 2.3.0rc1,R2,17,0.9071792054363135,0.3243659369474867,0.6299629927486494,0.0024200974456053586,0.9488488923447029,b3
Sage 2.3.0rc1,rho,17,0.9524595558008296,0.30735768797967516,0.729529646571304,-0.09066517787385256,0.9761571646398182,b3
Sage 2.3.0rc1,RMSE,9,1.1057368297579229,0.3203095762886866,1.3344321781394441,0.815621162137126,2.0734782226734993,b4
Sage 2.3.0rc1,MUE,9,1.014514337748432,0.24287880474037593,1.1419519475870121,0.7116601293811486,1.667333175314567,b4
Sage 2.3.0rc1,MSE,9,-0.11365741931755818,0.4545473279504567,-0.14113807462051783,-1.0190559311789367,0.739306458550019,b4
Sage 2.3.0rc1,R2,9,0.9503564275197316,0.06678506907229244,0.9185638816085175,0.7580894051649094,0.9884234281025994,b4
Sage 2.3.0rc1,rho,9,0.9748622607936628,0.04099396412982939,0.9556988965506671,0.8604142267781851,0.9941924781454127,b4
Sage 2.3.0rc1,RMSE,30,0.8471038576369226,0.15449795114790177,1.0596387728593073,0.7746125757437602,1.3920945455552884,b5
Sage 2.3.0rc1,MUE,30,0.6991620038331985,0.12337033557678914,0.8388474453254796,0.6011551270777833,1.0867061078992866,b5
Sage 2.3.0rc1,MSE,30,-0.16262802927595818,0.1909828908351367,-0.16002601245418754,-0.5258089620521729,0.21102606091239823,b5
Sage 2.3.0rc1,R2,30,0.903233339926339,0.057729652766106865,0.8404111030380962,0.7057446257243554,0.9243635410506443,b5
Sage 2.3.0rc1,rho,30,0.9503858900080211,0.03261662267619349,0.9170540111046426,0.8342901373315752,0.9605645535298981,b5
Sage 2.3.0rc1,RMSE,6,1.0406746295858542,0.26763294565649515,1.1368168747831604,0.6614104707495645,1.6998119118695147,b6
Sage 2.3.0rc1,MUE,6,0.9699098326735069,0.2525012523752764,1.005368480295463,0.5598432332306401,1.5475274552000322,b6
Sage 2.3.0rc1,MSE,6,0.9699098326735069,0.27715450506736333,0.973502045525992,0.45232073413847856,1.559475909520135,b6
Sage 2.3.0rc1,R2,6,0.9993896197817949,0.040767941856330564,0.9837723132442749,0.9042707272509224,0.9994711383818101,b6
Sage 2.3.0rc1,rho,6,0.999694763306178,0.06095052572269501,0.9891048178129588,0.9547004185928554,0.9997134924828264,b6
Sage 2.3.0rc1,RMSE,11,1.482140541909958,0.20007646819904676,1.5789908242134092,1.2007372357637205,1.96579631505929,b7
Sage 2.3.0rc1,MUE,11,1.4158260333988446,0.21043074954969043,1.4478922356806818,1.0382663612312213,1.8573751318587446,b7
Sage 2.3.0rc1,MSE,11,1.0661995511672602,0.36511123368366566,1.0687066813881252,0.35469325034297533,1.730438876285041,b7
Sage 2.3.0rc1,R2,11,0.7662310030843401,0.2873150531681188,0.5047289680061058,0.002568572651620646,0.9036922320963129,b7
Sage 2.3.0rc1,rho,11,0.8753462189810041,0.279065170682572,0.647649300161084,-0.059102228678697376,0.9437861283277428,b7
Sage 2.3.0rc1,RMSE,6,0.8780321263388384,0.3000289833540661,1.0120367280167128,0.44960652701834625,1.6369561990749477,b8
Sage 2.3.0rc1,MUE,6,0.6955113003284109,0.25787388331682504,0.8390653267201383,0.370081691831243,1.3650706767017642,b8
Sage 2.3.0rc1,MSE,6,0.12453013349862745,0.44109666665851666,0.12759929509275766,-0.6584048664656712,1.074369767974746,b8
Sage 2.3.0rc1,R2,6,0.9869974347769492,0.35456890417489073,0.759913749705144,0.006542978335642951,0.9979434831076446,b8
Sage 2.3.0rc1,rho,6,0.9934774455300677,0.37932461745598295,0.7659154479468768,-0.29607473383501154,0.9990802191093977,b8
Sage 2.3.0rc1,RMSE,4,1.604946096693637,0.33705952252826304,1.6324704893929514,1.0192545212141908,2.320542503916345,b10
Sage 2.3.0rc1,MUE,4,1.5514661099341887,0.32404178962490165,1.5560718692052944,0.9325556142088234,2.238693952425867,b10
Sage 2.3.0rc1,MSE,4,1.5514661099341887,0.3263344940205804,1.5517492632563334,0.9493229192325219,2.228422717436415,b10
Sage 2.3.0rc1,R2,4,0.9890648274594643,0.11572652002823641,0.9494300407797049,0.6041150566163512,0.9996153661831951,b10
Sage 2.3.0rc1,rho,4,0.9945173841916812,0.1570743631200031,0.9566624493765644,0.659553072670625,0.9997946100978745,b10
Sage 2.3.0rc1,RMSE,6,1.0185542742182703,0.2665449513001533,1.146137762088411,0.6074414880377775,1.6843499869878478,b12
Sage 2.3.0rc1,MUE,6,0.9568703125229132,0.251133175941316,1.0145850332913944,0.5706098233689888,1.5334145780217234,b12
Sage 2.3.0rc1,MSE,6,0.426397132533989,0.4476435077639228,0.43569842877697,-0.4516363325097712,1.3244574284901387,b12
Sage 2.3.0rc1,R2,6,0.8574757270770351,0.2683681426519188,0.3664084365566594,0.0017691767733435538,0.8796370367040592,b12
Sage 2.3.0rc1,rho,6,0.9259998526333767,0.39959420035738663,0.429080460941364,-0.5642731953438259,0.9404060814873283,b12
Sage 2.3.0rc1,RMSE,12,1.1185226350813584,0.16457954813711895,1.2496178853884794,0.9170069151447605,1.5701204554886194,b14
Sage 2.3.0rc1,MUE,12,1.107033061615821,0.16628517095209444,1.1277454318509363,0.8067320225652727,1.454697473506581,b14
Sage 2.3.0rc1,MSE,12,1.107033061615821,0.17433496766417356,1.1034956774381386,0.7634646503590382,1.4500786361838587,b14
Sage 2.3.0rc1,R2,12,0.9862681093936894,0.2559600591876379,0.7199417463422719,0.03507775301359588,0.9594371098427956,b14
Sage 2.3.0rc1,rho,12,0.9931103208575011,0.22820137551973055,0.8172192517104122,0.11437436627209377,0.9806513732489202,b14
Sage 2.3.0rc1,RMSE,14,1.775015322433956,0.49162879062666076,1.820111760294654,0.8667414355518558,2.760732665850703,b16
Sage 2.3.0rc1,MUE,14,1.1229863649106107,0.3476893141376265,1.2828597851735528,0.6711834600027495,1.9970644918704201,b16
Sage 2.3.0rc1,MSE,14,-0.49403432980572093,0.48389384043824357,-0.5119763373994255,-1.485580163862264,0.36658811468671704,b16
Sage 2.3.0rc1,R2,14,0.8196487950084603,0.1641784023927417,0.7413674631296941,0.22773855194744866,0.9445902684274967,b16
Sage 2.3.0rc1,rho,14,0.90534457252941,0.1141916372523072,0.8562539640734261,0.5657125704262302,0.970303197273069,b16
Sage 2.3.0rc1,RMSE,6,0.8889863454270838,0.4685093833512859,1.212452780843452,0.3659443048942981,2.3119499034079776,b18
Sage 2.3.0rc1,MUE,6,0.6951358299930249,0.36449029290204804,0.8912285275257061,0.30436743031723096,1.732107420603687,b18
Sage 2.3.0rc1,MSE,6,-0.6423901453692676,0.4629200635101596,-0.6265501836095777,-1.527791104020997,0.35385898106650365,b18
Sage 2.3.0rc1,R2,6,0.9413400646951183,0.2464659986837044,0.7278439776623916,0.042496949970416774,0.9837991698473747,b18
Sage 2.3.0rc1,rho,6,0.9702268109545924,0.23761232676252347,0.8206760447750631,0.09835128918484883,0.9913365999147403,b18
Sage 2.3.0rc1,RMSE,8,0.393706270184933,0.1751664673066616,0.6992065548043727,0.36880947747785364,1.0872387855097645,b20
Sage 2.3.0rc1,MUE,8,0.31093115475783406,0.153856418099871,0.5767216564850798,0.30172219903411845,0.9077055176950621,b20
Sage 2.3.0rc1,MSE,8,-0.31093115475783406,0.23306397101797807,-0.3120423634852849,-0.727962234371616,0.17283617938921308,b20
Sage 2.3.0rc1,R2,8,0.9299309364152196,0.25024207866919046,0.36684054947410377,0.0008643352639106085,0.8449644030595798,b20
Sage 2.3.0rc1,rho,8,0.9643292676338406,0.3084991935408295,0.5153306638662011,-0.24098735845675542,0.9155683042547454,b20
Sage 2.3.0rc1,RMSE,25,0.8820160622572296,0.17235881443660922,1.0976057364356688,0.7734276074086305,1.4715924563977432,b21
Sage 2.3.0rc1,MUE,25,0.6917115105944888,0.14169863614411118,0.8705330538638987,0.6075155936070042,1.1656943308320695,b21
Sage 2.3.0rc1,MSE,25,0.1482484541234915,0.22503731594387208,0.16098616989243225,-0.28613823528945564,0.6063970295824574,b21
Sage 2.3.0rc1,R2,25,0.9458447861689652,0.06203185651665717,0.9011447873881354,0.7303208162007292,0.9750063469059963,b21
Sage 2.3.0rc1,rho,25,0.9725455188159399,0.0394917189207522,0.9466763294824035,0.8574493288707121,0.9862438640158444,b21
Sage 2.3.0rc1,RMSE,3,0.8499108160578375,0.26701287854356054,0.9384778579587856,0.36524222898255576,1.455881790091242,b45
Sage 2.3.0rc1,MUE,3,0.759244590837239,0.2693033805871753,0.8658254498663809,0.31626249203552137,1.4064662531039573,b45
Sage 2.3.0rc1,MSE,3,0.5936287519473528,0.44811170123171146,0.5756326330738484,-0.2887200054125737,1.3631675988438383,b45
Sage 2.3.0rc1,R2,3,0.8321050386806697,0.35588444427155774,0.5581059357102182,0.0020200011716998796,0.9993924738942733,b45
Sage 2.3.0rc1,rho,3,-0.9121979163978999,0.7155867328902676,-0.2069197846677491,-0.9990591721875327,0.9949632036281695,b45
Sage 2.3.0rc1,RMSE,3,0.9566704323758936,0.24912026150929104,1.0624190531980284,0.5704518230721739,1.5740152882791034,b51
Sage 2.3.0rc1,MUE,3,0.9431708558647655,0.2785475614420608,0.9666797863377958,0.42940582738296756,1.526515297263218,b51
Sage 2.3.0rc1,MSE,3,0.9431708558647655,0.3186679301019863,0.9357313113733612,0.22598998840830023,1.5346767909531305,b51
Sage 2.3.0rc1,R2,3,0.980400700380965,0.3013349945528668,0.7545198762677169,0.02131412815573577,0.9997333066029209,b51
Sage 2.3.0rc1,rho,3,0.9901518572324981,0.5945150913522943,0.6115320303764942,-0.9875929847874005,0.9998281284470402,b51
Sage 2.3.0rc1,RMSE,4,1.1847938799920485,0.36459337974753264,1.3012039680525473,0.582181589236103,1.9798488802106133,b72
Sage 2.3.0rc1,MUE,4,1.033990179542363,0.36170623469198354,1.1351374686133768,0.4447733098188511,1.9161232386548466,b72
Sage 2.3.0rc1,MSE,4,0.6598987749909936,0.5960911068334935,0.6489526487843573,-0.6002810762695114,1.8315326945342671,b72
Sage 2.3.0rc1,R2,4,0.981318486098841,0.16457114105617504,0.930580793803953,0.3046476322444737,0.9997419662395667,b72
Sage 2.3.0rc1,rho,4,0.9906152058689797,0.35326725499860534,0.8999747560992125,-0.7045562499639785,0.9998688678227773,b72
Sage 2.3.0rc1,RMSE,67,1.230416122596041,0.1483865170029306,1.3444647726143812,1.0666392735733299,1.647126731526969,b84
Sage 2.3.0rc1,MUE,67,0.956869131189973,0.10584561008980643,1.0373597027274306,0.8390647735761672,1.2535059628017955,b84
Sage 2.3.0rc1,MSE,67,0.45983683164572153,0.14918897107728138,0.45949971546890084,0.1613965454739477,0.7413034170713357,b84
Sage 2.3.0rc1,R2,67,0.8493497250964889,0.043695335817156636,0.8127686836366035,0.7217049345913983,0.8919696970035194,b84
Sage 2.3.0rc1,rho,67,0.9216017171731447,0.023733986537900327,0.9021305447526796,0.8492192931568785,0.9443930439267597,b84
Sage 2.3.0rc1,RMSE,41,0.8899937881345698,0.1294826030283256,1.0868929585578497,0.8512675450367133,1.3607083231166186,b85
Sage 2.3.0rc1,MUE,41,0.7361769339718898,0.10406065644992259,0.8648981364416974,0.6745946162689214,1.0813346874188055,b85
Sage 2.3.0rc1,MSE,41,0.09958056041206055,0.16461779180632302,0.09829112275155835,-0.23613766612608297,0.4264661253168499,b85
Sage 2.3.0rc1,R2,41,0.9325584227787055,0.04637747345394877,0.891191247165769,0.7786690530962913,0.9530342911469505,b85
Sage 2.3.0rc1,rho,41,0.9656906454857607,0.021922730243750688,0.9452870136505039,0.8905230024536521,0.9769972819418205,b85
Sage 2.3.0rc1,RMSE,17,1.3558618929170168,0.17625742060182734,1.4668520864092072,1.1383007297517198,1.8092854030671148,b87
Sage 2.3.0rc1,MUE,17,1.2340480227315396,0.1791891157398552,1.2780300283977926,0.9365493777914914,1.618602586088404,b87
Sage 2.3.0rc1,MSE,17,0.9023739191975411,0.2761580004585101,0.9146199144210768,0.38963950557556415,1.457249649420615,b87
Sage 2.3.0rc1,R2,17,0.9220362216132183,0.12204068340029127,0.851340697532418,0.5150564962605105,0.968225278698238,b87
Sage 2.3.0rc1,rho,17,0.9602271718782064,0.07538952299264072,0.9222066061584043,0.7229435238177548,0.9856446896241424,b87
Sage 2.3.0rc1,RMSE,87,1.1682206366822705,0.1284924331551867,1.297868816928224,1.0553582262671777,1.560247299951035,b88
Sage 2.3.0rc1,MUE,87,0.9073172798825336,0.08855180398095565,1.0060867837615588,0.833368260290274,1.1880225687271353,b88
Sage 2.3.0rc1,MSE,87,0.3458849548841556,0.13466277030174434,0.3449378912790814,0.07750195029293246,0.5878641320508781,b88
Sage 2.3.0rc1,R2,87,0.8865287026046733,0.0398109009110498,0.8522140912184726,0.7660619188221718,0.9201421757143663,b88
Sage 2.3.0rc1,rho,87,0.9415565318156279,0.020560384191957028,0.9225182741914878,0.8782547787812351,0.9581849406680335,b88
Sage 2.3.0rc1,RMSE,67,1.230416122596041,0.15236606345943657,1.340896233228214,1.0718135286251398,1.6568776583483786,a1
Sage 2.3.0rc1,MUE,67,0.956869131189973,0.10528462387833111,1.0430950339762568,0.8467253744039716,1.2646836072893586,a1
Sage 2.3.0rc1,MSE,67,0.45983683164572153,0.15455849819129552,0.45058033240024303,0.1437972460067766,0.7380118031558852,a1
Sage 2.3.0rc1,R2,67,0.8493497250964889,0.043385087340537316,0.8128077680596192,0.7202463224037425,0.8891003389315426,a1
Sage 2.3.0rc1,rho,67,0.9216017171731447,0.024774243106481592,0.9019046665083694,0.8484482327858727,0.9443264110228325,a1
Sage 2.3.0rc1,RMSE,67,1.230416122596041,0.15216861334007342,1.3411250611735164,1.0612599004609062,1.65932279661637,a2
Sage 2.3.0rc1,MUE,67,0.956869131189973,0.1055896680530116,1.0456061315697893,0.8613567153125226,1.2801197685747037,a2
Sage 2.3.0rc1,MSE,67,0.45983683164572153,0.15788920617827137,0.44762448694235213,0.12541291120831005,0.7369130088171036,a2
Sage 2.3.0rc1,R2,67,0.8493497250964889,0.043609754530067116,0.8115653954436226,0.7176026257337895,0.8930738801395163,a2
Sage 2.3.0rc1,rho,67,0.9216017171731447,0.024591409427937586,0.9014210326429255,0.8466044493589518,0.9428343316830594,a2
Sage 2.3.0rc1,RMSE,51,0.8454639284300263,0.10945209657377597,1.0468828790645521,0.8379667099766532,1.2640649917980202,a10
Sage 2.3.0rc1,MUE,51,0.6830020132318466,0.09188285114804585,0.826550538166719,0.6461062098856578,1.0159172180930554,a10
Sage 2.3.0rc1,MSE,51,0.11359061580483833,0.14924396575252577,0.12432451250790971,-0.17586255396130832,0.4061477538631626,a10
Sage 2.3.0rc1,R2,51,0.9296945924627253,0.044830993679158236,0.8857405802987568,0.7786799583605479,0.9492158095992062,a10
Sage 2.3.0rc1,rho,51,0.9642067166654278,0.02294052049076849,0.9411848439317709,0.8886859866814374,0.9738121017370155,a10
Sage 2.3.0rc1,RMSE,8,0.393706270184933,0.18079771607662562,0.6951707769178395,0.36825528696644766,1.0702886858567309,a10a
Sage 2.3.0rc1,MUE,8,0.31093115475783406,0.1502613066358322,0.5700499909053688,0.2994571526928841,0.8988945807870907,a10a
Sage 2.3.0rc1,MSE,8,-0.31093115475783406,0.22334457675132893,-0.31552851377014923,-0.745232262238099,0.12843430508655057,a10a
Sage 2.3.0rc1,R2,8,0.9299309364152196,0.2565972129008955,0.37306697421199475,0.0013680687315694641,0.8498823137548638,a10a
Sage 2.3.0rc1,rho,8,0.9643292676338406,0.3198888035640174,0.518437990839219,-0.293653561900727,0.9236359281872384,a10a
Sage 2.3.0rc1,RMSE,39,0.8985638619752939,0.1331048253167403,1.0990551384878433,0.8516220978449778,1.3573303787229152,a11
Sage 2.3.0rc1,MUE,39,0.7379233960090619,0.10770079892349813,0.8660709237567691,0.6568038100232425,1.0942390521182281,a11
Sage 2.3.0rc1,MSE,39,0.06868105457436981,0.17208828789030417,0.06268917138524971,-0.266219356880866,0.4107102956903302,a11
Sage 2.3.0rc1,R2,39,0.9323773983509702,0.043702991842539556,0.8943867746299934,0.7912250237056241,0.9535237324490339,a11
Sage 2.3.0rc1,rho,39,0.9655969129771331,0.02630739734863644,0.9441514181967725,0.8768630487772503,0.9777620435592154,a11
Sage 2.3.0rc1,RMSE,4,0.7720397858337413,0.2896745332148341,0.9364080298335536,0.4266725434046403,1.5466864741369704,a12
Sage 2.3.0rc1,MUE,4,0.6914580288926702,0.26463460950059864,0.8097352720335875,0.32448095209164374,1.3709522862359593,a12
Sage 2.3.0rc1,MSE,4,0.6297704482230966,0.3773902497178106,0.6244996256832361,-0.10757971000697869,1.3659944947762974,a12
Sage 2.3.0rc1,R2,4,0.9751105957382387,0.18329635118917129,0.9079248936753994,0.1371320802543163,0.998675597764834,a12
Sage 2.3.0rc1,rho,4,0.9874768836475307,0.2751907139117826,0.912554020115651,-0.12167260412357205,0.9993506869494588,a12
Sage 2.3.0rc1,RMSE,8,0.393706270184933,0.18109976047023055,0.6905388331263973,0.3598698575715304,1.0905328077792311,a15
Sage 2.3.0rc1,MUE,8,0.31093115475783406,0.15423629993700905,0.573652296320226,0.2932009093378648,0.9105349043082196,a15
Sage 2.3.0rc1,MSE,8,-0.31093115475783406,0.2321080692526279,-0.31716161321274333,-0.759509983089103,0.14543612722916288,a15
Sage 2.3.0rc1,R2,8,0.9299309364152196,0.2501060525305716,0.3647807590510371,0.0030694109830658924,0.8411923081030603,a15
Sage 2.3.0rc1,rho,8,0.9643292676338406,0.3088639836911186,0.5300146955651288,-0.27121421520766725,0.9079405663286819,a15
Sage 2.3.0rc1,RMSE,6,1.4473846613719792,0.28213789754440743,1.5378794804859865,0.9688751837369417,2.099773302707774,a18
Sage 2.3.0rc1,MUE,6,1.359070745930243,0.29309246123073934,1.3887387734151124,0.8296155024439883,1.9379301246917287,a18
Sage 2.3.0rc1,MSE,6,0.9903086194136979,0.5015253288360275,0.9980619839482601,-0.03789757209049623,1.894699685576737,a18
Sage 2.3.0rc1,R2,6,0.867060371142813,0.29091569347506,0.6742913086334524,0.012406615013345893,0.9762269740455023,a18
Sage 2.3.0rc1,rho,6,0.9311607654657775,0.31924510883912494,0.7386056353080663,-0.16703538248352345,0.9894232197278704,a18
Sage 2.3.0rc1,RMSE,9,1.6096707801606214,0.20720868403344692,1.7113545119015674,1.3004341581355585,2.1064823380219457,a19
Sage 2.3.0rc1,MUE,9,1.5928555356533842,0.21358056307899928,1.5962774070553178,1.1782454765810153,2.030094789818195,a19
Sage 2.3.0rc1,MSE,9,1.3470141179756876,0.3646115308695017,1.3387900898260983,0.5408708708472396,1.932397981884471,a19
Sage 2.3.0rc1,R2,9,0.9484148079987847,0.29130062487047925,0.6086259208882439,0.01509518113823672,0.9481056796517842,a19
Sage 2.3.0rc1,rho,9,0.9738659086336193,0.2620350151428289,0.7379032017141189,-0.012857803555257596,0.9707712538023704,a19
Sage 2.3.0rc1,RMSE,3,1.598248822870703,0.41481734286576666,1.6468882647977305,0.7956598766828354,2.4113691250784113,a20
Sage 2.3.0rc1,MUE,3,1.517491649625196,0.4120472067905142,1.5371801621884402,0.7637367824203363,2.3658213979684146,a20
Sage 2.3.0rc1,MSE,3,0.9730521344758092,0.7992799817673285,0.9946879749000855,-0.5709578475422115,2.3613811582926294,a20
Sage 2.3.0rc1,R2,3,0.962291415549784,0.18975577245095143,0.9197008600811266,0.15736057685704524,0.9999883399542452,a20
Sage 2.3.0rc1,rho,3,0.980964533278234,0.4013414649193514,0.8775560188939172,-0.7936529604560905,0.999992154706035,a20
Sage 2.3.0rc1,RMSE,8,0.9957901919311767,0.25769804739370195,1.1127705102152963,0.6307368077709056,1.6103842446526366,a21
Sage 2.3.0rc1,MUE,8,0.8303895706944641,0.22967846286258892,0.9451735732851455,0.5191506827359438,1.4356285801482782,a21
Sage 2.3.0rc1,MSE,8,0.40215369557212644,0.3769643418925287,0.3988385024768689,-0.3338514336742995,1.1330887614605425,a21
Sage 2.3.0rc1,R2,8,0.9784678848321207,0.12394130989829577,0.9300715083562309,0.6321499996821129,0.9955742486865469,a21
Sage 2.3.0rc1,rho,8,0.9891753559567287,0.13253350915113574,0.9500728238844952,0.6884021601648425,0.9977153136698593,a21
Sage 2.3.0rc1,RMSE,6,1.0185542742182703,0.2597089100821055,1.1473546130339303,0.6517571945013952,1.653038210834573,a22
Sage 2.3.0rc1,MUE,6,0.9568703125229132,0.2530882939737228,1.0002157061455277,0.5539513377728206,1.5407018336892813,a22
Sage 2.3.0rc1,MSE,6,0.426397132533989,0.46428426072222445,0.4427339943620576,-0.5177865375146516,1.3362723113784396,a22
Sage 2.3.0rc1,R2,6,0.8574757270770351,0.26994658486163786,0.3666350795816102,0.0021800654011051297,0.8944794506712604,a22
Sage 2.3.0rc1,rho,6,0.9259998526333767,0.38865969715701126,0.45775841099523606,-0.5463467267711433,0.9447319429775426,a22
Sage 2.3.0rc1,RMSE,14,1.775015322433956,0.4664122051429023,1.764273874177394,0.8274483687904449,2.6278152539913338,a28
Sage 2.3.0rc1,MUE,14,1.1229863649106107,0.3608202136270724,1.2937113191945795,0.6726627750463253,2.0891877214494,a28
Sage 2.3.0rc1,MSE,14,-0.49403432980572093,0.4762490332903201,-0.5017905691161466,-1.4978310978488663,0.33804320507381747,a28
Sage 2.3.0rc1,R2,14,0.8196487950084603,0.15953431354215378,0.7377675022720273,0.26570365322643763,0.93997890488951,a28
Sage 2.3.0rc1,rho,14,0.90534457252941,0.12349792259273211,0.8483912565199268,0.5192856719182332,0.969433101941979,a28
Sage 2.3.0rc1,RMSE,87,1.1682206366822705,0.12725705179209632,1.3010728656161992,1.0771487553974892,1.5682480002009775,a28a
Sage 2.3.0rc1,MUE,87,0.9073172798825336,0.08994644439308398,1.0132937138911724,0.8466369815728636,1.20122713013556,a28a
Sage 2.3.0rc1,MSE,87,0.3458849548841556,0.13277755943055064,0.34275526231852327,0.05907636070785408,0.5969868719054139,a28a
Sage 2.3.0rc1,R2,87,0.8865287026046733,0.03809093054682222,0.8525322660552234,0.7716359079495533,0.9208038582778177,a28a
Sage 2.3.0rc1,rho,87,0.9415565318156279,0.0209147235291792,0.9239862095645777,0.8778244649818896,0.9592546355061351,a28a
Sage 2.3.0rc1,RMSE,3,0.8499108160578375,0.26801583515825234,0.9553156235083106,0.41920979198333436,1.5069101809631211,a34
Sage 2.3.0rc1,MUE,3,0.759244590837239,0.2724242702290615,0.8696121455079272,0.3242424712677772,1.3902653208036757,a34
Sage 2.3.0rc1,MSE,3,0.5936287519473528,0.4541032794139669,0.5967248876129226,-0.3675485656153145,1.3654249595828098,a34
Sage 2.3.0rc1,R2,3,0.8321050386806697,0.3594854349851424,0.5580549402325005,0.0022165234870341445,0.999648499314286,a34
Sage 2.3.0rc1,rho,3,-0.9121979163978999,0.6966552062939777,-0.25219429268477256,-0.9994150682078611,0.9956221263363854,a34
Sage 2.3.0rc1,RMSE,28,1.099316948868217,0.13472862674762123,1.2337675154729228,0.9804166975480388,1.5044200313717084,t1
Sage 2.3.0rc1,MUE,28,0.9535681360575895,0.12563317240393918,1.0463321147281097,0.8126599351613081,1.2876694652728076,t1
Sage 2.3.0rc1,MSE,28,0.7457633847054753,0.18442541611853902,0.7491510345716501,0.3764500266784689,1.1104081661196785,t1
Sage 2.3.0rc1,R2,28,0.7914567239429983,0.14659977571101163,0.6734454029613787,0.2962297598959632,0.8667704955133984,t1
Sage 2.3.0rc1,rho,28,0.8896385355541868,0.08694812111626113,0.8167769967593379,0.5968211588395899,0.928515541200399,t1
Sage 2.3.0rc1,RMSE,17,0.9544182878098034,0.18288703305377854,1.0979482872027333,0.7702056138180512,1.4635878625399135,t2
Sage 2.3.0rc1,MUE,17,0.7557508459047468,0.1640966522295745,0.8703295834271767,0.5635625895082529,1.2212896837225538,t2
Sage 2.3.0rc1,MSE,17,0.6299755895776515,0.2224755082872925,0.6150746602770749,0.20294326978309296,1.0931350233354018,t2
Sage 2.3.0rc1,R2,17,0.9263641407423355,0.09753574888813289,0.8676656205557858,0.6410097086158137,0.9613710191535074,t2
Sage 2.3.0rc1,rho,17,0.9624781248123696,0.06366068658468511,0.9310193034395449,0.8318092675257355,0.9805141615731512,t2
Sage 2.3.0rc1,RMSE,39,1.284496032365125,0.2223272832231667,1.3808317819176252,1.0031394403123257,1.859810131936817,t3
Sage 2.3.0rc1,MUE,39,0.9970190594175028,0.13641666189855056,1.0833439262749576,0.8426335556751792,1.3635893262117003,t3
Sage 2.3.0rc1,MSE,39,0.5972244520348076,0.1988049220886855,0.5991271687706325,0.16821699133034837,0.9410508602078318,t3
Sage 2.3.0rc1,R2,39,0.8585824017529209,0.05752570607842007,0.8367349403273779,0.7156001333467886,0.9365037615309919,t3
Sage 2.3.0rc1,rho,39,0.9265972165687317,0.03235943815743473,0.911977314797354,0.8419308506431415,0.9660840362103803,t3
Sage 2.3.0rc1,RMSE,27,0.9955583522281156,0.14233451375443756,1.140625351746785,0.8765311542492924,1.4183614436885446,t4
Sage 2.3.0rc1,MUE,27,0.8330210834436552,0.13029881893836287,0.9222418327709474,0.6754200232378045,1.1858060109934982,t4
Sage 2.3.0rc1,MSE,27,0.7538292553858544,0.16007592354366754,0.7536393776021653,0.4456351766563944,1.0657339504791454,t4
Sage 2.3.0rc1,R2,27,0.9312620453776104,0.06817478511142272,0.8722951587226276,0.6963247852891503,0.951032221499564,t4
Sage 2.3.0rc1,rho,27,0.9650191943052792,0.04061750369453604,0.9318815368341791,0.8363326963491855,0.974376806762147,t4
Sage 2.3.0rc1,RMSE,3,1.2269817439955963,0.30562164610972725,1.3052597696415704,0.7295241093697459,1.9174962360512406,t5
Sage 2.3.0rc1,MUE,3,1.214445231109863,0.32170744443341276,1.243369171580829,0.606788129439877,1.9083379972024888,t5
Sage 2.3.0rc1,MSE,3,1.214445231109863,0.32457448977266107,1.2199644694674543,0.600362724252231,1.8806725391739427,t5
Sage 2.3.0rc1,R2,3,0.9992737958791518,0.22758743558458772,0.8762721193799877,0.04793192579847009,0.999896633900183,t5
Sage 2.3.0rc1,rho,3,0.9996368319940755,0.3656645377845528,0.8749784995975933,-0.6771813549825951,0.9999757655108917,t5
Sage 2.3.0rc1,RMSE,16,1.5825811036292345,0.39241781833687506,1.635288679472696,0.976722412304011,2.45860878088025,t9
Sage 2.3.0rc1,MUE,16,1.203247357110926,0.26635956902640284,1.2701663494773952,0.8110985088444682,1.8344331709222728,t9
Sage 2.3.0rc1,MSE,16,0.5522858782074218,0.3979792126456302,0.5530701553127867,-0.32646177544445787,1.1885353016622402,t9
Sage 2.3.0rc1,R2,16,0.6698024004126897,0.13101618857347935,0.6663432387574771,0.4032241914854985,0.9082643704404141,t9
Sage 2.3.0rc1,rho,16,0.8184145651274113,0.07903479127717215,0.8100667254819705,0.6543595482428427,0.9511615326654965,t9
Sage 2.3.0rc1,RMSE,20,0.6403005025005293,0.13059957881189266,0.8591445659817755,0.6220167183527421,1.1272680479989812,t17
Sage 2.3.0rc1,MUE,20,0.5320171258071459,0.11228977574435295,0.7004777087958503,0.4997120736569802,0.9435983322155448,t17
Sage 2.3.0rc1,MSE,20,0.3209115487853897,0.1814678322630535,0.3136677132374126,-0.06288544533610615,0.6520460923702027,t17
Sage 2.3.0rc1,R2,20,0.9328451436735155,0.12294493379441865,0.8417569185138694,0.4688670390934001,0.950670905285699,t17
Sage 2.3.0rc1,rho,20,0.9658390878782636,0.10420126063921938,0.9069536454513233,0.5921196246971397,0.9753902843740903,t17
Sage 2.3.0rc1,RMSE,10,0.7676457713796727,0.22209656896885993,0.9023204863879496,0.48384400697586116,1.3572883810029002,t17a
Sage 2.3.0rc1,MUE,10,0.6260737536373688,0.17994113825928246,0.7251102422555323,0.39048726666947686,1.090405814326473,t17a
Sage 2.3.0rc1,MSE,10,0.04795857624173015,0.2956528714364481,0.04759155686070264,-0.5169811122754931,0.631629620094823,t17a
Sage 2.3.0rc1,R2,10,0.7920111533567079,0.23768489775856197,0.6293053537699006,0.03678329066375405,0.9340863854903124,t17a
Sage 2.3.0rc1,rho,10,0.8899500847557169,0.20156884403124725,0.7741144031739815,0.21892911145724328,0.9699036929359666,t17a
Sage 2.3.0rc1,RMSE,11,0.6082929030374166,0.15021529805186987,0.8214233538981056,0.5459240628912776,1.143672005159696,t18
Sage 2.3.0rc1,MUE,11,0.548260310456108,0.1409078148198717,0.693357763784307,0.4464506157827939,0.9879745364937338,t18
Sage 2.3.0rc1,MSE,11,0.381343361319132,0.22748040863086438,0.3825630102222622,-0.09361908323001114,0.8091815548907086,t18
Sage 2.3.0rc1,R2,11,0.902769439602626,0.27873605645095684,0.6662773163286106,0.02297868819751838,0.9544646955570227,t18
Sage 2.3.0rc1,rho,11,0.9501417997344532,0.4003308284593414,0.7051670529587754,-0.47698556946800375,0.9763443062435522,t18
Sage 2.3.0rc1,RMSE,17,0.5856486789094851,0.1545893121966471,0.8089017056126022,0.5256098098551946,1.1293877436958792,t19
Sage 2.3.0rc1,MUE,17,0.47046385658302253,0.1251885934993757,0.6637363377172633,0.43515760239541806,0.9179390562173242,t19
Sage 2.3.0rc1,MSE,17,0.22210435420448593,0.18956890802806045,0.21059939036183914,-0.14893728025710729,0.5778034346682495,t19
Sage 2.3.0rc1,R2,17,0.9071792054363135,0.3325532107217546,0.6110783267446996,0.0026072677702774654,0.950798761638771,t19
Sage 2.3.0rc1,rho,17,0.9524595558008296,0.30454163759416825,0.7339591912125614,-0.04429445187347024,0.9740765010321462,t19
Sage 2.3.0rc1,RMSE,3,0.8886244600889954,0.32881017295472087,1.043580224196097,0.39355986488506584,1.6988265795610393,t20
Sage 2.3.0rc1,MUE,3,0.8808189847438443,0.32136897331353487,0.930267106077865,0.3746721659140735,1.6031433185626895,t20
Sage 2.3.0rc1,MSE,3,0.8808189847438443,0.36296271916230305,0.8783357700824734,0.1771430859640372,1.5775024580172012,t20
Sage 2.3.0rc1,R2,3,0.9999026914818927,0.30883060347088503,0.8242813043627913,0.015340319267331632,0.9999704240670467,t20
Sage 2.3.0rc1,rho,3,0.9999513445572701,0.6073798944211072,0.6780337415095518,-0.9738397993646682,0.9999888179188287,t20
Sage 2.3.0rc1,RMSE,30,0.8471038576369226,0.15912861796313651,1.061859754867096,0.7695120572153387,1.3981120418897703,t44
Sage 2.3.0rc1,MUE,30,0.6991620038331985,0.12254720381232194,0.8300055536755628,0.6074476758285152,1.077369222281375,t44
Sage 2.3.0rc1,MSE,30,-0.16262802927595818,0.19488234364602847,-0.14979163043733817,-0.5263512876233648,0.23016925904095312,t44
Sage 2.3.0rc1,R2,30,0.903233339926339,0.05945916601164223,0.8413270525301915,0.6871884103840533,0.9264815539403831,t44
Sage 2.3.0rc1,rho,30,0.9503858900080211,0.03262118935211327,0.9157491882347978,0.8396235371583599,0.9630832353653491,t44
Sage 2.3.0rc1,RMSE,6,1.0406746295858542,0.26222217081684673,1.1430340422508785,0.6546575945668681,1.6882990773210016,t45
Sage 2.3.0rc1,MUE,6,0.9699098326735069,0.24321743618049457,0.9996418755680975,0.5542447436558402,1.5161114489334195,t45
Sage 2.3.0rc1,MSE,6,0.9699098326735069,0.26324615112013944,0.9715030177238001,0.4473942787324788,1.5093591782165603,t45
Sage 2.3.0rc1,R2,6,0.9993896197817949,0.04533894793388019,0.9842590087855931,0.9241125521615395,0.9995275784125747,t45
Sage 2.3.0rc1,rho,6,0.999694763306178,0.059958949748931616,0.990152057730754,0.9623597594141756,0.999741386846229,t45
Sage 2.3.0rc1,RMSE,7,1.1962741156473644,0.36223595038584516,1.450711927034653,0.8156791913115932,2.30485034015403,t47
Sage 2.3.0rc1,MUE,7,1.1037695987488327,0.2874129031307275,1.2459863886451368,0.7461472897737282,1.8762727079693633,t47
Sage 2.3.0rc1,MSE,7,-0.3467369460502976,0.5292383637847067,-0.36916717717202213,-1.3812566661964607,0.6531923648062382,t47
Sage 2.3.0rc1,R2,7,0.9650031132610462,0.10912968078008316,0.9106179079006093,0.6275852820645691,0.9963192723772232,t47
Sage 2.3.0rc1,rho,7,0.9823457198262967,0.12127353467814134,0.9478389326270922,0.8038329720871875,0.9978739061070632,t47
Sage 2.3.0rc1,RMSE,10,1.5328801022251664,0.21300266173372445,1.6353547694085755,1.224879652897421,2.059412797328692,t51
Sage 2.3.0rc1,MUE,10,1.4757427094663211,0.21565389890881792,1.4923279847482853,1.0726969355792129,1.9252477347365047,t51
Sage 2.3.0rc1,MSE,10,1.2544854335563942,0.3291307222721897,1.255324682059238,0.589249796570286,1.8668462484513875,t51
Sage 2.3.0rc1,R2,10,0.8485428698114589,0.2928318586049405,0.5766121335920695,0.012642856185891312,0.9249978038581171,t51
Sage 2.3.0rc1,rho,10,0.921163866970182,0.28407535716035354,0.70593239778437,-0.1332200264283172,0.9602592847238348,t51
Sage 2.3.0rc1,RMSE,4,1.6161105261488518,0.32858960339576665,1.6909719321401453,1.0095166130288649,2.319405591944355,t58a
Sage 2.3.0rc1,MUE,4,1.5845674908237948,0.3325223479412511,1.5940479765243991,0.9513910334913982,2.259072870245852,t58a
Sage 2.3.0rc1,MSE,4,1.0314243010489772,0.6904970168371226,1.0015985734395292,-0.493238940580524,2.155047741341292,t58a
Sage 2.3.0rc1,R2,4,0.9495047249810654,0.24684570351193735,0.7867832132848614,0.0594894865368663,0.9960468038444915,t58a
Sage 2.3.0rc1,rho,4,0.9744253306339411,0.2820919573108118,0.8513435546566245,-0.1770435213634785,0.9983131447390897,t58a
Sage 2.3.0rc1,RMSE,4,0.5026167449211183,0.26657288504042137,0.7499373330345924,0.2781658728136076,1.3249985137228948,t74
Sage 2.3.0rc1,MUE,4,0.42823587512233763,0.2341521622393435,0.6142314399873663,0.21404027377187207,1.1110940330762253,t74
Sage 2.3.0rc1,MSE,4,-0.42823587512233763,0.33493708826097424,-0.43102287537289075,-1.140272611262193,0.22321311352684048,t74
Sage 2.3.0rc1,R2,4,0.5120207061144934,0.31061519966579954,0.38878697131998047,0.0007457619946441328,0.9671693295202602,t74
Sage 2.3.0rc1,rho,4,0.7155562214910116,0.5419512716815568,0.32995443865545165,-0.8854777456820092,0.9780818639945635,t74
Sage 2.3.0rc1,RMSE,4,1.604946096693637,0.3254144207104329,1.6474575927258401,1.0113887407631952,2.2422997501292437,t75
Sage 2.3.0rc1,MUE,4,1.5514661099341887,0.342489631315394,1.5501694753614228,0.9561635807373801,2.280169115799347,t75
Sage 2.3.0rc1,MSE,4,1.5514661099341887,0.3308181667108673,1.5619499052079668,0.9553858436465648,2.2323489162686094,t75
Sage 2.3.0rc1,R2,4,0.9890648274594643,0.13621155166104157,0.9396165851898854,0.484453378201596,0.9995284460415752,t75
Sage 2.3.0rc1,rho,4,0.9945173841916812,0.16533555835151686,0.9577255559235849,0.7056558041352134,0.9998421466614544,t75
Sage 2.3.0rc1,RMSE,6,1.0185542742182703,0.27245206866954474,1.128196053999009,0.6058132573602261,1.6716484048660962,t84
Sage 2.3.0rc1,MUE,6,0.9568703125229132,0.25892244037690343,1.0074581373279758,0.525028719997147,1.5579061638629363,t84
Sage 2.3.0rc1,MSE,6,0.426397132533989,0.4423359453450371,0.4313919427703905,-0.4500112002258583,1.272762593816387,t84
Sage 2.3.0rc1,R2,6,0.8574757270770351,0.26822418418564586,0.36115629423370604,0.0012337421799297613,0.8642465043784213,t84
Sage 2.3.0rc1,rho,6,0.9259998526333767,0.3939981833352298,0.45844739982166666,-0.5934023624609217,0.9433932643031964,t84
Sage 2.3.0rc1,RMSE,6,1.0185542742182703,0.2634120176530242,1.1582570010031878,0.6599265344187816,1.6887703658954178,t85
Sage 2.3.0rc1,MUE,6,0.9568703125229132,0.254459050024535,0.9975365914595395,0.5193996231621812,1.523472440728953,t85
Sage 2.3.0rc1,MSE,6,0.426397132533989,0.46081869974112694,0.4117436557628768,-0.48127210170503926,1.2991077487273763,t85
Sage 2.3.0rc1,R2,6,0.8574757270770351,0.2585355243403202,0.3468821110281425,0.001111424343609416,0.8767957197487576,t85
Sage 2.3.0rc1,rho,6,0.9259998526333767,0.3886735884437837,0.45055727441724575,-0.5267285780287296,0.9358247360514964,t85
Sage 2.3.0rc1,RMSE,11,1.1492330953784258,0.16790275380833763,1.2799504811396358,0.9707774435039539,1.6183795659012417,t93
Sage 2.3.0rc1,MUE,11,1.1443608675613235,0.17135900832467285,1.1592139880232257,0.8340247252378764,1.5004230780704617,t93
Sage 2.3.0rc1,MSE,11,1.1443608675613235,0.17497273046125536,1.1510492813385917,0.8103264371771818,1.4888140884377699,t93
Sage 2.3.0rc1,R2,11,0.9947567783720196,0.23971451080648348,0.7449463490413132,0.02931407233381829,0.9631750922687118,t93
Sage 2.3.0rc1,rho,11,0.9973749437257883,0.20541641932774085,0.8408804535327965,0.23343460068689717,0.9851002633479854,t93
Sage 2.3.0rc1,RMSE,10,1.108745033587997,0.17322001706516332,1.2431459205219835,0.914589990972566,1.599794682747555,t94
Sage 2.3.0rc1,MUE,10,1.096397278970408,0.18405375031191284,1.1227436312561012,0.7714784569822465,1.502054944719717,t94
Sage 2.3.0rc1,MSE,10,1.096397278970408,0.1924798399956389,1.0929591527414129,0.7161802067936327,1.4641203905977136,t94
Sage 2.3.0rc1,R2,10,0.9877311195105491,0.2532518694448302,0.763422337889185,0.019288228028732923,0.9712737040839372,t94
Sage 2.3.0rc1,rho,10,0.9938466277603144,0.2445453076287139,0.8274497745225838,0.08894646526496658,0.9861540451876667,t94
Sage 2.3.0rc1,RMSE,14,1.775015322433956,0.4717247941439184,1.803648471972232,0.8259472345555657,2.703411188690202,t95
Sage 2.3.0rc1,MUE,14,1.1229863649106107,0.3533307064430251,1.2691701587788693,0.6665124680123029,2.0535258000300307,t95
Sage 2.3.0rc1,MSE,14,-0.49403432980572093,0.4833241443703568,-0.48107430694844094,-1.46810100594082,0.38967326414046266,t95
Sage 2.3.0rc1,R2,14,0.8196487950084603,0.15702780534441899,0.7469823052026138,0.3330397333632392,0.9457373804377129,t95
Sage 2.3.0rc1,rho,14,0.90534457252941,0.13373848877485214,0.8450031372840565,0.46909918574618736,0.9647188813349492,t95
Sage 2.3.0rc1,RMSE,3,1.4790311758057086,0.325744886430772,1.5481971967792183,0.9773696792665523,2.233861700209975,t96
Sage 2.3.0rc1,MUE,3,1.4675547485780758,0.331933909501431,1.4690294370691819,0.8456101150992476,2.1641380646888373,t96
Sage 2.3.0rc1,MSE,3,1.4675547485780758,0.3370578615181508,1.470548717802009,0.7808243254959302,2.115165509140466,t96
Sage 2.3.0rc1,R2,3,0.9980767573435065,0.22330935830314538,0.8634552171580502,0.0549249137276688,0.9999447076339569,t96
Sage 2.3.0rc1,rho,3,0.9990379158688152,0.3961665562473147,0.8419082773426589,-0.7622742536411022,0.9999643077925141,t96
Sage 2.3.0rc1,RMSE,3,0.1495344143649835,0.2404924350111105,0.5751128620018074,0.17466186009328402,1.0778981000323653,t97
Sage 2.3.0rc1,MUE,3,0.14080633979673488,0.2122498356795978,0.4898757027767293,0.15098206963837177,0.9501694558573005,t97
Sage 2.3.0rc1,MSE,3,-0.14080633979673488,0.3597464748885799,-0.14410849198936299,-0.8507775121449787,0.557241974045879,t97
Sage 2.3.0rc1,R2,3,0.9514190528145797,0.35892408569281176,0.5282160558046276,0.001629869596320634,0.999178510494455,t97
Sage 2.3.0rc1,rho,3,0.9754071215726181,0.7047457024018147,0.20229131053663657,-0.991857769363161,0.9984365853373416,t97
Sage 2.3.0rc1,RMSE,6,0.8889863454270838,0.476065563188785,1.1992252892209494,0.3908076013512214,2.188019775424975,t106
Sage 2.3.0rc1,MUE,6,0.6951358299930249,0.3574232157471633,0.8846568077973109,0.3053368987980744,1.6669643853884082,t106
Sage 2.3.0rc1,MSE,6,-0.6423901453692676,0.4480110475660258,-0.6527634454343257,-1.54763493409728,0.18083849143999334,t106
Sage 2.3.0rc1,R2,6,0.9413400646951183,0.24333401018471357,0.7387053449186083,0.039530352350333066,0.9848574952657251,t106
Sage 2.3.0rc1,rho,6,0.9702268109545924,0.24809210450257158,0.8183503875380838,0.05096382780574232,0.9921661584100817,t106
Sage 2.3.0rc1,RMSE,8,0.393706270184933,0.17044549964339534,0.6999547967762713,0.39450410798975655,1.0550912543622228,t107
Sage 2.3.0rc1,MUE,8,0.31093115475783406,0.1482230032056829,0.566241779574611,0.3034586316136064,0.8828038044240301,t107
Sage 2.3.0rc1,MSE,8,-0.31093115475783406,0.22366858796732209,-0.325537901669868,-0.7831924790451537,0.0974197915867735,t107
Sage 2.3.0rc1,R2,8,0.9299309364152196,0.25622987450738144,0.36762995805868626,0.0020232417004286173,0.8620342822652658,t107
Sage 2.3.0rc1,rho,8,0.9643292676338406,0.31189584958072347,0.5198201492649859,-0.2730791763844369,0.9046941419504775,t107
Sage 2.3.0rc1,RMSE,8,0.393706270184933,0.18577101043045638,0.7012597085407533,0.372984077873607,1.0962656651857599,t110
Sage 2.3.0rc1,MUE,8,0.31093115475783406,0.15084267736990836,0.567142146427773,0.27777977610629423,0.8713254551668462,t110
Sage 2.3.0rc1,MSE,8,-0.31093115475783406,0.2320312161240368,-0.30748128862409624,-0.7576870656364444,0.13627350047288744,t110
Sage 2.3.0rc1,R2,8,0.9299309364152196,0.2567179819643325,0.35333918758206345,0.0009059013567968786,0.8356988339452647,t110
Sage 2.3.0rc1,rho,8,0.9643292676338406,0.30474948248595407,0.5218795712257659,-0.2155126083655236,0.9183622895627239,t110
Sage 2.3.0rc1,RMSE,3,0.9566704323758936,0.27170963902485556,1.0297739811787665,0.485047028841314,1.586016956284554,t115
Sage 2.3.0rc1,MUE,3,0.9431708558647655,0.2724888879258519,0.9800957694043068,0.41916726276414124,1.51184391816133,t115
Sage 2.3.0rc1,MSE,3,0.9431708558647655,0.3072004957643483,0.9452887059720452,0.3095180595680075,1.5273392034188882,t115
Sage 2.3.0rc1,R2,3,0.980400700380965,0.3141767946849065,0.7411346467685319,0.0055423003882915465,0.9997545417359275,t115
Sage 2.3.0rc1,rho,3,0.9901518572324981,0.5905957751358026,0.6443811339617483,-0.9781014782852806,0.9999122063696531,t115
Sage 2.3.0rc1,RMSE,4,0.9027137756682874,0.20968017967408048,0.9744566919892407,0.5822375292783531,1.3981235969691512,t116
Sage 2.3.0rc1,MUE,4,0.8865975769806724,0.21785309406834136,0.9135897307758121,0.48952882370269657,1.3895973770296388,t116
Sage 2.3.0rc1,MSE,4,0.8865975769806724,0.23790955229619093,0.8996661442128352,0.3910293889277054,1.3573717724396166,t116
Sage 2.3.0rc1,R2,4,0.9585501051124993,0.31210194228599636,0.6741427454132755,0.011492772001446026,0.9935239958271986,t116
Sage 2.3.0rc1,rho,4,0.9790557211479334,0.4133556796964422,0.7123939516436713,-0.6355483787806262,0.9970165900266643,t116
Sage 2.3.0rc1,RMSE,47,0.8874614556776873,0.12469562687218078,1.0795424491155268,0.8409180965268369,1.3431306660525637,i1
Sage 2.3.0rc1,MUE,47,0.7397357350405537,0.09715313001123513,0.860827600932175,0.6783863590348378,1.0533922387411865,i1
Sage 2.3.0rc1,MSE,47,0.1844069836372986,0.15814857832248688,0.18140523758262175,-0.12275825999580683,0.4729422869909869,i1
Sage 2.3.0rc1,R2,47,0.9300119774647955,0.04352784894709086,0.890968604170036,0.7775422818277865,0.9501446748412893,i1
Sage 2.3.0rc1,rho,47,0.9643712861055103,0.02436597456141969,0.9417936487860759,0.875379164483845,0.9757081611043673,i1
Sage 2.3.0rc1,RMSE,8,0.393706270184933,0.1752587141035999,0.6967898242055082,0.3784344474533675,1.0484294399629732,i2
Sage 2.3.0rc1,MUE,8,0.31093115475783406,0.16004804249410998,0.5861442396206817,0.2925344793302165,0.9240619991483421,i2
Sage 2.3.0rc1,MSE,8,-0.31093115475783406,0.22536340507606512,-0.30838651188862515,-0.7463804967433535,0.12263993211185792,i2
Sage 2.3.0rc1,R2,8,0.9299309364152196,0.26300123753465227,0.3829190932998042,0.0016141439957120687,0.8712320879673644,i2
Sage 2.3.0rc1,rho,8,0.9643292676338406,0.3202480922428858,0.49431732579153925,-0.30104895312249663,0.9084762152976054,i2
Sage 2.3.0rc1,RMSE,9,1.1257849040803791,0.26160303264471385,1.2359913664415962,0.7363548085168083,1.7554694335080034,i4
Sage 2.3.0rc1,MUE,9,0.9136830596418315,0.24761913034445457,1.0322708659860138,0.573995263632295,1.5279985760477575,i4
Sage 2.3.0rc1,MSE,9,0.5330289484219759,0.3868831247127055,0.5176824080241071,-0.25017756541039327,1.2921602292637484,i4
Sage 2.3.0rc1,R2,9,0.9619171699898001,0.13188749772831077,0.8985692567502652,0.5136463634114846,0.9923442524270644,i4
Sage 2.3.0rc1,rho,9,0.9807737608591496,0.09580009524156977,0.9459954205455781,0.7268958213578045,0.9967853098039737,i4
Sage 2.3.0rc1,RMSE,52,1.1508159856302642,0.18354266151707818,1.2698832890973066,0.9496417493562365,1.6382727539978237,n2
Sage 2.3.0rc1,MUE,52,0.867049686434918,0.11990972381258583,0.9639756573642755,0.7469400633605585,1.2146689706143547,n2
Sage 2.3.0rc1,MSE,52,0.49063028377978024,0.17177481171269215,0.4983010945848696,0.14093719497272275,0.8159731115932451,n2
Sage 2.3.0rc1,R2,52,0.8615691707108917,0.0496116837265663,0.8297541131329534,0.7269551919421292,0.9149244667164227,n2
Sage 2.3.0rc1,rho,52,0.9282075041233461,0.027493495228202804,0.9090946213344407,0.8470109032670534,0.9571995473003441,n2
Sage 2.3.0rc1,RMSE,39,1.4991650502507738,0.20605210405140204,1.5895072399986665,1.1941828619583132,2.0209038775491943,n3
Sage 2.3.0rc1,MUE,39,1.214206715816647,0.14677706671963356,1.2825758799246139,1.0262100727758776,1.6035258182945686,n3
Sage 2.3.0rc1,MSE,39,0.535125150930081,0.24098083195102168,0.5224335632844482,0.009853875144911829,0.9707180239883073,n3
Sage 2.3.0rc1,R2,39,0.712546764156235,0.07682968461470482,0.6587477965352209,0.49531413608063674,0.7910478226331165,n3
Sage 2.3.0rc1,rho,39,0.8441248510476604,0.050376322440328476,0.8070391493918296,0.690193325620527,0.886098973262948,n3
Sage 2.3.0rc1,RMSE,33,0.8440375587511423,0.15024052824395823,1.0511730984987593,0.7800682219691113,1.3777716508222362,n7
Sage 2.3.0rc1,MUE,33,0.7100042235683266,0.11413907382157897,0.834206065546241,0.6346352640190981,1.0803623873680006,n7
Sage 2.3.0rc1,MSE,33,0.023008408012533964,0.18061781932609933,0.02084540576095607,-0.33994400370892436,0.36669600653736883,n7
Sage 2.3.0rc1,R2,33,0.9258452655224535,0.043552230089042625,0.8768941974519298,0.7724167872440169,0.9415570917428924,n7
Sage 2.3.0rc1,rho,33,0.9622085353614637,0.024699954447204197,0.9349337626489378,0.874111611676949,0.9699604295257241,n7
Sage 2.3.0rc1,RMSE,15,1.0130012701088116,0.2314612037807695,1.2437674518098336,0.8425353579367106,1.7716637115005507,n8
Sage 2.3.0rc1,MUE,15,0.8824591901045867,0.18572980903010936,1.0223565349853043,0.6795167821124793,1.3846862162924913,n8
Sage 2.3.0rc1,MSE,15,0.16521347339453746,0.312254583672006,0.1639419057222178,-0.4699049932660022,0.7447206972515175,n8
Sage 2.3.0rc1,R2,15,0.9368719660983056,0.09668658554225586,0.888431645982778,0.6533550527651578,0.9766436676159292,n8
Sage 2.3.0rc1,rho,15,0.9679214669064351,0.05871583755735537,0.9382869235333435,0.7681424033089773,0.9879004921592339,n8
Sage 2.3.0rc1,RMSE,17,1.3558618929170168,0.16682972305248958,1.4651454138372932,1.1272684918998506,1.8009510087403986,n11
Sage 2.3.0rc1,MUE,17,1.2340480227315396,0.17283575297580947,1.2944361939332696,0.9736722369196866,1.6544908458807315,n11
Sage 2.3.0rc1,MSE,17,0.9023739191975411,0.28193023470343975,0.9048774956195439,0.3282083991119618,1.4503347554362809,n11
Sage 2.3.0rc1,R2,17,0.9220362216132183,0.11545341984824133,0.8551826937944668,0.5575821421964968,0.9703146685928863,n11
Sage 2.3.0rc1,rho,17,0.9602271718782064,0.07485703240264534,0.9217414576849472,0.7487981308910361,0.9846629055126354,n11
Sage 2.3.0rc1,RMSE,18,1.0476135567301672,0.19304894365546066,1.2451101221002354,0.8927643915237001,1.6438365368963554,n12
Sage 2.3.0rc1,MUE,18,0.9697339844082222,0.16989497072094137,1.0522158495930645,0.7229445818585547,1.4181133741748364,n12
Sage 2.3.0rc1,MSE,18,0.5238919926207913,0.28506456827275295,0.4995541687261395,-0.07376380110083436,1.0211844757779052,n12
Sage 2.3.0rc1,R2,18,0.9066236789950649,0.11129115235688872,0.7761536597442095,0.4929023414084389,0.9199522787363414,n12
Sage 2.3.0rc1,rho,18,0.9521678838288263,0.06693544144136816,0.8758342536686223,0.7023152202299461,0.9584865852308838,n12
Sage 2.3.0rc1,RMSE,3,0.8499108160578375,0.27616671142038607,0.9558368217804486,0.40199436505718444,1.4818650906444304,n13
Sage 2.3.0rc1,MUE,3,0.759244590837239,0.2773979530857029,0.876473613149468,0.3299042085157154,1.4150910419961866,n13
Sage 2.3.0rc1,MSE,3,0.5936287519473528,0.4364241912414561,0.5926774864770762,-0.33357420223588036,1.3467075417401417,n13
Sage 2.3.0rc1,R2,3,0.8321050386806697,0.35509156376223344,0.5657026984006107,0.004127847003834162,0.9990257754027883,n13
Sage 2.3.0rc1,rho,3,-0.9121979163978999,0.6907013726281004,-0.24645817018790805,-0.9987752512933901,0.9961755593280537,n13
Sage 2.3.0rc1,RMSE,54,0.8328540456177618,0.1072251652170777,1.0326106884946955,0.8378377310690273,1.2653066721698072,n14
Sage 2.3.0rc1,MUE,54,0.6733466608269887,0.08854573150707379,0.8224436399398906,0.6590342440182918,0.9982159409418309,n14
Sage 2.3.0rc1,MSE,54,0.13099977950373465,0.14421289131766893,0.12835949951478545,-0.16914181135690884,0.4145595062776287,n14
Sage 2.3.0rc1,R2,54,0.9299384044723329,0.04389605698116422,0.8869953243125043,0.7838509550955349,0.9497040060549513,n14
Sage 2.3.0rc1,rho,54,0.9643331397770861,0.02331676702410878,0.9412521839338123,0.8872321300758316,0.9734700133549521,n14
Sage 2.3.0rc1,RMSE,67,1.230416122596041,0.15410172977349043,1.3469829074458695,1.0794503721028026,1.6607695003426766,n16
Sage 2.3.0rc1,MUE,67,0.956869131189973,0.10324048725691866,1.042212737697621,0.8528257976972032,1.2548120818578847,n16
Sage 2.3.0rc1,MSE,67,0.45983683164572153,0.1562736144644004,0.4706464835731406,0.15573965705948317,0.7488361919164012,n16
Sage 2.3.0rc1,R2,67,0.8493497250964889,0.044602150828923895,0.8130989869571671,0.711850073168104,0.8914200038343744,n16
Sage 2.3.0rc1,rho,67,0.9216017171731447,0.02511322911699662,0.9010257594561429,0.8425551258552574,0.9423818361876924,n16
Sage 2.3.0rc1,RMSE,28,1.4101960062140453,0.3041180731562353,1.5327159733552198,0.9374734911634383,2.1252096103317637,n17
Sage 2.3.0rc1,MUE,28,0.9293341987582043,0.21419981351399628,1.1018553384804461,0.7324314006977579,1.5614221278510956,n17
Sage 2.3.0rc1,MSE,28,-0.1576314019349805,0.301188309337782,-0.178881191635167,-0.7798677222274382,0.3576384215183546,n17
Sage 2.3.0rc1,R2,28,0.8640501610769121,0.062633364097844,0.8359410754768806,0.7045917481020241,0.9482186950688734,n17
Sage 2.3.0rc1,rho,28,0.9295429850614291,0.03499188382166405,0.913313087206666,0.8328173922747988,0.9717568823916182,n17
Sage 2.3.0rc1,RMSE,14,1.775015322433956,0.46307357847416847,1.784945802070241,0.8638736303179833,2.7058684655537344,n18
Sage 2.3.0rc1,MUE,14,1.1229863649106107,0.3643518780496907,1.285089221518868,0.6269802545638087,2.0054702036989984,n18
Sage 2.3.0rc1,MSE,14,-0.49403432980572093,0.4679944751159397,-0.47131044904464486,-1.5222507101116174,0.38051902583522595,n18
Sage 2.3.0rc1,R2,14,0.8196487950084603,0.14687433657372492,0.7463495397658028,0.316406269702445,0.9380748683948305,n18
Sage 2.3.0rc1,rho,14,0.90534457252941,0.135964105627704,0.8428545769989361,0.4371928899628799,0.9718293368115983,n18
Sage 2.3.0rc1,RMSE,18,1.0476135567301672,0.19730414937294555,1.2665481323891628,0.9113829197826017,1.6798104170823056,n19
Sage 2.3.0rc1,MUE,18,0.9697339844082222,0.16365878387692187,1.0455530524851828,0.7473220582027834,1.3832790282943128,n19
Sage 2.3.0rc1,MSE,18,0.5238919926207913,0.2784858352059548,0.5121245028032321,-0.05309309711239028,1.0231248139272964,n19
Sage 2.3.0rc1,R2,18,0.9066236789950649,0.10787225953093549,0.7746060402981803,0.5209246719806325,0.9192569365530271,n19
Sage 2.3.0rc1,rho,18,0.9521678838288263,0.07013498509999565,0.876770708756918,0.6984633883376987,0.9587642287310439,n19
Sage 2.3.0rc1,RMSE,26,1.264925130113971,0.1417280663576888,1.3875669160552713,1.1008208724275736,1.6646314563286522,n20
Sage 2.3.0rc1,MUE,26,1.131121562105494,0.14619091399773876,1.186593457649592,0.907305182410009,1.468264909112071,n20
Sage 2.3.0rc1,MSE,26,0.7918408374896664,0.2226716534454316,0.8016022354121783,0.3591420844268315,1.2491500074351047,n20
Sage 2.3.0rc1,R2,26,0.8974389280172835,0.13179286430766718,0.813143849521146,0.4491626461130582,0.9510201395559177,n20
Sage 2.3.0rc1,rho,26,0.9473325329667946,0.07315433869137339,0.902111774728809,0.7109764843981403,0.9750139566943086,n20
Sage 2.3.0rc1,RMSE,5,0.8150193871105622,0.2053308964084052,0.908744072642631,0.5053844325254989,1.3417141514140727,n21
Sage 2.3.0rc1,MUE,5,0.7589628132515038,0.205309689047246,0.8360038228058666,0.45548605563852396,1.2429051619679439,n21
Sage 2.3.0rc1,MSE,5,0.659593309917572,0.30792820715045804,0.6551427290532207,-0.011823274324915945,1.212940678327606,n21
Sage 2.3.0rc1,R2,5,0.5752486816984614,0.304909858704054,0.5003795049527974,0.004461287180968864,0.9702962971138404,n21
Sage 2.3.0rc1,rho,5,0.7584515025355687,0.5022101778950278,0.48949782251012075,-0.7418737670723319,0.9791677129376739,n21
Sage 2.3.0rc1,RMSE,4,1.1847938799920485,0.36586497639923204,1.3163581888442832,0.571731627203549,1.9932613425345032,n25
Sage 2.3.0rc1,MUE,4,1.033990179542363,0.35610952686198566,1.1311294102023204,0.4810482055542256,1.8705650176360127,n25
Sage 2.3.0rc1,MSE,4,0.6598987749909936,0.5717300127250955,0.6976341723960459,-0.476228381450321,1.774344428546363,n25
Sage 2.3.0rc1,R2,4,0.981318486098841,0.17234637912649228,0.9256863787843304,0.17296388974504392,0.9996782341817905,n25
Sage 2.3.0rc1,rho,4,0.9906152058689797,0.3836900599930723,0.8851883263147379,-0.7805235178015051,0.9998673019096843,n25
Sage 2.3.0rc1,RMSE,87,1.1682206366822705,0.1300621594392544,1.3098932854967849,1.070101453399776,1.575362123069625,n-tip3p-O
Sage 2.3.0rc1,MUE,87,0.9073172798825336,0.08691966755333347,1.0142947748919944,0.853547528126969,1.1929215292513375,n-tip3p-O
Sage 2.3.0rc1,MSE,87,0.3458849548841556,0.13369812008123771,0.34736790150833746,0.046335432049730355,0.6056468384623908,n-tip3p-O
Sage 2.3.0rc1,R2,87,0.8865287026046733,0.03841606004520419,0.8522466834739525,0.7705142189365272,0.9190436076511297,n-tip3p-O
Sage 2.3.0rc1,rho,87,0.9415565318156279,0.020875576014985193,0.9233134729231692,0.8779732080976432,0.9589297437174809,n-tip3p-O
Sage 2.3.0rc1,RMSE,87,1.1682206366822705,0.12730889988787242,1.3005774012189677,1.0598061323413865,1.5587596755981532,n-tip3p-H
Sage 2.3.0rc1,MUE,87,0.9073172798825336,0.08941947834734756,1.011618974337964,0.8471827219774368,1.1879712472762691,n-tip3p-H
Sage 2.3.0rc1,MSE,87,0.3458849548841556,0.1339874564067122,0.3491992169083182,0.0840342022429412,0.6076683411877117,n-tip3p-H
Sage 2.3.0rc1,R2,87,0.8865287026046733,0.03820161908420712,0.8522631454023903,0.7746584124934844,0.9171251191118198,n-tip3p-H
Sage 2.3.0rc1,rho,87,0.9415565318156279,0.0203079771603351,0.9244459750817807,0.8761340719222811,0.9602661428335731,n-tip3p-H
